MonthsActive,AvgOrderValue,NumOrdersLastQuarter,DaysSinceLastOrder,SupportTicketsFiled,Churned
7,34.12,7,8,2,0
45,23.38,3,57,1,0
24,94.56,7,37,1,0
39,46.34,7,0,0,0
3,39.04,3,41,2,0
38,48.05,7,14,0,0
22,51.2,8,7,0,1
49,45.07,4,39,1,0
45,48.48,4,60,0,0
44,54.75,9,6,1,0
52,48.73,4,12,0,0
51,89.45,7,27,0,0
59,51.81,7,1,1,0
9,53.22,5,3,0,0
10,30.61,8,8,1,0
13,143.58,3,17,1,0
51,47.96,4,23,0,0
53,69.54,3,1,0,0
34,37.37,3,23,1,0
34,32.5,8,5,0,1
60,29.57,1,11,0,0
60,42.43,4,21,0,0
34,67.44,11,5,0,0
23,67.94,1,6,1,0
15,76.43,11,10,0,0
22,64.27,11,15,0,0
57,53.23,8,2,0,0
32,65.65,5,14,2,0
53,63.48,4,6,0,0
34,22.47,3,4,0,0
50,53.57,3,3,0,0
34,83.43,7,20,0,0
52,70.51,5,29,0,0
53,28.07,2,27,1,0
53,51.97,6,19,1,0
16,93.93,9,37,1,1
23,56.28,3,7,0,0
26,49.35,9,8,0,0
36,59.52,5,21,1,0
12,46.8,2,1,0,0
13,54.19,4,3,1,0
47,51.09,6,14,0,0
11,42.86,8,8,1,0
11,37.98,5,15,0,0
50,44.73,2,34,1,0
6,76.95,6,59,2,1
28,42.09,5,10,0,0
27,145.13,4,12,0,0
50,65.25,6,1,0,0
28,66.59,4,4,1,0
56,45.49,4,22,1,0
25,115.61,8,2,0,0
4,46.86,2,17,0,0
23,69.37,4,20,0,0
2,42.5,7,5,1,0
8,52.51,13,19,0,0
52,45.62,4,14,0,0
3,56.96,7,9,0,0
6,36.49,3,8,1,0
47,55.18,2,2,0,0
49,104.75,8,12,0,0
52,66.16,3,49,0,0
8,52.62,4,7,0,0
14,66.96,9,16,0,0
31,69.68,6,5,0,0
13,54.99,5,11,0,0
15,52.43,3,15,1,0
42,75.33,3,5,0,0
52,68.48,4,26,0,0
20,105.94,3,51,0,0
43,35.73,4,13,1,1
22,45.25,6,4,1,0
19,35.77,3,34,1,0
11,62.52,7,39,1,0
5,30.34,6,0,0,0
40,47.91,5,5,1,0
2,101.1,5,6,0,0
60,88.83,6,1,0,0
27,38.84,4,3,0,0
4,87.22,4,27,1,0
32,57.87,3,15,0,0
45,71.14,5,70,2,1
54,78.1,3,2,1,0
2,50.78,8,12,1,0
12,37.75,4,8,1,0
33,35.12,5,38,1,0
25,106.73,4,5,0,0
8,51.98,6,9,0,0
21,67.83,2,14,0,0
44,46.48,7,2,0,0
41,49.69,7,6,1,0
55,42.36,5,51,0,0
20,37.4,4,2,0,0
38,50.95,2,23,1,0
27,31.45,8,38,0,0
52,52.48,4,12,0,0
10,47.12,2,55,0,0
40,39.17,4,11,1,0
12,26.28,7,18,1,0
16,38.84,1,8,0,0
31,91.37,4,63,0,0
53,98.33,5,24,0,0
55,35.16,9,60,0,0
25,78.97,4,15,1,0
31,66.95,6,20,0,0
17,78.56,3,50,0,0
44,52.0,2,10,0,0
33,37.93,2,12,0,0
60,54.6,3,3,0,0
49,44.88,4,30,0,0
46,178.92,10,61,0,0
60,41.68,4,40,1,0
10,93.26,6,21,0,0
19,73.36,2,7,0,0
9,68.9,8,22,0,0
32,104.44,6,14,1,0
33,61.43,6,32,0,0
60,38.41,4,4,0,0
2,54.59,5,7,0,0
31,61.54,6,4,0,0
20,75.02,4,17,0,0
2,72.04,8,53,0,0
55,34.55,8,2,1,0
41,61.18,4,20,1,1
31,47.72,4,19,2,0
45,112.58,3,10,0,0
20,82.32,5,9,1,0
51,71.98,10,46,0,0
35,33.68,4,5,1,0
52,66.47,7,11,1,0
49,54.25,2,12,0,1
33,85.5,7,20,0,0
12,38.49,1,4,0,0
46,50.49,4,1,0,0
8,29.01,3,21,0,0
15,52.58,5,23,0,0
28,70.35,5,42,0,0
1,73.88,3,7,0,0
20,58.05,3,18,1,0
9,86.56,5,5,0,0
2,59.01,4,50,1,0
55,33.61,10,3,1,0
5,50.47,1,22,1,0
51,52.48,2,8,0,0
17,44.27,9,38,0,0
6,22.11,5,55,0,0
49,48.14,4,27,2,0
29,28.41,4,41,0,0
8,75.52,5,5,1,0
51,67.52,7,23,0,0
36,54.46,2,26,0,0
3,35.99,2,0,0,0
50,40.1,5,27,2,0
51,59.61,6,0,2,0
25,42.07,3,9,4,0
46,31.11,6,44,0,0
37,23.32,3,30,0,0
27,48.81,4,17,0,0
37,31.69,4,29,0,0
42,68.51,4,11,0,0
29,37.59,3,7,0,0
46,84.67,7,6,0,0
43,147.31,3,16,0,0
39,36.26,4,41,0,0
16,27.16,8,1,1,1
12,31.41,6,9,0,0
8,58.38,1,8,0,0
32,27.92,7,17,2,0
55,51.83,4,8,2,0
5,31.81,4,33,0,0
37,49.47,1,3,1,1
39,48.12,8,41,1,0
14,65.95,6,3,1,0
44,57.65,4,11,1,0
21,41.64,3,6,0,0
21,29.32,10,19,0,0
14,97.19,4,36,0,0
17,43.99,4,20,0,1
4,28.79,6,1,0,0
36,117.94,6,35,0,0
5,96.02,5,2,0,0
50,106.99,4,19,1,0
35,63.47,5,23,0,0
35,73.52,6,70,0,0
12,70.59,6,25,1,0
11,79.89,5,1,0,0
16,35.16,8,37,0,0
23,95.62,7,0,0,0
20,70.46,6,26,0,0
9,51.79,5,51,1,0
44,27.81,8,4,1,0
4,53.42,7,11,0,0
57,82.27,3,27,1,0
7,99.92,5,52,3,0
7,41.47,4,5,1,0
54,33.24,11,48,0,0
22,41.29,4,102,1,1
31,65.57,7,22,0,0
13,61.12,7,5,0,0
19,63.45,6,13,0,0
17,60.92,4,3,0,0
19,52.49,2,61,1,0
7,59.15,6,17,0,0
7,56.91,6,8,0,0
10,67.18,5,18,0,0
30,46.09,5,1,1,0
57,38.15,6,12,0,0
55,34.87,5,40,0,0
30,34.7,4,11,0,0
26,68.45,3,23,1,0
36,69.18,3,45,0,0
30,62.4,6,24,1,0
51,90.84,5,5,1,0
2,94.54,2,40,0,0
28,114.56,4,3,0,0
6,106.84,4,39,0,1
50,46.71,9,13,1,0
4,49.6,4,18,0,0
19,36.85,9,10,0,0
30,32.4,6,33,1,0
54,34.62,8,39,0,0
27,82.34,5,96,0,0
37,55.61,7,34,0,0
1,53.77,7,1,0,0
17,41.81,4,11,2,0
55,75.87,2,57,0,0
15,21.64,5,57,1,1
38,41.64,3,3,0,0
33,59.47,7,13,0,0
21,65.0,6,5,0,0
3,43.4,6,20,0,0
27,47.34,4,5,0,0
34,36.79,3,1,0,0
60,67.13,3,5,0,0
44,60.64,5,41,2,0
29,48.57,8,1,1,0
22,50.91,5,1,0,0
48,62.94,3,44,0,0
57,39.2,4,9,0,0
25,63.09,5,1,0,0
25,84.05,8,20,0,0
32,52.82,4,14,2,0
22,70.37,6,12,0,0
43,50.83,4,1,0,0
36,96.56,3,33,0,1
17,54.89,4,79,1,0
17,93.73,5,16,0,0
52,47.94,2,57,2,0
15,43.74,4,34,0,1
18,82.33,7,15,2,0
52,86.19,4,1,0,0
46,75.67,6,7,0,0
8,93.12,6,6,2,0
47,26.11,7,1,0,0
8,44.13,3,13,0,0
3,45.28,5,16,1,0
40,38.06,7,1,1,0
27,56.29,6,55,0,0
1,50.22,9,65,0,0
53,49.66,7,12,0,0
34,45.97,3,2,0,0
55,58.71,2,4,0,0
7,41.86,6,36,0,1
14,55.34,2,10,2,0
57,79.85,7,6,1,0
36,70.39,4,49,0,0
10,62.57,6,8,2,0
10,116.56,3,4,0,0
29,26.7,4,14,1,0
48,59.51,1,17,0,0
28,30.93,6,44,0,0
7,61.07,6,4,0,0
17,75.14,3,37,1,0
54,58.18,2,72,0,1
47,28.98,3,5,3,0
46,101.03,5,15,1,0
22,29.85,6,44,0,0
29,40.42,4,11,0,0
18,87.67,3,3,0,0
34,60.25,9,7,0,0
15,22.63,5,25,0,0
31,56.39,4,38,0,0
33,61.94,7,27,0,0
12,80.51,5,0,0,0
23,84.79,6,8,0,0
26,70.96,5,13,0,0
51,57.22,7,12,0,0
33,44.17,2,0,0,0
17,70.76,4,1,0,0
7,54.35,5,51,2,1
16,85.66,7,19,1,0
3,77.65,11,42,0,0
42,27.62,10,12,1,0
12,158.36,4,6,0,0
31,56.02,6,1,1,0
54,69.94,8,32,1,0
25,28.42,3,26,1,0
16,55.33,2,52,2,1
17,41.79,8,2,1,0
39,84.9,4,3,0,0
46,45.74,4,14,0,0
52,53.99,8,10,3,0
34,22.33,4,32,0,0
13,47.47,2,16,1,0
26,153.68,3,2,1,0
45,70.26,4,9,2,0
17,47.45,7,1,0,0
36,78.85,7,20,0,0
39,43.27,4,28,0,0
55,58.14,4,0,1,0
25,76.19,7,48,1,0
24,76.48,5,13,1,0
49,180.02,3,54,0,0
4,28.86,8,4,0,0
53,56.26,8,64,0,0
55,75.8,7,84,1,1
13,76.67,5,13,1,0
56,83.14,4,12,0,0
29,39.26,5,17,0,0
16,43.34,6,33,1,0
45,83.28,2,23,0,0
26,94.95,4,4,0,0
7,33.79,2,10,0,0
28,25.88,8,4,0,0
36,69.11,4,6,0,0
4,63.36,3,40,0,0
9,47.61,5,29,0,1
26,89.2,8,14,1,0
21,73.03,5,15,1,0
10,103.21,1,39,1,0
57,50.27,5,22,0,0
25,81.91,7,127,0,1
56,49.59,3,24,1,0
27,134.58,8,15,0,0
6,94.74,4,3,1,0
26,26.65,4,13,0,0
26,44.34,6,31,1,0
37,52.04,6,20,0,0
22,43.05,4,20,1,0
44,52.32,2,5,0,0
33,50.12,9,13,0,0
23,22.41,4,36,1,0
45,52.74,4,16,0,1
47,59.81,3,22,0,0
11,31.92,7,0,1,0
51,53.73,5,35,0,0
57,69.11,4,13,0,0
20,48.21,4,29,0,0
51,71.14,1,9,0,1
11,68.59,7,33,2,0
41,22.99,5,25,2,0
28,40.82,3,1,0,0
15,77.07,6,31,0,0
22,47.34,3,21,0,0
14,96.98,4,29,1,0
17,28.33,3,10,0,0
5,33.77,5,27,0,0
49,96.78,5,4,2,0
13,75.05,6,64,0,0
57,44.78,6,2,0,0
56,43.76,4,0,0,0
28,114.66,5,31,1,0
17,48.67,4,2,1,0
5,28.79,5,17,0,0
29,102.28,4,46,1,0
26,25.69,5,23,0,0
7,40.28,10,23,0,1
20,29.06,3,8,1,0
46,115.05,8,46,1,0
35,49.73,4,7,0,0
54,27.54,6,26,0,0
15,77.71,6,36,0,0
58,77.52,6,1,1,0
42,34.28,3,31,2,0
18,112.97,4,14,0,0
58,25.99,4,24,0,0
16,67.21,3,2,0,0
13,102.94,7,13,2,0
48,118.28,7,8,0,0
26,80.13,5,2,0,0
51,40.0,5,7,0,0
45,64.41,4,17,1,1
13,37.58,4,15,1,0
17,91.31,4,2,2,0
53,76.28,7,43,0,0
43,104.05,7,2,0,0
59,60.29,3,0,0,0
33,48.31,3,7,0,0
45,97.94,7,37,0,0
36,39.16,2,32,0,1
58,71.58,3,41,0,1
21,55.84,4,11,0,0
56,85.68,5,15,0,0
10,58.1,7,16,0,0
32,66.43,2,18,0,0
35,31.91,11,7,0,0
25,41.61,2,49,1,1
30,47.75,9,1,0,0
42,72.91,5,3,0,0
22,49.18,6,13,0,0
10,48.86,4,30,0,0
54,102.87,6,5,0,0
19,68.18,5,23,0,0
48,47.89,5,5,0,0
35,69.8,7,8,1,0
7,39.8,5,53,0,0
14,83.54,7,6,1,0
46,59.16,4,28,0,1
12,76.69,7,22,0,0
44,33.04,4,21,0,0
14,49.67,7,65,1,1
46,28.6,6,1,0,0
35,33.63,7,0,0,0
49,30.75,4,6,1,0
38,99.72,4,23,0,0
5,98.35,8,6,0,0
47,38.57,5,4,0,0
60,71.62,4,75,0,0
25,49.49,7,21,1,0
55,92.57,1,34,0,0
24,118.49,6,14,0,0
14,35.7,4,14,0,0
52,41.21,8,9,0,0
19,29.01,1,28,1,0
13,85.45,3,9,0,0
19,59.59,4,5,0,0
34,34.98,6,6,0,0
40,95.65,2,38,2,1
52,35.92,5,6,0,0
42,37.73,9,4,1,0
46,64.33,9,2,0,0
5,28.1,7,10,0,0
8,40.49,4,5,1,0
14,75.59,4,8,1,0
42,28.42,3,21,0,0
43,65.57,5,3,0,0
43,106.07,6,11,0,0
23,65.05,7,1,1,0
2,62.55,4,15,0,0
26,68.88,11,1,1,0
56,47.83,3,5,1,0
32,59.96,2,21,1,0
41,72.56,8,10,1,0
1,57.4,6,39,0,0
49,79.8,2,5,1,0
26,62.47,7,2,2,0
6,34.92,9,36,2,1
50,42.47,4,12,1,0
53,42.46,9,10,2,0
42,46.06,5,27,1,0
27,54.15,3,41,0,0
33,26.0,7,30,2,0
1,86.56,4,59,1,1
14,64.98,4,4,0,1
24,52.45,7,9,0,0
53,67.44,1,12,0,0
44,48.09,8,36,1,0
16,65.18,11,14,0,0
39,65.97,7,40,0,0
52,52.42,10,19,0,0
40,49.48,3,30,1,1
2,74.41,5,2,1,0
55,77.34,7,0,0,0
26,65.81,4,61,0,0
13,62.57,5,20,0,0
14,95.27,4,24,0,0
12,64.11,5,30,2,0
21,34.02,4,15,0,0
56,44.31,8,23,0,0
14,73.89,1,4,1,0
30,42.99,5,24,3,0
7,95.11,3,5,1,0
19,83.32,5,8,0,0
22,38.9,3,3,2,0
34,31.45,9,25,0,0
53,60.39,4,2,1,0
42,24.96,4,2,0,0
55,50.46,5,5,0,0
39,101.71,3,30,0,0
23,31.65,5,2,0,0
58,28.07,7,8,0,0
40,57.45,5,74,0,0
36,40.25,6,9,0,0
29,43.91,6,2,1,0
60,98.87,6,21,2,0
11,52.29,3,5,0,0
49,63.26,9,42,0,0
15,89.04,5,2,3,0
57,38.01,3,19,0,0
53,44.73,5,1,0,0
12,93.26,10,5,1,0
17,56.34,6,17,0,0
43,91.89,5,34,1,0
38,42.52,6,1,0,0
52,47.61,2,8,0,0
16,87.1,2,29,1,1
20,135.51,7,16,0,0
55,32.41,5,23,1,0
51,112.87,9,56,1,1
49,54.77,8,6,0,0
44,85.81,3,3,0,0
51,50.78,7,7,0,0
25,65.55,6,13,0,0
45,109.76,5,17,0,0
27,133.82,5,1,0,0
43,65.17,6,3,0,0
48,41.96,7,4,0,0
7,54.21,6,54,1,1
21,16.62,6,10,1,0
10,112.76,5,75,0,0
39,70.31,3,0,1,0
5,49.49,7,16,0,0
6,50.56,8,5,2,0
56,38.09,8,17,0,0
60,86.12,2,34,0,0
20,50.94,5,32,1,0
25,67.38,2,65,0,0
48,44.92,5,16,0,0
34,45.67,2,3,1,0
60,66.2,5,94,1,0
15,68.51,5,10,0,0
14,60.54,5,27,0,0
58,43.87,7,50,2,0
35,29.72,5,46,0,0
5,58.42,2,33,1,0
6,46.02,5,48,1,0
39,41.47,9,102,1,1
18,149.94,10,6,0,1
42,51.98,4,42,1,0
24,30.46,2,20,2,0
43,51.22,5,4,1,0
31,45.93,5,28,0,0
31,49.48,5,3,0,1
19,70.64,7,10,0,0
39,29.05,5,24,1,0
32,70.66,9,3,0,0
49,69.53,5,17,1,0
15,39.99,3,3,1,0
20,34.17,7,12,0,0
37,79.62,4,8,0,0
7,52.53,13,19,1,0
59,58.8,4,19,0,0
47,56.82,8,3,1,0
29,102.87,5,11,1,0
37,34.59,9,10,1,0
33,80.89,4,6,0,0
30,54.05,4,7,0,1
32,28.27,4,18,0,0
15,47.72,3,85,1,0
18,82.14,7,4,0,0
9,75.67,6,11,0,0
38,44.02,4,27,0,0
42,59.2,4,3,0,0
13,68.63,4,66,0,1
34,43.64,6,53,1,0
35,69.35,5,1,0,0
6,98.19,10,0,0,0
56,43.14,3,40,0,0
44,46.8,6,7,0,0
18,72.09,5,26,2,0
58,74.92,3,26,0,0
14,72.16,4,2,1,0
2,74.34,3,1,0,0
54,50.08,9,17,1,0
58,63.74,4,2,0,0
2,24.56,8,7,0,0
23,57.96,5,15,0,0
34,96.63,2,8,0,0
18,46.73,4,2,0,0
16,64.38,7,50,0,0
11,43.72,4,27,1,0
60,86.52,7,6,0,0
9,111.84,2,32,0,0
38,49.25,3,60,1,1
46,40.98,5,36,0,0
60,48.52,3,7,0,0
58,67.56,7,2,1,0
9,35.54,5,17,2,0
45,38.25,6,27,0,0
47,32.37,8,67,1,0
24,47.83,6,51,1,0
27,89.13,2,7,1,0
20,79.26,6,33,0,0
8,53.3,5,7,0,0
17,56.93,5,42,1,0
25,67.83,6,15,0,0
41,42.89,4,40,0,1
30,45.11,3,14,1,0
17,21.29,5,21,0,0
23,43.55,3,12,2,1
45,85.02,11,19,0,0
33,41.73,6,12,1,0
60,52.41,4,21,1,0
17,72.04,6,4,0,0
58,61.84,2,40,0,0
12,60.57,6,38,1,0
55,22.84,7,24,0,0
14,134.51,7,0,1,0
45,104.47,4,24,0,0
43,42.3,3,21,0,0
45,39.33,8,20,0,0
23,47.36,3,51,1,0
60,59.98,4,22,0,0
25,110.51,8,32,1,0
28,63.67,4,25,0,0
21,66.21,2,15,0,0
46,68.87,3,0,0,0
6,46.98,5,8,0,0
24,95.75,3,38,0,0
58,81.22,6,7,1,0
43,98.66,4,6,1,0
20,51.07,3,31,1,1
15,51.39,4,17,0,0
45,32.77,7,17,1,1
20,93.02,6,2,0,0
26,71.13,8,29,0,0
29,75.46,5,4,0,0
53,47.12,6,29,1,0
9,47.67,4,25,0,0
28,41.21,5,14,0,0
50,75.6,9,9,0,0
54,47.68,3,6,0,0
43,42.99,6,21,0,0
27,47.06,8,15,1,0
21,79.24,7,19,0,0
16,35.19,4,30,1,0
54,50.08,6,54,0,0
10,40.33,8,7,0,0
14,59.37,6,33,0,0
29,28.07,5,10,0,0
25,54.9,4,5,1,0
33,39.41,5,111,0,1
2,71.74,2,14,2,0
48,59.09,5,16,0,0
9,32.73,5,39,0,0
41,64.71,5,18,2,0
45,31.75,2,2,2,0
26,60.59,4,9,2,0
7,39.42,5,2,0,0
59,59.28,6,21,0,0
23,47.23,1,26,0,0
50,33.34,5,58,1,1
24,94.98,5,3,0,0
50,65.3,4,57,0,0
14,52.68,7,13,0,0
1,46.18,4,27,1,0
7,55.14,6,15,0,0
12,49.64,5,15,0,0
25,84.22,4,11,0,0
25,209.5,10,7,0,0
33,60.06,5,16,1,0
47,46.2,5,10,2,0
17,51.87,3,2,1,0
59,86.21,3,18,2,0
25,54.39,6,79,0,1
58,46.39,4,9,1,0
23,54.35,9,2,0,0
34,83.35,6,7,0,0
43,31.77,4,0,0,0
6,66.3,7,16,2,0
28,76.63,1,1,0,0
46,49.91,4,7,0,0
44,48.8,4,44,1,0
49,37.1,4,32,0,0
28,43.3,5,62,0,1
14,74.66,2,11,0,0
30,42.9,4,10,0,0
18,37.21,5,65,0,0
40,59.41,8,12,2,0
55,42.14,5,13,0,0
18,54.92,5,5,1,0
55,44.58,5,2,0,0
9,54.69,4,10,0,0
45,65.48,6,3,0,0
52,55.4,4,0,0,0
42,102.4,4,3,0,0
35,93.74,2,21,2,1
58,34.47,2,23,1,0
20,45.55,7,62,1,0
35,39.12,3,53,0,0
54,121.01,4,19,0,0
13,49.81,8,21,0,0
24,44.93,3,8,0,0
35,95.05,6,4,0,0
54,46.87,5,38,2,1
54,160.88,3,10,0,0
38,74.28,7,69,0,0
60,75.36,6,2,0,0
36,22.66,2,1,1,0
51,34.69,6,14,0,0
58,93.14,4,34,1,0
49,50.29,3,50,1,0
47,55.93,4,22,0,0
44,62.21,4,36,0,0
21,59.96,7,156,1,1
13,69.26,4,4,0,0
13,73.79,9,3,0,0
31,51.71,4,23,0,0
1,40.21,8,11,0,0
55,68.58,2,27,0,0
25,49.62,7,25,0,0
55,53.13,5,9,0,0
12,67.09,9,6,1,0
58,82.02,3,12,2,1
26,73.81,7,3,0,0
18,103.65,3,1,0,0
17,54.5,6,34,0,0
52,41.34,5,33,2,0
3,66.98,1,34,0,0
3,50.2,4,13,0,0
45,42.43,3,6,0,0
39,69.75,3,8,2,0
21,30.0,2,4,0,0
23,54.96,4,38,0,0
41,43.74,6,8,1,0
58,38.54,4,15,0,0
59,59.25,7,3,0,0
14,45.34,6,14,1,0
28,45.44,5,8,0,1
21,38.11,4,36,3,1
55,40.48,6,19,2,0
5,51.46,5,3,0,0
60,71.64,7,82,0,0
4,73.58,3,12,2,1
15,26.77,5,45,0,0
15,34.09,6,14,0,0
60,58.43,2,14,0,0
46,49.17,3,3,0,0
25,84.04,6,22,1,0
8,71.35,6,4,1,0
24,34.22,2,9,0,0
33,15.4,1,43,1,0
57,57.49,6,33,0,0
47,51.91,3,5,0,0
55,47.61,2,11,0,0
18,36.37,3,18,0,0
15,60.79,5,58,0,0
37,68.17,3,1,1,0
19,59.88,6,55,0,0
34,43.77,5,9,0,0
37,49.65,3,6,1,0
51,34.49,7,4,1,0
36,34.88,6,27,2,0
8,86.06,4,2,1,0
22,61.53,5,15,0,0
6,55.25,4,4,1,0
53,47.43,6,23,1,0
55,72.8,7,3,0,0
8,111.92,4,11,1,0
55,45.31,7,18,0,0
23,63.63,6,5,0,0
10,33.13,6,1,0,0
19,66.74,4,13,1,0
15,69.31,6,42,1,1
49,42.82,4,6,2,0
24,56.53,3,4,0,0
5,58.66,4,2,1,0
43,93.29,7,14,0,0
35,67.75,10,22,1,0
44,81.88,4,9,0,0
48,66.9,4,28,0,0
51,47.81,3,8,1,0
31,23.8,4,20,1,0
2,91.96,3,23,0,0
21,54.55,7,23,1,0
7,46.38,2,5,0,0
3,98.43,4,32,0,0
33,107.41,5,24,0,0
29,65.5,5,49,0,0
46,73.75,6,15,1,0
23,19.23,7,12,0,0
37,87.95,4,92,0,1
36,32.34,3,2,1,0
48,46.65,5,6,0,0
33,34.02,1,23,1,0
44,45.93,4,14,1,0
22,78.63,3,35,0,0
19,128.06,4,16,0,0
40,31.09,6,2,0,0
33,76.87,7,1,0,0
23,58.87,4,35,0,0
56,80.06,4,53,0,1
20,40.78,7,13,0,0
53,73.68,4,9,1,0
12,42.53,6,17,2,0
58,92.0,4,3,0,0
13,65.11,5,1,0,0
44,125.77,5,17,0,0
22,36.98,1,31,0,0
17,71.86,6,3,0,0
60,39.66,2,78,0,0
25,70.99,7,0,2,0
1,68.49,5,6,0,0
42,58.1,6,81,0,0
33,57.54,6,35,0,0
22,113.97,8,26,0,0
10,63.71,6,4,2,0
2,66.66,4,47,0,0
44,51.66,6,5,1,0
13,79.28,6,2,0,0
27,56.83,2,18,0,0
17,95.92,6,10,0,0
4,55.25,6,19,0,0
50,58.29,4,18,2,0
42,60.89,2,28,1,0
9,30.48,4,10,1,0
52,27.25,4,2,2,0
49,74.22,8,25,0,0
9,39.45,7,6,1,0
20,49.7,6,62,0,0
3,53.42,5,10,0,0
13,55.97,5,3,0,0
38,32.67,4,30,1,1
25,32.95,5,13,0,1
26,49.11,5,4,2,0
48,49.82,2,35,1,1
35,74.31,2,14,1,0
47,51.08,3,25,0,0
51,70.67,6,4,0,0
35,46.45,5,25,0,0
41,91.17,3,9,1,0
11,80.93,3,3,0,0
28,57.47,5,1,0,0
48,29.75,2,61,0,0
44,35.06,5,12,1,0
44,65.65,2,41,1,0
29,68.14,1,13,0,0
29,28.83,2,7,1,0
40,65.61,5,2,0,0
11,67.95,8,73,0,0
59,165.5,5,2,0,0
10,56.35,4,18,1,0
42,75.49,6,10,1,0
6,30.04,2,28,1,0
54,48.63,3,2,0,0
33,42.16,5,4,0,0
45,78.83,4,4,3,0
17,62.08,3,24,1,0
57,41.05,5,7,0,0
38,39.38,5,9,0,0
43,71.24,6,0,0,0
29,98.64,5,25,1,0
16,101.3,4,20,1,0
31,43.32,8,9,0,0
1,56.0,7,60,0,1
48,82.78,6,2,2,0
51,35.34,7,4,2,0
57,83.29,3,5,0,0
9,40.12,3,55,0,1
11,39.89,4,14,0,0
58,38.23,6,13,0,0
55,58.3,3,6,0,0
17,50.77,3,19,0,0
1,65.28,6,8,0,0
11,56.66,3,22,0,0
39,70.17,1,17,0,0
8,58.66,5,44,0,0
51,39.21,4,21,0,0
26,21.56,8,54,0,0
56,43.06,4,6,0,0
51,81.37,7,22,1,0
2,49.17,5,22,0,0
29,94.78,6,15,1,0
22,56.9,2,15,2,0
14,72.34,6,38,0,0
47,78.79,6,39,0,0
23,49.64,6,5,0,0
6,72.82,5,5,2,0
38,50.79,8,2,1,0
43,58.64,3,6,0,0
30,89.2,5,15,0,0
32,44.66,1,0,1,0
57,31.75,8,5,1,0
18,44.31,3,17,0,0
54,35.87,7,16,0,0
27,27.7,4,11,2,0
13,105.72,5,3,0,0
7,63.8,5,17,0,0
31,46.67,7,1,1,0
18,63.63,8,5,1,0
42,65.69,6,1,0,0
14,43.52,5,6,1,0
52,37.2,8,8,1,0
43,35.6,5,1,1,0
31,30.32,3,12,0,0
57,28.61,7,28,0,0
1,115.92,7,31,0,0
50,41.19,5,14,1,0
36,49.72,5,1,0,0
29,68.37,7,9,1,0
51,47.04,2,15,1,0
18,54.95,4,12,0,0
20,33.77,3,12,2,0
13,54.77,7,4,1,0
5,59.4,2,6,0,0
9,29.91,2,5,1,0
50,47.42,3,34,1,0
6,49.73,5,15,0,0
28,65.85,7,22,0,0
48,37.87,4,7,0,0
19,35.89,4,30,0,0
48,114.77,5,53,0,0
5,84.71,6,2,1,0
55,111.01,7,30,0,0
25,79.24,3,12,3,0
51,52.29,3,16,0,0
44,87.12,5,35,1,0
42,51.32,6,65,1,0
44,49.73,6,7,0,0
1,76.39,5,40,1,0
12,61.94,4,2,1,0
31,64.42,5,7,0,0
40,85.67,5,11,1,0
42,47.68,4,113,1,1
34,40.0,4,16,1,0
60,37.38,7,135,0,1
39,57.86,5,4,0,0
8,51.99,7,1,2,0
9,75.44,6,5,0,0
57,61.97,4,18,0,0
40,61.79,2,6,1,0
5,32.33,4,6,0,0
28,79.92,3,1,0,0
28,45.05,3,42,0,0
44,76.97,5,40,0,0
33,58.12,5,2,0,0
56,52.97,7,43,2,0
30,64.64,8,39,2,0
28,64.62,7,30,0,1
25,65.04,5,33,2,1
31,40.16,5,2,0,0
48,43.15,7,10,0,0
49,67.88,3,16,0,0
6,97.18,5,39,0,0
43,43.93,8,18,1,0
40,100.9,4,4,0,0
55,65.81,8,8,2,0
29,61.31,5,9,0,0
13,77.55,6,1,0,0
39,54.69,5,78,0,0
53,37.86,5,23,2,0
23,65.0,3,8,1,0
19,58.76,2,4,0,0
52,39.92,3,12,1,0
34,42.66,5,5,0,0
26,88.77,6,6,0,0
13,40.76,6,5,1,0
14,68.7,7,10,0,0
1,88.49,6,27,0,0
17,78.94,4,25,0,0
21,45.19,3,28,1,1
47,43.89,3,44,0,0
32,43.11,2,11,0,0
17,81.64,6,62,1,0
33,91.99,5,26,1,0
40,70.79,4,64,0,0
5,81.86,3,22,1,0
50,52.84,7,7,2,0
41,73.42,6,2,0,0
20,59.01,4,11,0,0
35,61.07,4,34,0,0
57,68.0,7,20,0,0
35,23.89,4,2,1,0
40,40.52,2,22,0,0
32,63.98,7,13,1,0
55,39.49,5,14,0,0
33,69.83,3,8,1,0
49,96.92,9,9,0,0
4,81.98,7,13,0,0
54,29.15,7,55,2,0
55,43.98,9,17,3,0
56,73.98,5,16,1,0
8,52.25,9,16,0,0
16,93.21,4,12,0,0
59,39.48,6,31,0,0
1,48.6,6,2,1,1
21,54.6,3,2,1,0
3,68.67,2,0,1,0
56,33.96,4,6,1,0
25,86.02,5,23,2,0
23,82.26,5,27,0,0
48,62.6,5,19,1,0
7,33.7,3,55,0,0
19,149.87,2,21,0,0
28,50.75,6,3,0,0
5,27.94,8,15,0,0
22,39.45,7,5,1,0
4,23.89,8,11,0,0
25,34.71,12,3,0,0
46,50.5,5,107,1,1
38,130.81,4,11,0,0
26,33.61,2,18,1,0
55,92.17,6,5,0,0
13,64.42,6,5,0,0
57,40.39,6,7,0,0
34,18.41,4,17,0,0
30,49.9,3,6,0,0
18,41.71,1,0,0,0
39,135.77,3,4,1,0
57,37.71,5,2,1,0
21,61.58,6,8,3,0
43,41.41,7,12,0,0
23,56.34,5,18,0,0
7,73.19,2,4,0,0
10,34.93,4,14,2,1
18,65.5,6,19,1,0
42,45.9,6,30,0,0
35,47.62,7,6,0,0
52,59.27,5,18,0,0
23,97.12,5,6,0,0
2,94.06,4,5,0,0
14,35.36,7,12,0,0
29,50.68,5,47,0,0
13,75.91,6,28,1,1
15,58.3,7,2,0,0
57,47.54,5,65,0,0
52,51.75,6,55,1,0
26,52.4,4,2,1,0
32,47.54,5,10,1,0
12,27.2,5,2,2,0
16,36.5,10,34,0,0
52,41.28,5,61,0,1
45,33.8,5,12,0,0
30,102.66,7,3,0,0
19,67.59,8,21,1,0
48,66.34,4,2,1,0
60,52.45,8,6,3,0
7,87.93,2,16,1,1
17,42.47,8,15,1,0
39,95.3,5,18,0,0
14,60.26,3,2,0,0
59,54.8,7,0,0,0
11,40.82,4,10,0,0
20,89.17,8,10,0,0
49,34.62,4,12,1,0
33,94.5,8,18,1,0
1,28.46,3,1,0,0
55,37.4,6,28,0,0
22,41.73,5,24,0,0
46,39.81,5,29,0,0
6,48.91,4,3,0,0
14,52.46,4,9,0,0
19,42.61,5,29,1,0
34,54.65,5,35,0,0
22,49.86,6,24,1,0
55,113.25,14,39,0,0
16,106.17,9,10,0,0
51,42.73,6,6,1,0
31,46.34,7,9,2,0
41,27.02,4,11,0,0
8,34.55,4,44,0,0
16,64.95,8,39,1,0
40,73.7,9,10,0,0
12,31.07,4,21,0,0
4,31.88,6,28,0,0
16,31.8,7,17,0,0
37,53.07,5,35,0,0
49,58.99,3,30,0,0
23,55.64,7,15,1,0
21,29.74,4,64,0,1
8,66.5,4,46,0,0
41,83.58,5,25,1,0
32,34.41,5,32,1,0
29,46.98,6,6,0,0
36,50.5,4,10,0,0
8,36.78,2,11,0,0
52,43.97,5,0,0,0
7,50.89,4,12,0,0
37,101.49,4,12,0,0
42,125.18,6,1,0,0
59,70.66,7,2,0,0
34,36.34,2,1,0,0
59,28.1,4,1,0,0
52,49.56,5,3,2,0
58,66.53,6,26,0,0
57,32.14,6,7,0,0
39,96.33,3,5,0,0
18,81.09,6,28,0,0
51,57.61,5,13,0,0
27,31.89,7,44,1,0
50,63.57,4,18,1,0
24,33.2,5,15,1,0
4,81.69,2,18,0,0
53,28.05,4,46,0,0
7,74.17,6,36,1,0
45,48.67,4,30,0,0
4,29.01,4,15,1,0
25,81.21,11,14,0,0
29,72.56,4,24,0,0
54,31.74,6,27,0,0
6,66.7,5,9,0,0
24,32.02,5,7,0,0
30,58.23,6,28,1,0
39,50.4,7,20,1,0
37,37.31,6,46,1,1
17,72.43,7,4,2,0
7,55.64,3,81,0,0
14,28.97,3,21,0,1
4,17.19,5,24,0,0
33,44.08,1,8,0,0
38,27.37,5,9,0,0
35,87.93,6,9,0,0
13,126.35,6,3,0,0
47,35.28,9,32,1,0
12,23.27,5,8,0,0
42,60.27,3,3,0,0
47,44.59,7,6,0,0
7,75.58,8,6,0,0
48,51.93,5,11,0,0
33,44.02,3,22,1,0
3,58.06,3,17,0,0
60,22.98,4,2,0,0
4,60.78,3,2,1,1
12,31.04,5,17,0,0
29,46.66,3,1,1,0
18,59.18,5,19,2,1
25,38.92,3,3,1,0
24,55.62,2,1,1,0
40,29.8,4,47,0,0
34,41.15,8,27,0,0
43,43.11,3,2,1,0
46,102.29,6,11,0,1
13,67.09,5,31,0,1
26,37.71,4,7,0,0
40,47.57,6,16,0,0
51,42.69,4,12,0,0
24,57.54,2,29,1,0
49,104.45,3,0,0,0
27,23.51,4,10,0,0
42,18.89,1,66,0,0
7,61.42,5,13,1,0
59,76.46,3,11,0,0
34,76.08,4,27,1,0
10,43.75,10,38,0,0
40,56.28,5,10,3,0
43,59.3,5,1,0,0
3,73.32,5,39,0,0
37,70.48,4,27,0,0
33,55.5,7,27,1,0
21,114.53,2,70,2,1
29,71.91,6,14,1,0
27,33.91,4,1,0,0
6,74.65,3,16,0,0
18,58.47,5,22,0,0
10,87.86,4,3,0,0
12,45.26,9,3,0,0
25,71.95,4,18,0,0
20,74.39,3,49,0,1
22,88.79,7,4,0,0
12,38.72,5,15,0,0
35,94.48,3,19,1,0
22,23.95,3,24,2,0
59,29.53,6,10,0,0
8,49.28,3,9,0,0
6,106.09,7,1,1,0
13,59.15,6,37,0,1
25,16.6,5,7,0,0
27,62.07,4,24,0,0
38,45.12,7,21,1,0
49,68.92,8,11,0,0
42,74.89,6,48,0,1
18,59.54,5,27,0,0
11,52.66,7,66,0,0
50,83.48,7,10,0,0
33,66.83,9,7,0,0
3,61.86,3,3,0,0
10,46.19,6,11,1,0
14,47.38,8,11,2,0
52,44.35,9,6,0,0
46,54.06,3,2,0,0
52,47.46,9,2,0,0
57,59.49,4,11,0,0
5,44.2,7,61,2,1
4,67.17,3,2,0,0
36,40.69,5,34,0,0
51,49.88,7,2,0,0
8,56.61,10,2,0,0
33,82.76,3,11,0,0
44,36.57,3,24,1,0
27,50.08,5,4,0,0
13,96.23,4,38,1,0
18,60.89,6,20,0,0
31,71.37,2,14,1,1
22,25.66,2,17,0,1
53,48.66,7,36,1,0
52,34.75,4,65,1,1
13,42.18,8,7,1,0
59,51.09,7,2,0,0
18,57.69,4,19,1,0
46,50.43,7,13,0,0
40,49.83,4,25,0,0
4,60.11,2,27,1,0
39,52.69,3,44,1,0
40,70.73,4,3,0,0
26,43.68,3,45,1,0
8,90.51,7,38,1,0
20,83.29,5,18,0,0
57,37.53,7,16,0,0
2,60.26,5,22,0,0
23,78.34,4,1,1,0
5,59.33,5,16,0,0
43,85.66,2,13,0,0
28,68.35,5,7,0,0
29,66.92,9,10,0,0
48,63.65,4,27,1,0
43,93.51,4,54,1,0
60,58.33,5,26,1,0
30,104.3,5,17,0,0
56,79.92,5,7,1,0
8,51.32,8,35,1,0
36,25.45,6,35,0,1
3,47.82,3,55,0,1
22,33.27,5,25,1,0
7,66.01,6,2,1,0
34,33.14,6,15,0,0
26,50.97,3,28,1,0
25,32.24,9,3,1,0
37,51.5,3,41,0,0
44,56.59,5,21,1,0
22,32.71,2,9,1,1
51,43.67,3,26,0,0
54,23.01,8,55,0,0
24,53.11,4,5,0,0
48,111.77,5,13,1,0
3,66.19,6,17,0,0
39,60.29,6,18,1,0
57,103.14,5,10,0,0
29,52.47,7,10,1,0
35,43.53,7,13,0,0
31,38.13,5,13,2,0
12,53.92,3,8,0,0
3,45.15,3,1,0,0
8,41.7,3,22,0,0
21,67.26,5,2,3,0
16,106.73,6,4,0,0
56,47.74,2,16,1,0
51,44.41,8,1,1,0
10,57.4,6,37,0,0
14,64.66,2,27,0,0
38,54.17,6,4,1,0
21,52.69,6,10,1,1
38,80.27,7,42,0,0
56,53.68,3,10,0,0
16,32.44,7,2,1,0
6,66.9,2,17,0,0
17,68.8,3,13,0,0
8,46.81,4,25,0,0
14,37.41,3,10,1,0
31,29.82,8,5,0,0
43,89.97,6,15,0,0
47,72.79,6,6,2,0
18,72.34,2,50,1,0
7,84.33,5,25,0,0
38,30.33,6,27,1,0
5,44.15,8,22,1,0
17,49.31,6,44,0,0
14,46.43,8,11,0,0
9,54.13,6,32,0,0
9,41.03,7,46,0,0
36,86.32,10,45,0,0
30,36.09,6,1,1,0
20,36.77,5,79,0,1
50,36.42,5,24,0,0
24,70.24,4,2,1,0
43,47.59,5,84,0,1
45,35.11,8,8,1,0
26,33.7,5,38,0,0
8,40.89,3,37,0,0
56,43.26,5,87,0,0
51,46.18,4,6,1,0
6,70.66,1,8,0,0
34,129.12,2,1,0,0
40,52.75,4,52,0,0
6,40.26,8,10,0,0
59,23.65,5,25,1,0
28,31.75,7,24,2,0
39,31.77,8,17,1,0
12,44.92,6,1,0,0
7,45.77,4,58,0,0
8,55.04,5,14,0,0
38,83.66,5,10,1,0
58,121.82,6,42,0,0
28,50.09,4,1,0,0
28,60.96,6,30,2,0
9,83.24,4,49,1,0
26,39.94,4,5,0,0
59,52.48,7,9,0,0
25,38.44,5,9,0,0
14,89.65,4,28,0,0
11,49.53,5,40,0,0
51,64.23,6,29,1,0
52,140.49,6,21,1,0
46,48.45,5,1,4,0
31,56.69,6,9,0,0
55,77.02,7,15,0,0
10,90.72,5,15,0,0
7,46.08,9,3,0,0
41,65.21,6,1,0,0
17,77.53,3,0,0,0
43,72.15,4,44,1,0
24,45.69,3,39,0,0
11,48.98,9,7,2,1
59,39.13,7,44,0,0
58,39.25,2,3,0,0
17,61.44,6,7,0,0
38,59.05,4,6,0,0
18,26.67,5,7,0,0
27,64.82,7,49,1,0
34,64.76,9,59,0,0
32,71.91,8,27,1,0
46,43.45,3,6,1,0
37,24.0,4,10,0,0
39,106.18,5,11,1,0
60,44.18,2,3,0,0
60,15.07,6,29,1,0
56,60.06,5,10,0,0
9,74.22,7,49,0,0
4,35.8,4,2,0,0
3,66.97,5,9,1,0
60,56.57,10,7,3,0
39,51.91,2,75,0,0
9,41.27,4,3,0,0
60,106.43,6,34,1,0
5,49.34,5,21,2,0
14,76.71,8,38,0,0
1,42.04,1,33,1,0
44,80.6,6,23,0,0
58,58.13,5,20,0,0
41,108.44,2,33,0,0
43,42.19,6,31,0,1
9,65.87,4,25,0,0
16,44.23,5,6,0,0
40,30.72,4,1,1,0
15,38.21,8,8,0,0
16,41.41,7,1,1,0
21,105.47,7,1,0,0
50,47.68,5,3,0,0
34,45.53,2,5,0,0
4,78.57,3,77,0,0
45,122.8,2,4,1,0
8,78.7,5,11,0,0
9,92.04,4,6,1,0
34,37.72,6,42,1,0
59,55.84,4,5,1,0
46,20.45,5,11,0,0
53,102.23,8,37,0,0
15,61.6,1,48,0,0
38,73.42,1,59,0,0
7,110.93,7,9,1,1
14,39.83,2,0,1,0
37,53.55,7,70,1,0
23,42.53,5,7,0,0
1,77.5,4,17,0,0
56,74.64,5,10,1,0
26,69.2,4,51,0,0
40,54.44,9,5,0,0
59,63.69,7,9,0,0
35,39.72,6,7,0,0
28,71.78,4,3,0,0
27,81.46,3,11,0,0
41,43.88,3,1,0,0
19,30.89,3,20,1,0
8,100.71,6,8,0,0
46,98.36,4,4,0,0
12,61.82,4,27,0,0
42,63.01,7,10,2,0
44,36.19,5,13,1,0
33,59.54,4,14,0,0
60,41.11,3,1,0,0
60,36.51,9,18,1,0
47,68.93,5,51,0,0
58,111.82,5,53,3,0
3,55.31,6,16,2,0
9,33.42,8,58,0,1
42,46.2,5,33,1,0
20,69.88,2,33,0,0
7,121.09,6,24,1,0
56,21.11,5,2,1,0
42,43.8,4,4,0,0
39,47.28,4,4,0,0
10,38.3,2,8,0,0
45,57.88,4,33,0,0
3,35.83,6,19,0,0
45,54.86,7,5,2,0
38,26.22,5,27,0,0
54,65.44,4,10,2,0
18,62.54,3,6,0,0
24,86.38,9,20,0,0
20,58.83,8,9,0,0
39,41.77,1,14,1,0
36,41.42,6,6,2,0
6,70.24,5,46,1,0
1,68.69,4,37,1,1
14,41.62,7,15,1,0
58,20.14,2,0,1,0
24,64.43,3,9,0,0
32,37.77,4,16,1,0
6,40.41,6,66,0,0
32,91.62,2,9,1,0
19,53.44,7,11,0,0
17,68.61,5,7,1,0
19,128.87,8,2,0,0
17,68.18,4,2,1,0
32,80.11,6,41,0,0
45,99.29,4,12,2,1
27,72.03,2,16,0,0
28,89.47,7,20,1,0
45,42.77,4,0,1,0
19,37.79,5,9,1,0
42,62.04,7,34,1,0
29,34.29,7,8,0,0
40,74.12,5,24,1,0
40,76.22,4,4,0,0
14,24.62,5,8,0,0
11,37.91,4,95,0,0
52,49.46,5,54,0,0
9,69.12,5,9,0,0
39,75.39,3,14,2,0
37,24.22,8,20,1,0
35,69.86,2,36,0,0
49,84.99,3,14,1,0
48,40.69,3,3,0,0
53,37.51,4,16,0,1
19,44.23,2,7,0,0
47,30.89,2,16,1,0
24,65.07,7,12,0,0
11,47.79,2,7,0,0
15,62.8,3,15,1,1
28,134.17,7,11,1,0
1,50.38,4,14,0,0
20,87.29,5,7,0,0
13,56.88,7,13,3,1
45,37.37,4,5,0,0
8,50.71,7,10,0,0
21,72.02,3,6,1,0
43,86.91,4,7,1,0
25,56.53,3,32,0,0
10,56.62,5,23,0,0
54,71.82,4,33,0,0
51,23.71,10,10,0,0
34,90.13,5,20,0,0
11,61.76,2,27,0,0
25,42.83,3,7,0,0
35,59.65,3,7,0,0
47,42.54,1,42,0,1
8,41.62,5,19,0,0
29,52.82,2,0,1,0
42,61.38,6,21,1,0
49,48.9,5,17,1,0
28,97.14,6,18,0,0
47,26.7,4,4,0,0
11,35.44,8,16,1,0
27,31.12,4,2,1,0
21,69.04,6,9,1,0
43,44.53,3,25,1,0
18,38.26,10,4,1,0
1,43.59,4,15,0,0
46,36.8,4,7,1,1
2,51.04,6,8,1,0
17,36.27,4,3,0,1
11,68.94,13,1,3,0
57,50.13,5,27,2,0
26,49.72,3,26,0,0
10,36.0,3,16,1,0
53,33.74,10,10,1,0
17,44.46,4,4,0,0
39,60.56,4,19,0,0
59,49.77,5,14,0,0
19,38.45,1,20,1,0
18,47.78,4,12,1,0
47,66.51,4,11,0,0
17,74.31,5,4,1,0
16,42.76,5,0,1,0
24,77.52,5,28,2,0
2,83.57,7,5,1,0
55,60.18,4,6,0,0
47,32.56,4,33,0,0
33,64.44,6,11,2,0
57,36.69,3,3,1,0
60,41.76,7,15,0,0
4,80.45,6,9,0,0
6,66.48,6,3,0,0
60,69.78,6,53,0,0
18,90.35,3,3,0,0
48,41.29,7,10,1,0
36,46.09,6,23,0,0
54,103.74,5,17,0,0
56,45.32,8,3,0,0
29,80.38,5,19,0,0
38,80.28,2,8,1,0
46,71.65,8,7,1,0
29,59.67,4,11,0,1
20,103.73,7,1,0,0
2,64.62,5,19,1,0
13,36.72,3,53,2,0
33,73.93,4,2,2,0
60,64.63,6,32,1,0
11,60.35,5,11,0,0
47,47.25,4,24,0,0
12,54.33,6,5,1,0
51,45.62,7,31,2,0
4,44.35,1,2,2,0
31,42.23,3,4,2,0
2,35.91,5,0,1,0
36,44.53,6,6,0,0
54,45.91,6,18,0,0
43,43.07,4,2,0,0
54,111.33,8,22,0,0
12,69.69,6,11,0,0
19,107.23,4,11,0,0
49,42.98,5,7,2,0
22,41.89,5,23,0,0
26,27.93,7,25,1,0
19,60.54,6,7,0,0
59,45.42,4,3,0,0
9,101.44,7,40,0,0
45,40.33,7,6,0,0
38,48.69,5,16,0,0
2,124.7,7,0,1,0
49,51.09,3,1,0,0
60,43.22,6,9,1,0
49,83.35,4,8,1,0
53,61.49,3,4,3,1
21,67.61,9,8,1,0
39,72.14,5,1,0,0
23,104.98,4,4,2,0
42,31.5,3,44,1,0
27,34.15,2,28,0,0
13,52.14,5,10,1,0
30,89.79,5,19,1,0
58,62.85,5,37,2,1
15,25.61,5,6,0,0
2,57.84,6,7,0,0
14,100.82,5,28,1,0
53,164.75,7,0,0,0
22,73.44,3,23,1,0
18,38.38,7,10,0,0
27,60.93,2,44,0,0
2,83.75,4,16,0,0
52,43.75,3,51,1,0
31,43.3,3,10,0,0
54,135.36,4,60,0,0
15,75.76,6,17,1,0
32,92.75,10,3,0,0
21,23.68,8,7,0,1
39,35.02,6,5,1,0
36,18.08,6,27,1,0
50,51.92,6,37,1,0
2,42.37,5,19,2,0
5,67.54,3,12,2,0
41,66.97,5,3,0,0
13,90.14,4,7,0,0
16,82.49,3,8,1,0
11,52.0,12,5,0,0
12,88.3,8,5,0,0
29,38.4,2,20,0,0
45,59.89,3,10,0,0
21,35.06,4,11,0,0
12,53.89,3,34,1,0
23,46.09,4,7,0,0
43,102.43,6,34,0,0
46,75.92,4,4,2,0
49,46.19,6,7,0,0
9,50.98,5,8,0,0
38,56.11,7,1,1,0
55,48.9,4,4,0,0
4,54.31,3,10,0,0
3,70.46,7,22,1,0
59,43.1,5,5,0,0
59,49.57,5,6,0,0
9,64.21,6,27,0,0
55,117.93,6,6,0,0
21,65.26,4,20,0,0
38,64.27,6,26,1,0
17,67.17,3,229,1,1
19,36.37,8,26,1,0
33,55.55,7,2,0,0
34,35.16,7,21,0,0
27,55.83,5,6,0,0
22,31.58,6,85,1,0
48,45.74,2,30,1,0
21,107.44,2,20,1,0
41,73.3,4,13,0,0
55,74.4,7,59,1,1
40,64.27,4,2,0,0
26,96.39,6,10,0,1
10,112.46,8,0,0,0
5,49.15,4,49,2,0
13,80.62,5,0,0,0
6,67.95,4,23,1,1
58,18.33,2,7,0,0
21,35.57,8,50,0,1
24,114.6,6,16,0,0
52,125.01,7,6,0,0
43,35.63,7,57,0,0
53,50.26,4,5,1,0
22,127.77,6,13,0,0
50,55.9,5,87,0,1
17,72.85,8,8,0,0
51,111.0,7,11,0,0
10,46.13,6,3,0,0
35,107.96,3,37,0,0
6,87.08,5,9,0,0
6,50.96,4,4,1,0
47,70.48,5,9,1,0
56,44.41,2,60,0,1
56,84.82,2,1,1,0
42,78.08,6,24,2,0
4,42.86,4,17,1,0
25,102.65,5,19,0,1
56,50.75,4,10,1,0
5,32.47,9,34,1,0
25,37.1,6,42,0,0
17,52.29,7,16,0,0
27,63.16,2,49,0,0
51,60.98,11,8,0,0
29,32.29,3,13,1,0
52,60.4,4,1,0,0
45,43.1,6,13,0,0
8,44.84,5,12,0,0
47,52.16,7,5,0,0
14,51.41,6,25,0,0
35,87.52,6,19,0,0
18,100.3,7,18,0,0
8,69.61,5,5,1,0
49,38.48,5,21,0,0
3,38.99,8,9,1,0
10,55.07,5,32,1,0
25,44.42,6,9,0,0
17,77.09,7,33,1,1
45,44.55,5,30,0,0
20,58.98,7,27,1,0
41,104.64,8,3,0,0
54,88.78,5,9,0,0
48,35.3,3,128,0,1
21,48.82,4,13,0,0
55,61.31,4,40,2,1
9,56.29,5,26,0,0
58,57.35,7,20,0,0
40,39.29,4,72,0,1
52,56.28,4,11,1,0
16,65.67,6,6,0,0
6,98.3,4,9,0,0
51,130.09,5,4,0,0
32,142.55,5,7,2,0
41,46.3,8,25,0,0
30,90.57,6,28,0,0
43,48.42,3,42,0,0
47,79.38,2,2,0,0
24,76.71,7,71,1,1
14,35.13,6,0,0,0
54,109.86,3,1,0,0
8,137.19,8,5,1,0
13,47.77,8,73,1,0
34,66.05,3,3,0,0
33,137.02,6,68,0,0
51,79.35,9,5,0,0
60,61.76,4,7,1,0
33,70.91,4,27,0,0
26,62.79,3,7,1,0
1,101.13,3,21,2,0
16,113.52,4,4,0,0
28,39.65,4,4,0,0
23,25.57,6,54,1,0
2,38.9,3,4,0,1
52,31.36,6,5,0,0
13,61.75,5,14,1,0
12,67.19,5,4,1,0
52,67.51,5,75,2,0
47,27.78,4,42,0,0
56,117.12,9,2,0,0
41,42.47,4,15,2,0
10,47.7,3,18,0,0
4,62.98,8,15,1,0
17,73.13,3,37,0,0
44,60.64,5,6,1,0
6,73.4,6,18,0,0
34,55.68,8,14,0,0
28,114.3,6,6,0,0
3,27.55,7,41,1,1
54,54.96,6,19,0,0
18,131.58,5,3,1,0
8,49.67,4,12,0,0
19,45.37,6,83,0,1
46,49.97,10,2,1,0
21,90.06,3,11,0,0
16,107.83,3,39,0,0
8,66.72,9,6,0,0
60,43.09,4,5,0,0
57,34.16,4,13,3,0
57,43.7,6,6,2,0
5,41.59,8,143,0,0
57,125.66,5,8,0,0
1,50.73,6,23,1,0
11,35.69,4,3,0,0
49,27.39,4,58,0,0
46,65.92,4,4,1,0
59,54.38,3,7,0,0
39,84.55,7,128,0,1
20,56.64,5,21,1,0
54,62.7,8,50,2,0
11,87.94,1,34,0,0
18,63.74,7,8,0,0
58,52.52,5,27,0,0
35,65.6,4,25,0,0
32,87.9,4,24,0,0
5,63.27,2,0,0,0
29,72.74,4,5,0,0
3,33.88,3,28,0,1
33,35.38,7,9,0,0
4,67.41,3,12,0,1
50,35.2,5,13,1,0
37,57.38,5,5,1,0
14,54.77,2,5,2,0
9,68.4,4,13,0,0
39,88.71,4,16,1,0
3,53.16,10,62,0,0
38,38.61,6,3,2,0
33,48.3,3,1,0,0
38,78.11,7,4,1,0
50,53.85,5,13,1,0
41,50.65,3,40,1,0
15,84.36,4,31,1,0
7,98.22,3,5,0,0
48,45.03,3,0,0,0
14,61.19,3,6,1,0
56,32.41,4,98,2,1
24,38.11,4,13,0,0
45,39.82,7,5,0,0
58,41.1,4,51,0,0
20,75.24,5,13,0,0
42,58.9,6,54,1,1
22,47.88,2,5,1,0
39,21.26,5,17,1,1
48,90.96,4,31,1,0
7,153.84,5,9,0,0
7,47.22,1,12,1,0
29,46.93,10,8,1,0
20,39.61,7,14,1,0
7,32.99,6,11,0,0
34,90.14,5,6,0,0
31,109.78,5,26,0,0
6,78.96,7,4,0,0
23,40.9,9,6,1,0
40,66.59,2,12,0,0
11,47.65,6,6,2,0
2,93.71,6,40,0,0
6,96.86,2,23,1,0
53,30.92,3,12,0,0
37,58.88,2,4,2,0
47,102.44,6,1,1,0
23,41.99,5,9,0,0
37,78.69,8,1,1,0
38,67.83,6,3,0,0
58,87.02,6,3,0,0
12,25.29,3,23,0,0
31,48.86,4,1,1,0
43,57.11,9,8,0,0
13,117.31,2,15,1,0
55,44.42,5,16,0,0
12,93.07,6,2,1,0
15,91.71,8,30,0,0
51,48.15,2,9,0,0
13,55.66,4,10,1,0
49,42.48,6,11,1,0
14,92.44,4,15,0,0
33,29.88,6,20,0,0
44,23.79,1,15,0,0
3,157.69,1,39,1,0
32,44.69,10,11,1,0
32,30.45,2,1,0,0
57,107.8,3,19,1,0
21,31.44,6,1,0,0
2,103.08,9,3,1,0
29,83.19,4,64,1,0
24,58.14,4,5,0,0
21,37.56,6,56,1,0
14,52.78,5,26,1,1
43,38.78,5,35,0,0
3,55.99,3,79,1,1
13,60.65,5,22,0,0
53,26.73,3,13,0,0
9,51.36,4,13,0,0
49,44.93,4,56,0,0
2,84.17,8,4,1,0
21,82.35,6,46,1,0
13,70.21,2,25,0,0
28,35.92,4,22,2,1
21,98.18,3,12,0,0
40,63.2,3,2,0,0
4,42.36,6,5,0,0
16,71.37,7,12,1,0
51,55.68,6,14,0,0
33,57.81,6,38,0,0
44,60.53,4,52,2,0
31,38.31,4,19,0,0
55,24.35,3,61,1,1
47,47.93,3,2,0,0
3,26.32,3,10,0,0
24,50.71,8,11,0,0
2,85.96,6,29,2,0
47,25.81,3,51,0,0
11,77.84,5,37,2,0
14,85.61,3,14,0,0
59,51.36,5,16,0,0
35,53.89,1,10,1,0
42,63.04,6,49,0,0
9,47.3,4,20,0,0
30,49.85,4,67,0,0
30,85.41,4,6,0,0
38,35.22,4,22,0,0
54,50.1,2,2,2,0
53,41.43,5,21,0,0
19,62.72,6,26,1,0
11,31.5,12,12,0,0
30,73.56,4,61,1,0
59,37.52,3,1,1,0
22,57.57,5,1,0,0
19,36.88,7,54,1,0
59,42.22,3,9,0,0
3,36.57,6,81,0,1
20,42.12,9,9,1,0
58,61.09,3,35,0,0
19,93.84,8,10,1,0
29,27.35,8,0,0,0
40,61.2,3,14,0,0
26,44.56,8,10,0,0
12,66.0,6,10,4,0
49,69.58,6,10,0,0
5,35.43,7,68,0,1
24,57.44,5,7,0,0
26,39.9,3,32,1,0
38,50.33,5,0,0,0
6,78.97,3,8,0,0
13,72.44,4,44,0,0
50,50.74,2,22,0,0
1,74.81,5,12,1,0
51,56.33,2,2,0,0
43,36.02,8,7,0,0
35,59.7,5,2,0,0
13,45.12,3,18,1,0
12,70.01,8,0,0,0
48,63.01,5,12,0,0
28,42.99,5,53,0,0
13,30.74,3,14,0,0
48,66.42,7,3,0,0
19,64.35,5,30,0,0
30,68.14,3,4,0,0
37,49.37,4,26,3,0
42,47.71,6,36,1,0
33,43.38,3,30,0,0
39,112.11,3,7,0,0
11,39.25,5,29,0,0
10,48.09,2,13,0,0
31,77.87,6,16,1,0
7,119.42,8,22,1,0
48,66.73,8,9,0,0
37,21.06,3,43,1,0
56,34.6,2,41,2,0
36,51.81,6,24,1,0
53,84.14,4,8,0,0
21,135.7,4,50,0,1
56,44.04,8,14,1,0
3,27.37,4,11,0,0
31,42.86,3,4,0,0
50,54.52,8,58,0,0
15,34.37,6,16,1,0
48,93.62,10,7,0,0
31,44.84,4,5,0,0
27,59.29,7,24,2,0
8,52.28,8,15,0,0
28,82.41,3,9,0,0
38,65.33,7,36,0,0
25,42.99,4,13,1,0
1,62.72,3,16,2,0
6,67.75,2,16,0,0
27,69.94,2,7,3,0
19,73.37,5,3,1,0
18,49.8,6,29,1,0
3,28.96,7,25,0,0
4,46.95,5,8,0,0
3,69.63,2,7,0,0
43,59.64,7,15,1,0
10,52.8,6,9,1,0
1,63.88,8,18,1,0
43,39.93,4,9,1,1
17,39.99,4,14,0,0
32,46.23,4,15,0,0
53,21.84,7,26,0,0
52,41.83,7,15,1,0
47,50.58,8,2,1,0
27,49.1,6,19,1,0
18,20.12,6,0,0,0
52,38.6,6,5,0,0
41,56.0,3,6,0,1
39,46.56,4,2,0,0
7,29.53,4,2,0,0
11,61.97,6,4,0,0
24,25.07,5,6,2,0
3,50.57,4,18,0,0
40,30.4,3,24,1,0
17,22.25,2,9,0,0
37,44.17,4,29,0,0
35,59.73,5,15,1,0
5,34.32,5,7,0,0
50,66.81,3,14,0,0
39,77.52,7,9,1,0
54,28.15,6,36,1,0
26,48.04,5,7,1,0
9,60.5,6,37,0,0
36,58.39,4,15,0,0
1,46.73,3,37,1,0
25,60.92,5,9,0,0
54,71.75,3,1,1,0
23,34.88,6,17,1,1
38,76.69,4,1,0,0
5,82.23,3,38,0,0
17,54.88,4,6,0,0
16,35.32,3,2,0,0
57,121.35,6,59,0,0
47,39.58,4,25,0,0
35,88.06,5,38,0,1
16,96.85,8,11,0,0
59,35.52,3,24,0,0
28,62.96,1,46,3,1
40,40.39,6,8,0,0
25,85.22,4,32,0,0
7,48.36,9,10,1,0
58,35.6,7,12,1,0
44,52.86,6,43,1,0
6,48.22,4,31,0,0
22,30.57,2,19,0,0
35,95.32,4,1,0,0
20,39.41,6,11,1,0
41,36.3,4,16,0,0
12,58.64,4,13,0,0
21,86.84,3,48,2,0
21,40.25,8,14,1,0
1,66.91,5,2,1,0
51,42.53,4,106,0,0
41,45.85,5,5,0,0
10,48.32,7,78,0,0
31,41.34,4,24,0,0
7,34.14,5,6,1,0
32,73.36,5,11,0,0
51,60.05,12,6,1,0
26,57.69,3,9,1,0
14,58.67,6,1,0,0
50,26.06,1,1,0,0
21,38.48,4,19,0,0
42,43.4,7,1,1,0
57,58.55,2,41,0,0
8,79.1,4,10,0,0
44,48.26,8,25,1,0
54,48.89,3,7,0,0
29,53.4,4,2,0,0
4,96.4,4,25,2,0
23,91.21,4,25,0,0
33,88.34,12,3,0,0
3,64.54,5,106,0,1
9,106.87,6,16,0,0
32,18.4,8,0,1,0
11,33.06,6,5,2,0
23,40.27,3,30,0,0
45,68.16,5,11,0,0
4,116.76,1,0,0,0
14,84.3,4,11,1,0
4,40.84,9,3,1,0
34,42.38,3,16,2,0
8,48.21,2,23,0,0
12,87.0,4,19,1,0
17,90.43,9,6,1,0
13,75.55,7,34,0,0
44,56.98,4,12,0,0
54,61.67,10,9,0,0
50,71.05,6,13,1,0
15,61.66,5,35,0,0
52,31.41,5,16,0,0
26,81.43,6,1,1,0
58,75.05,7,13,0,0
16,53.47,4,8,0,0
38,78.92,4,23,2,0
28,57.17,6,13,0,0
47,57.86,6,12,1,0
47,121.95,2,37,0,1
38,57.68,3,50,1,0
42,69.01,9,8,0,0
14,52.9,3,3,1,0
20,31.03,3,3,1,0
21,57.46,3,10,0,0
40,48.06,7,19,1,0
17,36.92,8,10,0,0
5,31.7,7,22,1,0
53,58.72,7,1,2,0
4,48.42,4,6,0,0
40,38.96,2,34,0,0
25,85.68,3,14,0,0
7,57.2,4,15,0,0
51,67.99,4,6,1,0
37,95.58,5,24,0,0
28,91.83,5,19,0,0
43,71.1,3,1,0,0
2,112.92,4,14,0,0
48,108.51,7,9,0,0
50,56.01,7,11,0,0
5,24.77,4,53,1,0
34,53.06,6,44,0,0
42,60.42,4,32,0,1
50,99.42,4,8,0,0
1,74.26,5,26,1,0
4,52.12,5,27,0,0
28,49.26,5,6,0,0
41,74.23,5,10,0,0
46,47.86,9,0,0,0
25,122.91,6,12,1,0
18,84.49,7,20,0,0
6,26.39,4,7,1,0
53,27.54,3,23,1,0
54,55.61,7,12,0,0
56,39.16,6,68,3,0
49,28.67,4,4,2,0
4,122.83,6,21,1,0
48,50.09,8,3,0,0
51,58.02,4,14,0,0
19,62.93,4,1,0,0
37,97.11,7,1,1,0
31,41.8,9,20,1,0
18,73.62,5,8,0,0
51,29.7,5,6,2,0
13,36.71,10,3,1,0
49,51.6,7,37,1,1
31,43.59,6,2,0,0
47,52.47,3,5,1,0
50,94.79,4,89,1,1
7,41.71,4,9,2,0
31,45.81,5,11,0,0
12,38.44,6,8,0,0
1,33.29,2,49,1,0
33,45.12,4,20,1,0
41,48.2,5,17,0,0
27,51.38,2,143,2,1
34,56.64,6,12,0,0
25,73.28,7,9,0,0
9,41.43,7,103,0,1
20,124.62,4,12,0,0
17,61.67,7,17,0,0
55,84.44,6,40,1,0
38,129.66,7,1,0,0
18,53.84,7,33,0,0
26,55.22,5,6,0,0
59,43.92,6,21,1,0
6,75.51,3,13,0,0
43,62.71,6,34,3,0
51,70.95,3,46,0,1
50,39.54,3,1,0,0
35,51.44,3,2,0,0
54,35.65,4,19,0,0
18,32.42,6,75,0,0
13,57.51,3,45,0,0
37,76.41,4,4,0,0
18,51.58,3,13,0,0
34,61.25,4,6,0,0
8,73.7,5,38,0,0
5,30.27,2,1,1,0
6,66.85,8,1,1,0
24,58.12,8,4,0,0
13,42.49,4,17,0,0
35,68.37,4,29,2,1
33,38.75,4,4,0,0
2,49.95,6,5,1,0
5,69.77,5,5,0,0
46,62.7,6,4,1,0
1,49.75,4,7,1,0
31,52.28,4,31,0,0
34,58.95,5,59,1,0
55,43.28,7,0,0,0
53,47.81,7,4,0,0
10,21.11,3,52,1,1
12,71.52,7,28,0,0
6,109.99,6,7,1,0
4,66.47,4,12,0,0
15,45.06,6,8,0,0
29,71.54,3,58,0,1
41,92.33,7,17,1,0
54,24.25,10,3,2,0
46,54.15,5,6,0,0
22,88.41,2,21,0,0
21,38.95,8,136,1,1
28,31.73,6,45,0,0
35,39.78,3,9,1,0
46,50.06,3,22,1,0
22,66.61,1,17,0,0
30,58.29,5,105,0,0
1,41.34,3,90,1,1
39,68.28,7,0,1,0
7,64.18,1,58,1,1
45,66.62,6,39,0,0
59,52.07,6,18,0,0
17,67.81,5,20,2,0
7,78.29,4,10,0,0
11,72.22,3,18,0,0
57,58.58,5,38,0,0
17,60.89,3,22,0,0
22,63.32,2,3,0,0
29,98.77,7,17,1,0
57,68.71,4,18,2,0
31,67.38,5,9,1,0
27,103.32,6,9,1,0
21,68.57,4,26,0,1
4,38.74,8,0,0,0
8,54.26,3,11,0,0
38,24.18,4,5,0,0
4,33.93,8,14,0,0
38,17.41,5,8,1,0
6,113.24,3,11,0,0
8,128.88,9,5,2,1
13,89.73,7,32,0,0
49,75.15,5,24,0,0
28,45.87,6,13,2,0
10,26.65,8,12,0,0
14,43.91,5,30,1,0
2,51.9,2,36,0,0
53,36.93,3,13,0,0
52,63.42,5,4,1,0
50,46.28,2,6,0,0
60,28.92,4,12,0,0
25,101.33,7,40,1,0
56,31.05,3,1,0,0
38,27.51,2,9,0,0
6,47.26,5,1,0,0
30,72.76,4,1,0,0
20,77.02,9,21,0,0
2,85.47,5,1,1,0
58,34.44,6,11,0,0
34,68.4,3,7,1,0
60,37.46,6,13,0,0
19,91.94,3,5,1,0
45,36.41,14,33,0,0
31,65.38,7,32,0,0
30,43.17,3,12,0,0
14,84.24,6,5,3,1
25,39.36,3,9,2,0
28,43.61,7,17,0,0
30,76.8,6,1,0,0
17,31.55,9,16,0,0
32,47.89,5,8,1,0
1,63.71,4,25,0,0
50,54.02,4,30,0,0
26,65.9,7,1,0,0
39,86.69,2,30,1,1
14,55.36,3,6,0,0
8,44.59,4,37,1,0
17,65.28,4,6,1,0
18,61.75,7,3,0,0
51,78.08,4,16,1,0
46,79.41,8,27,0,0
51,75.55,3,5,1,0
23,53.48,5,9,0,0
57,31.06,7,44,0,0
46,36.75,7,43,2,0
18,69.64,5,10,0,0
6,93.06,7,8,0,0
43,58.74,5,66,1,0
37,53.47,2,35,1,0
36,51.43,7,4,0,0
54,32.1,6,25,1,0
44,36.24,6,40,0,0
9,52.89,5,17,1,0
52,65.57,8,2,2,0
29,48.29,2,5,0,0
6,45.48,5,2,1,0
17,49.68,5,3,0,0
59,55.03,8,10,0,0
3,44.16,7,12,0,0
1,54.57,5,1,0,0
54,25.97,3,1,2,0
35,47.62,5,13,0,0
30,46.46,6,0,0,0
42,36.61,10,30,0,0
50,71.92,6,4,2,0
24,76.19,4,5,0,0
3,32.54,8,10,0,0
38,35.71,4,38,0,0
27,98.83,2,37,1,0
43,45.38,5,4,0,0
43,48.6,5,1,1,0
21,105.94,7,13,1,0
13,52.19,5,29,0,0
6,65.2,4,56,1,0
13,62.48,3,12,0,0
24,77.27,4,15,1,0
14,70.93,5,41,0,0
5,53.2,7,16,0,0
13,45.52,4,3,2,0
40,104.51,4,10,1,0
53,54.36,8,26,1,0
21,68.2,6,15,1,0
58,107.7,11,19,0,0
23,76.73,4,65,0,1
58,105.24,8,2,2,0
10,26.02,7,23,1,0
12,48.16,1,35,1,0
27,29.84,5,16,0,0
18,46.16,4,11,0,1
6,80.54,8,25,1,0
25,64.22,9,2,1,0
21,48.95,4,5,3,1
12,55.01,5,55,0,0
42,74.01,7,4,0,0
16,62.76,8,1,0,0
58,53.3,9,29,0,0
25,95.64,3,0,1,0
57,122.9,3,20,0,0
47,27.65,7,26,0,0
22,68.96,3,45,0,0
21,96.44,10,3,0,0
34,59.49,3,14,0,0
33,31.84,4,18,1,0
46,53.08,4,32,0,0
45,60.89,5,45,0,0
31,19.02,9,33,0,0
50,55.91,7,9,0,0
47,77.72,2,12,0,0
48,134.39,3,26,1,0
3,39.3,8,17,0,0
17,39.29,7,2,0,0
10,36.53,6,28,1,0
38,48.36,6,2,0,0
29,72.05,5,34,0,0
8,99.26,6,5,1,0
5,55.7,5,54,1,0
9,111.7,6,26,0,0
43,141.38,5,11,1,0
6,57.33,4,90,0,1
3,75.87,5,19,0,0
60,39.6,5,3,0,0
47,110.42,5,5,0,0
14,58.41,6,8,1,0
2,62.64,7,1,0,0
51,69.89,8,7,1,0
41,89.69,6,20,1,0
36,75.44,6,18,1,1
12,42.34,4,19,1,0
53,42.59,9,0,0,0
47,34.34,4,23,1,0
53,40.38,5,9,1,0
27,104.08,6,32,0,0
6,70.69,5,1,0,0
19,48.14,5,1,0,0
36,64.07,8,31,0,0
26,150.75,5,3,0,0
57,41.16,8,13,0,0
30,68.67,3,0,0,0
21,51.71,5,1,0,0
24,100.05,9,9,0,0
30,24.66,3,2,1,0
28,27.69,6,17,0,0
1,55.38,3,6,0,1
47,68.8,3,0,1,0
7,63.77,4,7,2,0
59,103.64,4,11,1,0
53,65.55,5,4,0,0
29,26.73,8,99,0,1
12,45.39,6,18,0,0
39,34.86,8,76,1,0
3,22.05,1,29,0,0
45,45.32,2,3,2,0
34,37.4,4,5,1,0
22,45.71,4,68,1,0
41,55.18,6,48,0,0
55,96.82,5,16,1,0
19,82.27,8,12,1,0
35,52.76,3,15,0,0
31,45.53,6,71,0,0
60,49.13,3,2,2,0
16,51.65,5,37,1,0
30,50.02,5,22,0,0
8,99.45,2,13,0,0
6,71.12,4,26,0,0
43,62.17,2,38,0,0
37,48.92,6,24,1,0
43,36.93,3,10,0,0
43,54.48,7,21,1,0
47,52.37,5,11,1,0
48,82.2,8,42,1,0
16,64.12,6,6,1,0
32,47.92,5,2,0,0
51,31.84,4,10,0,0
16,33.62,4,27,1,0
30,39.64,4,26,1,0
58,93.4,5,35,0,0
49,84.21,6,11,0,0
58,41.67,2,16,1,0
25,64.63,6,13,0,0
22,74.38,4,32,0,1
58,26.47,6,29,1,0
24,48.1,6,129,1,1
7,90.09,4,17,0,0
1,89.23,6,13,0,0
38,138.29,5,2,1,0
17,58.44,3,11,0,0
57,97.18,4,42,1,0
20,99.56,4,20,0,0
37,51.5,9,9,0,0
5,121.34,10,53,0,0
36,66.28,4,0,1,0
3,28.62,5,31,0,1
3,53.11,7,8,0,0
27,63.36,3,23,1,0
55,46.99,5,32,2,0
51,44.15,4,88,1,1
13,57.41,3,12,1,0
54,83.51,2,17,0,0
8,41.17,7,49,2,0
21,85.37,4,11,1,0
17,62.85,5,11,0,0
43,68.25,2,7,0,0
53,65.44,7,0,0,0
22,98.53,2,16,0,0
10,76.23,4,13,0,1
45,60.2,4,7,1,0
11,54.7,6,3,0,0
19,60.4,9,37,0,0
3,32.45,4,2,1,0
10,79.02,9,4,0,0
3,29.94,3,21,0,0
3,86.74,3,16,2,0
11,47.57,3,1,0,0
56,39.5,6,42,1,0
53,69.8,4,27,0,0
33,95.42,6,96,0,1
2,90.88,6,3,1,0
14,32.04,6,26,0,0
17,123.64,7,45,1,0
58,63.17,3,5,2,0
31,60.45,3,17,1,0
47,44.2,5,20,0,0
12,43.79,3,6,0,0
36,65.29,3,1,0,0
37,28.63,4,6,2,0
38,44.54,1,3,0,0
2,70.85,6,3,1,0
35,73.77,5,4,0,0
28,50.39,3,4,1,0
15,18.14,7,4,1,0
14,40.66,8,1,0,0
60,93.76,4,11,2,0
58,41.75,8,14,0,0
26,45.7,4,19,0,0
42,60.76,6,34,0,0
18,37.63,5,2,0,0
38,36.72,3,25,2,0
23,46.85,3,29,0,0
19,57.44,5,13,0,0
14,41.35,7,2,3,0
22,60.05,7,2,1,0
26,82.02,2,6,0,0
49,118.58,3,5,0,0
32,42.25,4,16,0,0
2,75.77,4,9,0,0
9,51.42,6,17,0,0
29,81.35,3,4,1,0
54,42.55,6,5,0,0
37,129.12,2,90,0,0
59,43.55,7,19,0,0
56,55.32,5,22,0,0
25,42.29,4,1,1,0
7,25.37,5,18,0,0
18,40.94,2,32,2,0
25,32.46,9,20,1,0
22,65.48,7,4,0,0
57,55.41,7,12,1,0
9,46.59,4,11,1,0
8,89.95,8,1,0,0
42,47.7,8,4,0,0
28,81.0,6,38,0,1
4,79.44,5,9,1,0
36,60.08,5,4,2,0
56,22.39,3,8,1,0
11,45.69,5,14,0,0
26,36.66,7,34,0,0
44,70.98,6,4,0,0
53,53.77,2,3,0,0
8,63.1,4,37,1,0
9,40.7,2,43,1,0
35,66.06,5,51,0,1
41,75.85,3,24,0,0
31,135.1,9,52,0,0
31,86.65,5,2,0,0
41,49.38,3,31,1,0
38,93.72,5,0,0,0
52,74.85,8,14,0,0
55,39.98,5,7,0,0
5,84.88,1,7,0,0
8,58.07,6,29,0,0
44,54.53,5,35,0,0
51,80.65,5,31,0,0
24,40.02,7,40,0,0
52,24.21,6,20,0,0
26,39.2,9,30,1,0
38,53.45,3,7,2,1
2,44.71,2,15,0,0
55,78.98,5,73,0,0
27,78.04,6,57,0,1
24,48.99,6,20,1,0
22,74.55,5,36,1,0
51,45.91,4,28,0,0
29,100.39,5,6,0,0
33,118.18,5,6,1,0
36,44.32,3,5,0,0
1,30.39,9,9,1,0
27,42.23,4,26,0,0
39,93.71,5,42,0,0
38,27.28,6,10,0,0
17,66.97,5,22,0,0
6,37.01,10,60,1,0
10,32.35,5,47,0,1
4,75.52,4,7,0,0
4,55.84,2,17,0,0
16,91.77,7,23,1,0
49,100.56,5,19,0,0
37,41.99,5,16,0,0
39,52.1,4,10,0,0
16,63.08,10,30,0,1
54,42.49,6,38,1,0
35,80.07,6,2,0,0
7,61.35,4,2,0,0
60,48.89,5,16,1,0
49,49.32,7,23,0,0
6,95.45,6,16,2,0
26,45.6,5,37,1,1
37,92.57,10,31,0,0
27,57.77,9,19,0,0
3,26.5,3,79,1,0
26,27.28,5,11,0,0
17,46.89,3,1,0,0
57,66.47,5,39,1,0
38,59.63,5,21,0,0
23,47.52,5,10,1,0
38,55.31,6,7,2,0
26,73.26,8,19,0,0
41,18.25,10,4,0,0
20,52.73,7,15,0,0
22,50.27,8,13,2,0
18,80.81,3,14,0,0
17,50.62,4,53,1,0
51,29.42,7,26,0,0
48,78.42,7,22,0,0
10,36.4,8,18,0,0
34,45.86,5,21,1,0
27,34.19,4,80,1,1
7,48.95,4,22,0,0
22,58.12,7,8,0,0
38,31.8,5,2,0,1
36,88.52,6,4,0,0
43,33.46,8,2,0,0
54,90.99,7,18,0,0
38,64.51,2,6,0,0
58,22.82,2,3,0,0
31,73.34,5,12,1,0
46,50.48,2,4,2,0
57,87.45,2,11,0,0
45,34.61,4,47,0,1
49,48.81,5,15,2,0
2,27.49,2,0,0,0
55,68.13,3,15,0,0
31,103.84,5,7,0,0
33,68.28,5,30,1,0
56,68.55,4,10,0,0
9,50.64,5,12,1,0
33,53.83,4,31,0,0
28,68.98,6,7,0,0
3,62.94,7,39,0,0
54,54.85,3,6,0,0
2,36.04,6,36,0,0
43,60.18,4,12,1,0
21,35.61,5,3,0,0
57,32.59,9,41,0,0
38,83.41,3,0,1,0
55,46.53,3,1,0,0
44,86.62,7,67,2,1
58,55.61,7,11,0,0
17,90.36,6,15,1,0
3,68.71,3,4,0,0
22,55.98,6,56,0,0
1,70.01,7,2,2,0
45,55.02,7,4,0,0
38,77.09,5,63,1,0
29,61.22,6,23,0,0
8,33.49,4,0,0,0
17,28.73,8,15,3,0
27,29.64,7,18,1,0
21,85.58,7,11,0,1
56,45.44,5,3,0,0
14,77.14,7,2,1,0
42,47.52,8,11,0,0
27,86.57,4,60,0,1
15,66.06,3,3,0,0
21,113.29,7,30,0,0
27,54.87,3,21,1,0
42,89.82,4,29,1,0
53,64.83,3,13,0,0
17,68.87,5,8,0,0
38,40.24,4,4,0,0
29,38.18,5,14,0,0
29,87.82,2,23,0,0
51,68.24,2,20,0,0
2,49.58,4,13,1,0
33,55.78,6,6,0,0
32,29.04,2,15,1,0
51,70.34,9,30,1,0
46,126.91,7,1,0,0
41,22.21,3,9,1,0
7,34.27,10,3,1,0
27,53.82,5,8,1,0
38,84.8,11,6,1,0
31,48.51,5,11,1,0
41,85.82,5,31,0,1
19,30.63,3,39,1,0
49,43.78,3,15,1,0
32,67.08,8,10,0,0
30,93.12,10,6,1,0
33,32.37,7,20,0,0
57,89.34,5,5,2,0
21,147.48,7,19,1,0
44,56.7,11,7,0,0
10,39.84,3,10,0,1
33,62.31,4,7,2,0
52,41.63,3,21,1,0
22,33.99,3,6,1,0
17,31.92,3,17,1,0
12,34.42,6,13,0,0
42,72.28,4,1,0,0
60,58.48,8,13,0,0
58,53.79,6,14,1,0
48,100.98,4,90,0,1
10,54.28,6,4,1,0
14,46.55,5,17,0,0
16,37.7,5,1,1,0
3,63.28,7,13,1,0
21,72.15,8,20,0,0
9,47.27,2,8,0,0
8,103.47,5,29,1,0
17,34.08,5,5,0,0
41,39.5,3,13,0,0
47,163.78,4,20,2,0
40,62.61,4,6,0,0
18,30.65,3,34,0,0
35,35.94,5,2,1,0
12,61.14,5,4,0,0
54,48.84,7,5,0,0
55,64.21,4,52,0,1
22,67.2,3,5,0,0
44,50.67,7,5,0,0
47,17.94,5,21,1,0
20,36.11,7,5,0,0
60,46.52,6,26,0,0
20,49.11,6,2,0,0
4,75.07,8,11,0,0
15,87.26,4,21,0,0
28,34.24,3,1,0,0
11,25.39,2,9,1,0
47,55.94,7,2,2,0
30,53.99,5,3,1,0
14,63.81,5,42,0,0
19,60.63,5,4,0,0
11,26.15,4,30,2,1
17,58.75,5,43,0,0
9,38.57,5,16,0,0
30,40.58,2,2,2,1
17,38.18,8,38,0,0
44,62.75,8,11,1,1
42,64.41,5,1,0,0
24,24.87,5,5,2,0
23,29.28,7,4,1,1
35,53.23,3,14,1,0
4,63.55,6,0,1,0
20,89.48,6,33,0,0
40,43.76,5,16,0,0
58,60.15,6,46,0,0
18,62.96,7,14,0,0
14,37.98,4,13,0,0
44,43.22,5,1,0,0
27,42.35,9,2,0,0
44,74.51,5,88,0,1
34,74.93,6,20,0,0
15,68.84,3,10,1,0
14,81.9,7,3,1,0
41,61.15,6,10,0,0
27,37.32,7,53,0,0
24,41.82,3,1,0,0
60,90.51,5,3,0,0
18,51.56,5,23,1,0
35,51.12,4,3,0,0
56,32.81,6,52,1,0
40,36.9,3,12,0,0
24,48.58,4,67,0,0
43,75.33,2,3,0,0
28,51.61,2,43,1,0
43,20.5,5,38,1,0
24,57.46,4,23,1,0
58,68.7,4,1,0,0
51,77.27,4,38,0,0
10,52.63,5,34,0,0
51,42.87,3,3,1,0
39,35.93,4,34,0,0
10,67.51,3,8,0,0
18,51.64,3,19,1,0
19,32.04,4,12,1,0
41,60.58,8,11,1,0
18,64.32,3,0,0,0
35,62.39,9,12,0,0
50,75.53,5,34,1,0
28,22.39,2,54,0,0
38,51.02,3,6,1,1
39,35.93,6,9,0,0
26,48.84,3,37,0,0
28,74.44,4,15,0,0
40,72.63,6,7,1,0
41,69.53,4,20,0,0
50,20.75,6,18,1,0
15,80.64,3,14,2,0
38,67.32,6,35,2,0
4,86.53,6,2,0,0
46,79.44,2,3,0,0
9,31.19,8,15,1,1
35,29.1,5,19,0,0
29,37.52,2,31,2,0
45,45.83,5,33,0,0
10,49.35,4,6,0,0
20,127.17,7,16,0,0
18,30.68,7,12,1,0
24,46.4,4,30,2,0
53,60.34,3,6,0,0
60,59.77,6,24,1,0
58,48.65,8,15,0,0
16,69.11,9,12,0,0
60,150.41,4,5,0,0
22,46.08,11,36,0,0
20,88.09,6,10,0,0
4,48.33,5,6,0,0
12,32.71,6,25,0,1
17,76.03,4,65,0,0
58,77.18,3,8,0,0
1,72.62,4,51,0,0
48,131.83,4,8,0,0
56,28.77,3,35,1,1
17,71.21,5,26,2,0
45,36.14,3,14,0,0
32,59.14,3,54,0,1
46,44.32,6,82,0,0
7,63.85,7,19,0,0
42,57.16,6,7,0,0
50,61.24,5,42,0,1
32,34.46,7,9,0,0
51,70.33,5,61,1,1
60,32.54,2,6,2,0
28,71.49,6,18,1,0
25,49.09,4,34,0,0
48,66.48,5,81,1,0
28,32.36,3,8,1,0
16,82.44,3,26,0,0
12,42.08,1,15,0,0
55,45.43,7,38,1,0
11,38.21,5,14,2,0
7,51.74,5,1,0,0
52,83.26,4,16,2,0
48,66.11,6,12,0,0
30,42.56,7,16,1,1
1,72.15,7,7,0,0
26,62.17,1,23,2,0
11,72.25,7,33,1,1
53,29.01,6,10,0,0
14,76.27,5,21,1,0
16,38.01,3,1,1,0
42,45.42,2,7,1,0
50,34.77,4,17,1,0
1,111.46,10,13,0,0
43,66.46,6,15,1,0
59,88.8,5,61,0,0
35,54.11,7,49,1,0
27,39.95,6,9,1,0
41,46.7,3,41,0,0
47,55.29,3,25,0,0
31,31.91,6,11,1,0
46,43.3,3,18,0,0
45,33.09,8,22,0,0
55,30.1,2,36,0,0
34,60.51,5,7,0,0
60,128.73,5,50,2,1
52,81.2,5,1,3,0
42,81.57,4,8,0,0
30,50.87,2,12,1,0
57,73.81,4,20,0,0
4,62.04,6,43,0,0
34,36.62,7,1,1,0
37,40.91,6,7,0,0
16,53.01,4,28,0,0
59,82.04,8,10,1,0
20,94.87,3,13,0,0
27,74.73,2,27,0,0
31,146.04,4,9,0,0
42,51.76,4,11,0,0
49,43.12,3,5,1,0
51,42.98,9,1,0,0
26,53.11,3,13,0,0
23,31.14,5,6,0,0
57,37.98,5,26,0,0
33,66.16,2,61,3,1
38,84.53,7,5,0,0
26,38.03,4,33,0,0
45,30.8,5,22,1,0
22,36.13,6,16,0,0
12,55.54,2,28,0,0
19,63.05,6,92,1,0
15,111.32,4,34,1,0
34,50.09,7,13,0,0
42,25.37,4,68,1,0
6,81.72,6,6,0,0
13,72.05,3,13,0,0
10,59.4,1,25,0,0
33,53.77,2,28,0,0
24,100.8,5,2,0,0
53,68.44,4,38,1,0
15,42.76,6,6,1,0
15,40.07,5,42,0,0
39,55.57,9,50,0,0
41,74.83,4,50,2,0
45,31.33,6,14,0,0
56,27.08,5,8,1,0
19,39.27,4,10,0,0
47,22.92,1,38,0,0
16,34.47,7,14,0,0
59,115.35,9,26,0,0
23,66.88,7,5,0,0
60,71.32,8,9,0,0
28,54.71,7,41,2,0
22,40.54,8,7,0,0
46,45.77,3,12,0,0
29,26.42,5,36,1,0
28,77.24,5,19,1,0
29,48.97,4,20,2,0
43,41.39,8,2,0,0
48,42.65,3,31,1,0
41,94.66,6,10,0,0
6,30.49,5,47,1,1
33,60.65,4,112,0,1
40,43.4,6,32,0,0
5,67.21,7,48,1,0
19,44.04,7,16,1,0
28,37.79,4,20,0,0
43,81.6,4,5,0,1
57,40.44,9,28,0,0
59,73.92,7,32,0,0
35,67.47,3,18,3,0
7,94.34,2,13,0,0
41,42.53,5,4,0,0
16,53.31,7,1,1,0
18,28.4,4,14,0,0
6,42.77,3,5,1,0
31,40.67,3,7,0,0
29,26.93,12,6,0,0
56,45.02,4,42,0,0
29,36.86,4,5,1,0
8,52.11,4,45,0,0
7,65.79,3,15,1,0
34,68.02,5,21,0,0
38,58.26,7,11,0,0
2,64.06,6,18,0,0
47,56.97,3,118,0,1
20,26.97,2,45,2,1
49,53.45,7,1,0,0
40,57.29,6,3,0,0
5,53.35,4,10,0,0
37,80.88,4,30,1,0
46,48.94,7,69,0,1
50,63.32,8,9,0,0
42,78.05,1,7,0,0
55,45.54,5,44,0,0
29,92.89,3,35,0,0
32,54.05,4,15,1,0
22,44.41,7,9,0,0
60,52.15,8,9,0,0
35,44.87,4,1,1,0
59,61.65,9,30,0,0
3,79.46,8,3,1,0
33,79.42,8,8,1,0
59,27.42,2,26,1,0
18,91.41,5,2,1,0
36,70.75,5,2,0,0
29,40.87,6,7,0,0
40,31.15,7,6,1,0
32,36.95,5,25,1,0
1,76.24,7,7,0,0
46,84.87,9,66,0,0
44,72.29,7,4,0,0
36,65.9,9,6,1,0
10,67.0,4,8,1,0
38,26.17,4,22,1,0
55,46.84,4,28,1,0
8,82.0,4,24,0,0
12,78.53,5,0,0,0
52,124.68,3,2,0,0
60,57.89,7,7,1,0
43,61.22,3,7,0,0
49,97.12,6,18,0,0
11,55.95,8,78,0,0
10,63.33,5,0,0,0
33,57.56,6,14,1,0
40,35.35,4,32,0,1
29,55.57,6,3,2,1
57,70.53,4,3,0,0
16,50.6,4,1,1,0
56,57.6,7,12,0,0
11,97.8,7,3,0,0
11,32.47,3,47,0,0
48,69.56,6,0,2,0
56,75.41,4,22,0,0
24,32.78,2,8,0,0
17,86.22,6,29,0,1
34,181.32,6,18,0,0
55,91.97,4,5,0,0
42,112.62,3,27,0,0
25,33.1,4,41,2,0
4,74.67,4,29,0,0
36,63.3,3,35,0,0
30,45.84,5,30,0,0
10,121.14,11,10,1,0
5,45.52,5,31,1,1
38,37.51,5,6,0,0
31,60.99,7,0,0,0
28,39.86,1,5,1,0
39,99.38,8,8,0,0
4,23.06,4,2,1,0
20,47.56,8,13,0,0
24,23.63,6,2,0,0
38,63.76,3,23,0,0
20,85.14,8,4,0,0
5,66.87,4,46,0,0
17,85.65,4,5,1,0
57,32.79,4,15,1,0
19,56.96,6,33,2,1
58,54.24,5,5,1,0
1,50.11,6,29,0,0
32,38.57,6,27,0,0
39,69.31,5,10,1,0
44,31.15,4,9,0,0
18,54.38,5,38,2,0
31,57.92,2,17,0,0
34,46.78,5,9,0,0
34,31.11,4,3,1,0
20,61.98,3,32,1,0
35,65.7,3,17,0,0
51,45.07,5,9,0,0
41,56.42,2,3,0,0
20,38.63,5,39,0,0
10,99.04,5,8,0,0
12,134.28,6,35,1,0
25,63.33,5,81,1,1
19,73.35,5,11,0,0
18,106.92,6,22,1,0
60,62.83,9,25,0,0
14,95.79,5,17,1,0
20,33.24,7,7,1,0
33,19.04,7,22,0,0
29,72.92,7,28,0,1
57,81.26,5,12,2,0
60,45.11,6,0,0,0
60,38.86,4,13,2,0
60,58.06,10,37,0,0
58,45.84,3,25,0,1
10,98.88,3,17,1,0
17,26.13,2,5,2,0
13,49.94,2,17,0,0
55,51.98,4,32,0,0
48,38.84,5,26,0,0
30,66.42,4,29,0,0
57,52.02,4,6,1,0
19,97.43,1,36,0,0
49,121.78,4,16,1,0
53,16.65,4,6,1,0
2,70.76,5,4,0,0
9,38.88,9,12,0,0
10,111.45,4,66,0,0
51,60.91,5,3,1,0
47,34.94,3,4,3,0
46,41.14,7,9,0,0
35,34.71,5,19,0,0
36,64.1,7,3,0,0
8,28.43,4,9,0,0
3,46.8,3,8,0,0
28,27.4,6,13,1,0
26,77.79,2,135,0,1
42,49.23,8,11,0,0
47,64.22,4,18,1,0
41,52.97,3,104,1,0
51,27.53,6,3,0,0
11,45.11,4,17,0,0
16,56.22,7,4,0,0
16,40.27,6,19,0,0
10,31.1,3,41,1,1
15,133.16,5,21,1,1
7,33.29,1,85,0,0
41,39.57,4,0,0,0
30,56.34,9,20,2,1
35,48.32,4,63,0,0
15,65.06,6,11,1,0
17,40.46,6,17,0,0
34,48.75,7,17,0,0
53,68.96,5,14,0,0
54,59.3,5,99,1,1
46,88.03,5,18,0,0
20,56.96,5,23,0,0
39,48.79,6,18,0,0
20,86.56,8,41,0,0
31,41.58,2,6,1,0
49,50.33,8,8,0,0
12,50.83,3,19,1,0
54,71.18,5,4,0,0
21,79.97,8,0,1,0
28,52.16,7,5,0,0
16,50.56,6,1,1,0
14,51.2,3,24,1,0
13,59.78,5,34,0,0
10,65.28,4,24,0,0
3,74.99,7,17,0,0
11,28.2,6,16,0,0
14,43.08,4,32,0,0
35,83.58,2,13,0,0
20,33.88,6,17,0,0
11,32.22,2,13,0,0
46,65.77,2,55,2,0
26,29.44,7,1,0,0
51,71.41,3,43,1,1
7,79.95,2,12,0,0
38,97.81,5,52,0,1
39,63.84,4,7,0,0
18,62.57,4,23,1,0
10,19.08,5,43,1,0
50,44.35,3,8,0,0
56,93.47,5,2,1,0
32,34.34,5,6,0,0
40,41.01,5,14,1,0
31,67.03,5,36,0,0
34,74.25,5,1,0,0
54,69.23,4,8,0,0
45,73.2,6,2,1,0
37,87.22,3,2,1,1
12,77.3,6,74,0,1
27,90.33,5,36,1,0
50,50.35,5,16,1,0
29,43.42,6,14,0,0
40,108.41,3,41,1,0
12,58.23,3,4,1,0
41,65.92,2,23,2,0
24,47.24,5,21,0,0
42,30.49,3,84,0,1
51,83.35,9,56,0,0
17,77.15,4,9,0,0
5,74.15,5,16,0,0
2,32.09,8,15,0,0
7,57.73,6,39,0,0
57,82.58,8,50,2,1
51,34.31,5,22,1,0
45,37.3,5,12,0,0
19,61.76,3,5,0,1
24,35.15,4,20,0,0
24,20.03,2,28,1,0
52,44.96,7,2,0,0
52,39.59,4,114,1,1
13,68.15,6,25,0,0
59,79.69,3,27,0,0
32,41.2,6,3,0,0
36,147.22,4,33,0,0
39,62.6,6,3,0,0
46,40.33,4,17,1,0
51,70.43,4,37,0,1
47,65.09,4,51,0,0
1,67.61,6,28,0,0
51,105.67,6,1,0,0
6,35.77,2,0,0,0
51,71.99,10,10,0,0
49,56.42,7,50,0,0
18,26.19,2,15,0,0
35,29.04,1,43,1,0
52,88.99,7,14,0,0
28,76.89,9,49,0,0
38,104.78,3,18,0,0
35,61.15,8,45,0,0
15,25.78,3,2,0,0
23,49.18,4,26,0,0
1,50.1,4,18,0,0
26,52.68,9,39,0,0
3,35.77,5,3,1,0
43,96.74,9,2,1,0
26,38.0,4,13,1,0
2,55.34,5,15,0,0
12,39.55,8,1,0,0
48,72.48,4,6,0,0
12,31.96,6,22,0,0
29,31.06,3,2,0,0
49,83.05,7,3,0,0
49,65.85,7,1,1,0
30,110.95,5,2,1,0
47,60.04,6,24,1,0
57,61.2,4,13,1,0
39,37.07,4,19,0,0
49,90.01,2,49,0,0
37,82.39,7,29,0,0
3,83.19,5,19,0,0
58,62.52,7,6,1,0
59,44.63,5,45,1,0
37,55.7,6,31,0,0
10,61.13,5,2,0,0
30,51.83,6,3,0,0
32,48.71,5,30,0,0
57,76.39,7,86,0,0
44,86.16,8,11,1,0
10,38.09,2,35,0,0
29,60.13,6,51,0,0
51,107.94,8,24,0,0
50,41.61,5,0,0,0
44,49.49,4,80,0,0
55,40.35,4,10,1,0
43,53.51,3,1,0,0
28,62.91,4,8,1,0
54,58.0,2,49,0,0
9,78.96,5,12,0,0
42,57.97,4,57,1,0
52,65.19,2,16,0,0
14,46.27,2,2,1,0
27,35.17,3,70,0,0
9,119.95,5,14,2,0
10,72.8,5,11,0,0
36,41.01,7,27,0,0
46,55.35,7,6,0,0
32,73.21,1,7,2,0
59,48.28,7,7,0,0
39,55.52,4,6,0,0
44,68.96,7,19,2,1
29,65.12,5,3,0,0
35,29.46,3,33,3,0
8,54.79,8,34,1,0
31,27.72,7,67,0,0
50,62.14,4,48,0,0
1,62.21,5,16,1,0
12,57.36,8,19,0,0
25,71.12,11,24,0,0
5,26.23,5,14,2,0
2,47.54,3,2,1,0
2,42.67,9,1,0,0
5,45.57,5,12,0,0
33,39.57,7,25,2,0
43,43.64,7,24,2,0
36,32.59,5,2,0,0
18,52.96,1,16,0,0
40,60.8,6,31,0,0
20,76.04,3,10,0,0
28,49.27,5,2,0,0
30,73.98,1,10,0,1
59,50.37,4,35,0,0
31,88.36,7,22,0,0
31,62.86,7,39,1,0
6,46.53,8,5,1,0
48,84.99,6,7,0,0
4,41.9,1,43,0,0
40,65.17,4,2,0,0
58,39.56,6,10,2,0
32,83.15,6,13,0,0
1,107.75,4,15,0,0
19,25.9,2,1,1,0
1,51.46,7,26,1,0
8,124.36,3,4,1,0
40,38.75,3,4,0,0
19,47.96,4,25,0,0
1,57.35,5,15,1,1
41,45.55,5,2,0,0
38,103.82,4,22,0,0
4,91.95,5,16,1,0
17,30.03,6,31,0,0
35,48.32,7,36,0,0
16,109.75,4,63,0,0
14,41.43,6,8,0,0
50,59.51,6,63,0,0
41,33.07,10,19,0,0
3,75.23,7,11,0,0
22,64.94,3,18,1,0
51,40.37,8,67,0,0
51,74.81,7,38,1,1
43,36.23,4,78,0,0
60,86.03,6,24,1,0
29,85.71,2,32,2,0
40,72.74,5,11,1,0
43,59.22,5,3,1,0
6,39.64,5,14,1,0
42,35.53,4,77,0,0
43,76.69,6,125,1,1
6,23.35,3,2,0,0
31,37.57,3,88,1,1
38,62.89,5,17,0,0
10,42.8,4,45,0,0
55,105.03,5,37,1,0
21,38.14,4,3,2,0
5,39.75,6,56,0,0
46,42.93,3,13,1,0
4,34.44,6,18,0,0
13,86.12,5,37,1,0
5,26.76,2,79,1,1
13,55.4,5,123,0,1
60,102.52,4,21,0,0
59,72.07,3,26,0,0
21,58.72,8,7,0,0
57,41.34,3,19,1,0
10,47.84,7,28,0,0
31,69.31,6,23,0,0
16,117.5,6,12,0,0
2,47.48,5,5,0,0
24,25.52,4,5,0,0
41,88.01,3,8,2,0
39,56.63,7,35,3,0
23,57.87,3,8,0,0
10,43.47,5,16,1,0
9,38.35,8,16,0,1
48,27.62,5,12,0,0
5,63.76,11,18,1,0
22,76.43,6,23,2,0
44,67.88,7,52,1,0
18,42.86,4,3,1,0
59,134.77,3,7,0,0
37,99.0,6,10,0,1
8,74.52,3,38,0,1
40,49.24,4,5,0,0
45,81.15,1,10,1,0
43,52.34,3,13,0,0
24,95.67,3,33,1,0
53,56.0,3,6,1,0
12,41.23,3,53,0,1
37,89.16,7,11,0,0
57,96.36,5,29,3,0
51,62.02,6,4,0,0
28,63.03,7,11,0,0
4,83.48,4,2,0,0
41,28.59,6,105,1,0
49,69.77,6,41,1,0
53,58.39,6,60,1,0
25,43.28,4,17,0,0
44,67.1,7,35,0,0
25,132.4,1,14,1,0
21,34.67,7,3,0,0
48,65.25,4,18,0,0
14,47.56,5,17,2,0
18,39.75,3,8,0,0
19,44.84,4,8,1,0
50,73.35,2,18,1,0
5,52.95,5,1,3,0
48,74.21,1,12,0,0
21,46.02,4,15,0,0
16,79.77,4,56,0,0
32,32.28,9,1,1,0
53,79.51,5,15,0,0
15,28.55,7,8,0,0
21,64.04,4,2,0,0
44,49.67,4,15,1,0
8,28.13,7,28,0,0
20,75.09,4,17,0,0
37,66.68,5,32,0,0
12,51.23,5,20,0,0
48,22.31,8,3,0,0
31,67.34,5,28,1,0
29,58.19,5,37,0,0
6,21.16,6,15,3,0
49,69.38,5,47,1,0
5,108.1,5,13,1,1
19,28.28,4,9,0,0
6,38.8,7,4,1,0
56,63.21,8,35,2,0
59,108.8,4,2,1,0
6,56.24,7,16,0,0
56,64.86,5,47,0,1
49,24.21,6,122,2,0
26,66.95,4,20,0,0
40,47.61,6,27,0,0
2,67.73,2,15,3,0
8,89.68,7,20,0,0
17,106.45,3,2,0,0
24,77.83,4,21,0,0
51,50.04,5,22,1,0
14,39.31,6,8,0,0
46,36.86,5,44,0,0
56,44.1,2,22,1,0
60,105.98,3,0,0,0
47,38.69,5,4,0,0
36,38.53,6,8,0,0
16,45.78,6,13,0,0
37,49.05,7,5,0,0
40,38.99,5,9,3,1
7,65.53,6,36,0,0
19,67.93,2,6,0,0
31,47.93,2,27,0,0
26,54.36,3,5,0,0
26,46.6,3,4,0,0
11,82.19,6,6,1,0
16,41.03,6,5,1,0
50,37.45,7,18,1,0
53,126.4,6,1,0,0
18,31.94,4,2,2,0
36,65.56,7,18,1,0
53,44.62,5,61,0,0
10,93.65,3,14,0,0
60,36.0,8,35,0,0
34,60.82,2,42,0,0
41,63.6,6,2,1,0
4,84.11,5,13,0,0
12,48.49,4,18,0,0
48,110.53,5,38,0,0
32,66.49,6,16,1,1
22,84.96,6,3,0,0
56,86.46,4,6,0,0
23,56.4,4,74,0,1
49,48.57,6,14,0,0
60,40.09,4,3,0,0
39,59.99,4,6,2,0
36,40.98,9,19,0,0
27,59.93,11,11,0,0
24,83.98,5,15,0,0
58,46.08,1,16,1,1
8,29.86,6,11,0,0
21,51.16,4,8,0,0
43,49.76,7,15,0,0
34,62.14,5,11,0,0
50,57.13,2,31,2,0
38,56.02,5,4,1,0
5,65.29,7,37,0,0
22,65.73,5,27,1,0
46,73.33,2,6,0,1
58,41.9,6,3,0,0
43,45.83,6,27,0,0
47,42.33,5,40,1,1
26,68.49,3,28,1,0
58,41.08,4,14,0,0
46,49.73,2,18,0,0
53,133.09,4,1,1,0
39,67.95,8,39,1,0
18,64.69,5,10,0,0
11,41.08,3,5,1,0
56,84.51,2,18,2,1
4,49.46,2,5,0,0
26,88.69,6,9,0,0
2,48.12,5,35,0,0
60,29.7,8,2,1,0
58,45.72,4,4,1,0
32,49.88,6,45,0,1
38,46.02,3,25,0,0
44,71.06,7,40,0,0
37,105.33,6,10,0,0
38,24.68,2,7,1,0
23,39.48,2,8,1,0
22,66.61,5,2,0,0
23,35.93,7,20,2,1
31,84.78,5,29,1,0
56,37.06,5,22,0,0
10,62.07,5,12,1,0
6,34.63,4,16,0,0
10,60.4,6,5,1,0
51,26.58,4,1,0,0
49,44.78,4,2,0,0
24,50.34,5,7,0,0
28,77.57,4,32,0,0
37,78.66,8,2,0,0
53,54.74,8,3,0,0
50,78.98,6,6,1,0
41,41.86,5,0,0,0
38,85.27,5,1,2,0
17,80.75,4,18,1,0
53,61.06,6,14,0,0
25,73.55,8,13,1,0
22,43.9,8,4,1,1
54,55.92,4,10,1,0
7,82.98,3,40,1,0
51,58.74,4,106,1,1
45,48.61,3,61,0,0
25,59.44,8,29,1,0
26,26.77,1,38,2,0
51,63.96,5,16,2,0
41,35.42,3,23,0,0
48,30.51,7,14,0,1
53,51.32,7,17,0,0
26,78.37,5,43,0,0
6,46.86,3,1,0,0
48,57.63,10,10,0,0
13,66.02,5,4,3,0
8,57.5,8,15,1,0
43,61.84,3,26,0,0
19,48.62,6,37,0,0
26,41.26,4,2,0,0
40,56.36,2,44,0,0
47,88.72,8,1,0,0
37,42.88,4,3,0,0
48,52.49,3,4,0,0
36,47.85,5,123,0,1
40,125.63,5,5,1,0
29,80.82,5,9,1,0
16,44.17,3,33,1,0
2,19.5,6,24,0,0
15,67.62,4,22,0,0
41,43.28,5,49,0,0
43,22.65,5,1,0,0
16,41.99,1,9,0,0
13,96.11,5,91,1,1
57,64.42,9,42,0,0
17,42.77,5,11,1,0
48,56.92,7,42,2,0
17,57.8,3,19,0,0
30,76.84,6,4,0,0
60,60.39,7,5,0,0
51,64.83,5,15,2,0
35,40.24,5,35,1,0
44,66.6,4,3,0,0
25,19.72,4,0,1,0
59,87.06,5,4,1,0
22,43.49,5,12,0,0
24,70.05,7,4,0,0
2,54.04,6,22,0,0
20,25.15,6,25,0,0
54,29.52,7,3,1,0
44,72.21,9,6,0,0
44,45.61,6,2,0,0
38,34.22,10,9,0,0
52,63.33,7,37,0,0
55,64.66,8,14,0,0
43,45.49,8,19,0,0
21,79.79,6,13,0,0
3,34.29,4,27,0,0
37,42.25,5,5,1,0
11,40.76,4,6,1,0
46,114.54,5,3,0,0
16,33.68,4,9,2,1
49,71.66,4,58,0,0
21,81.92,5,2,1,0
18,45.83,9,2,0,0
28,43.69,6,45,0,0
9,112.3,5,3,0,0
18,50.32,5,8,0,0
9,66.52,4,4,0,0
52,68.83,9,12,1,0
5,41.24,8,7,0,0
12,33.95,6,7,0,0
37,36.81,4,11,0,0
50,28.35,3,19,0,0
49,76.51,4,10,1,0
35,25.35,3,13,0,0
12,55.7,4,15,1,0
25,86.03,8,11,1,0
8,18.63,3,7,0,0
21,30.79,2,24,2,0
11,35.74,5,9,1,0
15,72.96,8,15,1,0
9,74.92,6,21,0,0
19,43.01,4,14,1,0
39,83.26,2,2,1,0
12,52.87,4,29,0,0
16,57.75,6,23,1,0
46,53.09,3,4,1,0
14,77.74,5,21,0,0
44,69.3,6,8,1,0
60,56.82,3,33,1,0
30,26.69,4,17,1,0
50,73.47,5,6,0,0
20,75.64,5,57,0,0
47,55.68,5,9,2,0
34,86.26,3,23,1,0
51,68.0,2,9,1,0
58,55.63,4,34,1,0
52,75.43,4,0,0,0
28,38.51,7,27,0,0
4,60.74,3,16,0,0
53,65.24,6,26,0,0
46,92.3,8,5,0,0
11,42.11,4,2,0,0
18,36.92,5,31,1,0
14,74.22,5,8,0,0
42,47.35,4,22,0,0
45,34.6,5,1,1,0
36,61.72,8,2,1,0
28,144.47,4,16,0,0
2,67.84,10,42,0,0
19,33.97,5,5,1,0
52,41.45,4,3,0,0
54,37.32,5,44,0,0
5,35.15,11,26,1,0
32,54.75,6,17,1,0
9,42.52,4,1,1,0
24,105.05,4,5,1,0
39,43.19,4,5,0,0
9,66.01,5,1,0,0
23,62.94,5,38,0,0
28,82.98,7,14,0,0
58,44.23,5,13,1,0
6,33.25,4,15,1,0
56,44.43,2,30,0,0
28,71.18,3,26,2,1
25,50.31,5,42,0,0
59,43.09,5,20,0,0
49,81.86,6,3,1,0
58,65.74,7,3,0,0
55,20.92,8,3,0,0
29,41.48,6,6,0,0
42,98.76,3,6,0,0
43,59.14,5,2,1,0
3,60.38,6,49,0,0
54,28.85,3,54,1,0
53,73.8,5,33,0,0
52,62.07,5,46,1,0
42,51.98,3,20,1,0
37,42.53,4,28,2,1
29,66.73,7,5,1,0
25,37.97,6,38,0,0
9,62.06,4,13,0,0
52,41.59,3,5,0,0
24,42.16,4,3,0,0
26,37.65,3,7,1,0
20,80.18,5,37,1,0
15,70.58,5,23,0,0
13,79.69,4,11,0,0
11,64.91,7,2,0,0
28,60.67,7,29,1,0
55,112.38,1,35,3,0
18,48.9,5,16,1,0
31,111.9,6,29,0,0
36,99.06,2,15,0,0
60,90.18,4,11,0,0
46,80.87,8,18,1,0
35,121.72,6,0,0,0
18,63.58,3,8,0,1
12,47.47,7,37,1,0
22,47.27,5,14,0,0
51,38.17,3,14,0,0
26,93.63,4,4,0,0
30,86.88,5,12,1,0
7,75.76,9,11,1,0
54,36.35,5,7,0,0
50,85.59,5,11,0,0
57,48.04,9,21,1,0
50,38.84,7,29,0,1
31,133.61,9,1,0,0
14,43.4,2,29,1,0
51,57.39,4,22,0,0
31,35.16,6,11,0,0
6,59.24,6,4,0,0
48,74.19,4,41,0,1
59,95.06,9,19,0,0
44,41.99,7,20,2,0
16,63.23,5,4,0,0
32,39.13,5,11,1,0
22,51.54,10,26,0,0
28,73.32,3,57,0,1
24,31.1,10,15,1,0
5,76.01,4,1,2,0
28,30.14,6,14,0,0
20,60.21,5,32,0,0
56,51.93,2,10,0,0
34,46.2,6,1,0,0
45,50.15,9,14,0,0
16,87.24,6,1,0,0
7,37.73,6,59,0,0
58,44.0,7,32,0,0
4,134.38,8,11,1,0
5,78.5,6,47,1,1
16,63.26,4,18,3,0
51,83.71,5,9,1,0
54,54.73,3,9,0,0
16,58.52,7,2,0,0
3,38.22,6,8,1,0
38,75.2,4,37,1,0
36,42.84,5,65,0,1
27,102.0,7,1,1,0
51,42.22,3,77,0,0
57,60.03,6,60,1,0
31,34.49,4,22,0,0
28,38.9,6,5,0,0
38,42.08,5,3,1,0
51,96.68,1,2,1,0
16,73.32,3,29,1,1
59,75.38,4,5,0,0
55,99.96,4,25,1,0
24,58.59,3,31,1,0
6,27.92,5,30,1,0
21,60.82,5,17,0,0
37,72.86,5,7,0,0
16,51.71,4,15,0,0
3,97.81,7,39,0,0
11,45.32,7,8,0,0
4,28.82,3,24,0,1
43,68.7,5,3,0,0
46,63.58,2,22,0,0
34,35.37,4,4,0,0
33,48.49,7,22,0,0
32,64.26,5,45,0,0
35,26.47,5,18,1,0
59,53.41,5,3,2,0
49,55.36,5,33,0,0
58,94.57,4,33,0,0
6,127.8,5,5,0,0
25,53.01,3,7,0,0
40,30.6,4,62,1,1
39,96.38,2,18,0,0
50,37.31,4,55,0,1
30,81.84,6,68,1,1
45,65.95,6,49,0,0
10,75.27,5,4,0,0
49,72.55,2,12,0,0
15,52.2,4,1,0,0
10,84.44,6,19,0,0
29,50.51,6,1,0,0
56,122.32,5,15,1,0
54,73.99,3,5,1,0
31,56.35,5,34,1,0
58,42.69,6,14,1,0
7,84.06,5,5,1,0
23,47.08,6,6,1,1
10,36.16,3,57,0,1
1,61.94,5,49,1,0
58,28.89,3,5,0,0
14,68.8,5,28,2,0
59,46.48,5,10,2,0
43,114.14,4,22,0,0
34,53.58,3,9,0,0
56,71.43,8,33,0,0
11,93.58,4,5,0,0
16,53.06,4,5,0,0
31,76.26,3,8,1,0
16,109.27,5,9,0,0
24,48.39,4,1,2,0
24,62.79,8,40,1,0
51,92.18,6,22,1,0
20,52.78,5,2,0,0
42,51.78,3,32,0,0
45,35.6,5,15,0,0
23,28.87,2,17,0,0
5,43.56,4,25,0,0
60,27.11,13,8,0,0
32,80.22,8,57,0,0
18,38.99,4,125,2,1
45,114.9,7,3,0,0
49,155.16,2,6,2,0
8,54.04,4,55,0,0
50,63.5,5,27,1,0
16,61.95,5,10,2,0
51,40.06,3,30,0,0
2,26.37,4,18,1,0
58,34.74,4,6,0,0
58,21.88,4,11,0,0
6,36.65,4,2,1,0
55,105.29,6,16,0,0
48,47.34,3,16,1,0
48,58.72,4,14,0,0
16,107.14,4,5,1,0
44,43.81,4,12,0,0
10,50.67,7,5,0,0
33,46.89,6,32,0,0
15,111.06,3,51,0,0
47,66.4,4,17,1,0
35,71.32,7,37,0,0
34,76.33,5,14,1,0
39,53.58,1,10,1,0
20,48.69,7,28,0,0
1,64.14,3,35,1,0
14,50.92,5,11,1,0
33,56.84,3,34,2,1
15,79.42,8,30,0,0
18,59.47,4,9,0,0
21,70.06,3,54,0,0
36,77.68,8,1,0,0
8,28.96,4,25,1,0
5,30.17,4,34,1,0
52,36.67,8,7,0,0
42,26.07,5,13,0,0
57,36.9,3,25,0,0
58,111.69,3,0,1,0
1,66.32,3,14,1,0
5,72.6,7,2,0,0
40,62.38,3,26,0,0
2,61.8,5,26,0,0
14,71.46,5,1,0,0
36,64.09,5,12,3,0
39,76.12,5,15,1,0
14,32.09,7,6,2,0
47,76.08,4,1,0,0
9,89.14,4,1,0,0
46,33.01,4,16,1,0
2,49.45,3,3,0,0
25,53.46,5,15,0,0
13,52.28,6,16,0,0
57,56.37,2,8,0,0
59,89.99,5,30,0,0
13,95.72,9,106,0,0
40,49.99,5,34,1,0
30,24.32,2,1,1,0
46,35.03,6,9,0,0
39,102.12,3,16,0,0
56,35.44,4,13,2,0
26,32.85,7,7,0,0
51,54.54,7,15,1,0
1,52.08,7,22,1,0
59,30.47,5,62,0,0
51,62.79,5,0,0,0
36,43.19,4,21,2,0
54,80.89,8,61,0,0
33,37.47,6,42,2,0
41,64.7,4,27,0,0
8,35.23,10,56,1,0
24,79.54,3,4,0,0
35,36.29,2,44,0,0
17,46.94,5,27,0,0
22,54.98,3,14,0,1
2,87.31,5,4,0,0
6,41.47,3,16,3,0
32,54.76,2,18,2,0
52,45.3,6,23,1,0
2,39.55,6,52,0,0
56,53.05,4,45,1,1
6,38.39,3,1,1,0
29,51.47,3,2,1,0
30,62.35,4,2,0,0
31,76.02,4,17,0,0
27,88.44,5,15,0,0
21,103.88,8,25,0,0
39,55.55,5,27,0,0
42,58.51,7,6,0,0
48,45.46,5,38,1,0
53,71.22,7,12,0,0
32,58.95,8,10,0,0
42,101.78,3,46,0,0
38,66.81,6,2,3,0
15,43.54,3,16,0,0
37,73.22,5,4,0,0
15,44.59,4,24,1,0
57,38.67,5,8,2,0
6,56.13,5,41,1,0
38,24.29,3,11,3,0
23,72.62,4,16,0,1
38,51.46,6,4,0,0
58,64.87,6,7,0,0
33,106.31,7,16,0,0
6,86.98,6,9,0,0
49,54.8,3,32,0,0
37,52.86,3,8,1,0
56,96.44,6,70,0,0
15,36.76,4,38,1,0
21,59.26,6,14,0,0
51,112.45,5,4,0,0
18,60.58,9,4,3,0
51,71.72,10,3,1,0
49,63.12,8,19,1,0
58,50.95,4,30,0,0
59,43.93,7,18,0,0
44,46.23,3,2,1,0
14,46.79,4,6,2,0
9,51.96,4,79,0,1
10,81.38,5,12,1,0
50,60.23,2,13,0,0
44,34.38,3,41,0,0
5,75.13,9,2,2,0
11,47.19,4,2,1,0
43,42.22,3,56,1,0
39,39.31,3,16,1,0
37,38.18,7,42,1,0
47,64.59,6,2,0,0
18,145.01,4,8,0,0
19,53.39,5,45,2,1
36,36.92,6,37,1,0
50,50.5,9,6,0,0
59,31.46,4,21,0,0
4,38.29,4,10,0,0
20,92.69,5,12,3,1
39,55.17,3,17,1,0
29,88.92,5,7,0,0
43,64.26,4,4,1,0
35,36.59,8,9,1,0
39,33.16,6,1,0,0
14,86.05,3,4,1,0
1,42.67,6,3,0,0
29,42.11,5,13,0,0
33,39.47,5,3,1,0
50,68.81,8,0,0,0
38,59.29,5,9,0,0
40,52.8,7,41,1,1
37,77.5,8,3,2,0
43,38.0,7,51,0,0
33,51.23,3,14,0,0
51,57.12,3,6,2,0
41,64.74,9,7,0,0
42,76.43,5,18,0,0
57,28.94,3,14,1,0
17,67.53,5,2,0,0
48,47.85,1,10,0,0
60,46.5,10,11,0,0
5,35.89,5,21,0,0
27,32.81,4,25,0,0
18,57.05,4,4,1,0
59,43.88,5,21,2,0
7,48.46,5,50,0,0
50,44.77,4,14,1,0
14,38.67,4,11,0,0
43,25.51,3,13,0,0
15,50.93,6,19,0,0
12,48.96,8,4,0,0
40,65.43,6,6,1,0
10,37.54,3,3,1,0
60,81.24,6,51,1,0
38,158.52,6,5,1,0
18,65.66,3,11,0,0
5,27.84,5,26,2,1
30,42.77,5,14,1,0
9,25.9,3,57,0,1
43,25.22,4,25,0,0
52,67.88,4,25,0,0
16,55.83,7,26,0,0
40,74.39,6,4,1,0
2,137.43,4,29,0,0
3,40.25,6,3,1,0
13,67.59,6,13,1,0
41,43.06,4,14,0,0
2,53.25,3,91,0,1
58,129.34,3,29,0,0
45,42.76,6,9,2,0
30,57.54,3,10,0,0
15,116.5,4,1,0,0
19,57.65,4,12,0,1
42,53.3,3,7,0,0
36,68.16,7,8,1,0
2,115.44,3,28,2,0
20,68.66,3,32,0,0
53,75.38,3,20,0,0
41,56.63,6,2,0,0
1,44.92,6,12,2,0
51,64.42,8,7,1,0
30,37.77,7,11,2,0
8,50.15,1,16,0,0
46,49.2,3,4,0,0
33,92.72,5,17,0,0
20,43.57,6,14,1,0
28,87.02,6,18,1,0
55,54.73,5,1,0,0
5,54.38,5,0,0,0
26,92.5,8,12,1,1
15,43.88,7,5,2,0
48,69.89,6,1,0,0
40,40.42,7,28,0,0
57,123.73,3,18,2,1
14,46.02,3,10,0,0
49,90.78,5,22,0,0
22,41.93,4,2,1,0
4,76.56,6,27,0,0
8,100.57,4,12,1,0
10,67.41,4,18,2,0
51,67.43,4,35,0,0
50,38.23,7,18,1,0
15,31.35,5,13,1,0
60,59.95,5,32,1,0
56,96.53,7,22,0,0
11,43.28,2,26,2,0
59,45.73,7,5,1,0
27,65.67,12,1,0,0
11,39.42,5,13,1,0
54,63.02,5,31,0,0
14,67.1,4,21,0,0
35,46.29,6,81,0,0
29,28.7,3,12,0,0
48,67.73,6,15,1,0
14,52.6,6,26,1,0
17,49.46,2,56,1,0
37,65.76,4,3,0,0
31,60.48,4,15,0,0
18,34.79,5,0,0,0
14,53.4,6,48,0,0
26,47.2,5,30,1,0
56,104.97,7,1,0,0
46,50.91,5,16,0,0
7,90.86,3,12,1,0
42,108.55,5,58,1,0
54,61.26,4,10,0,1
33,27.99,7,11,2,0
25,81.68,10,5,0,0
55,26.36,6,20,0,0
21,58.46,5,18,0,0
24,70.29,3,37,1,0
55,43.14,4,20,0,0
12,97.94,4,11,1,0
1,120.77,9,1,1,0
34,75.66,5,1,1,0
47,23.54,4,1,1,0
22,55.5,5,60,0,0
48,30.56,4,11,0,0
51,63.94,4,3,1,0
14,72.14,4,8,0,0
41,64.73,7,19,0,0
13,25.47,3,2,0,0
39,39.79,3,4,0,0
20,48.49,7,7,0,0
22,52.36,5,14,0,0
22,61.77,10,16,0,0
35,52.47,5,17,1,0
18,39.14,4,2,2,0
8,36.32,8,43,0,0
12,40.86,3,38,1,0
37,57.34,6,16,0,0
12,101.2,2,20,1,0
31,52.91,1,2,0,0
28,31.94,5,4,0,0
2,156.05,7,29,1,0
37,58.04,5,58,0,1
12,83.91,3,5,0,0
47,47.54,7,14,0,0
52,56.93,3,13,1,0
42,43.07,4,1,0,0
30,95.02,4,7,0,0
38,49.93,3,22,0,0
6,33.07,6,4,1,1
16,53.12,5,19,1,0
28,87.89,2,17,0,0
9,33.77,8,44,0,0
12,62.62,3,18,0,0
12,46.2,4,2,2,0
23,67.14,2,5,2,0
51,63.23,5,12,1,1
38,64.67,4,5,0,0
33,28.51,6,9,1,0
38,51.4,6,21,1,0
34,184.05,8,36,1,1
33,22.72,4,38,1,0
58,37.51,6,2,1,0
53,82.01,8,28,0,1
1,73.03,7,6,0,0
21,60.17,6,24,1,0
51,23.4,5,9,2,0
60,99.52,5,40,1,0
59,53.77,7,9,0,0
27,63.26,4,6,1,1
12,37.28,6,7,0,1
39,72.89,4,14,0,0
27,44.73,4,26,0,0
38,39.95,11,4,1,0
40,80.09,4,37,1,1
19,68.5,3,9,0,0
58,56.94,4,28,1,0
17,73.76,9,3,1,0
45,125.9,3,11,0,0
20,61.68,4,11,1,0
26,37.7,6,35,1,0
28,71.36,6,3,0,0
35,58.76,6,29,0,0
39,65.97,5,24,1,1
23,46.11,1,53,1,0
58,96.07,4,13,0,0
32,82.92,4,6,0,0
51,49.53,6,1,1,0
29,30.62,6,31,1,1
8,72.1,6,26,1,1
2,58.72,6,5,0,0
56,34.84,5,24,0,0
32,50.53,6,14,0,0
35,42.86,3,18,1,0
1,71.69,5,17,0,0
42,34.18,6,8,0,0
37,85.51,10,0,1,0
11,92.84,5,28,1,0
21,41.5,5,12,0,0
32,52.13,4,8,1,0
59,49.76,6,45,0,0
8,45.1,5,39,0,1
54,94.01,6,65,1,0
7,50.87,10,11,0,0
33,50.29,4,10,0,0
53,47.41,4,72,0,1
49,31.06,5,27,3,0
16,67.98,4,48,1,0
35,119.69,3,26,0,0
29,62.51,5,5,1,0
35,40.55,3,13,0,0
56,54.23,6,16,0,0
50,71.06,4,23,1,0
3,78.68,5,47,0,0
10,51.44,5,29,3,1
49,63.41,4,8,0,0
32,28.75,4,11,1,0
59,40.44,5,4,0,0
17,75.12,9,24,2,0
60,44.45,7,1,3,0
48,34.43,8,35,0,0
8,53.73,5,20,1,0
55,49.92,5,12,0,0
34,66.61,10,5,1,0
39,58.82,4,3,2,0
51,84.15,4,11,0,0
24,30.58,6,11,0,0
8,81.62,5,8,0,0
36,60.51,5,3,0,0
31,89.74,4,11,1,0
38,79.5,4,10,1,0
53,65.26,5,48,1,0
13,69.91,5,15,0,0
16,80.3,8,22,2,0
48,38.2,4,7,0,0
3,59.25,6,29,0,0
27,40.82,4,16,0,0
43,42.74,10,37,0,0
1,54.96,3,56,0,0
45,36.96,5,0,0,0
43,75.53,6,28,0,0
32,51.38,5,28,0,0
53,71.21,8,9,1,0
20,57.02,4,32,0,0
7,48.25,1,16,1,0
31,103.07,5,4,0,0
14,54.28,4,26,1,0
47,72.42,3,64,1,0
5,40.35,6,14,0,0
48,42.85,1,6,0,0
43,42.15,4,27,0,0
27,21.46,7,1,0,0
25,29.14,3,24,0,0
19,50.17,5,3,0,0
37,62.27,6,5,0,0
11,39.64,8,11,0,0
22,47.85,9,44,0,0
32,63.85,7,3,0,0
29,29.26,3,6,1,0
27,48.95,7,1,0,0
3,62.49,3,10,0,0
14,87.31,6,29,1,0
26,24.0,3,7,0,0
36,53.45,6,27,0,0
4,44.25,6,5,1,0
51,50.45,6,9,0,0
20,29.82,3,2,1,0
47,42.47,6,3,0,0
51,123.15,5,0,0,0
33,87.68,4,3,0,0
36,100.19,4,49,0,0
21,66.23,4,30,1,1
18,46.61,2,17,0,0
22,31.93,5,10,1,0
31,54.63,8,25,1,0
26,73.32,7,67,1,0
32,199.14,5,18,1,0
45,52.08,5,15,1,0
43,97.48,3,10,0,0
25,36.92,6,10,1,1
7,61.13,5,13,1,0
28,39.84,6,62,2,0
57,63.01,6,0,1,0
37,96.62,4,30,0,0
60,101.82,4,55,0,0
36,82.69,4,1,0,0
20,32.38,9,25,1,0
17,63.98,6,6,1,0
44,93.16,6,7,0,1
56,38.2,4,11,1,0
32,51.89,4,8,1,0
17,82.37,10,21,0,0
41,14.57,2,9,1,0
26,42.14,9,6,1,0
59,125.04,12,25,0,0
57,150.02,4,21,1,0
31,97.86,6,7,1,0
47,20.8,7,27,0,0
6,80.64,4,32,1,0
8,84.22,5,15,1,0
52,48.66,3,7,0,0
10,154.48,8,35,0,0
55,32.64,4,43,2,0
19,85.48,3,10,1,0
42,40.97,5,3,0,0
13,88.95,5,50,1,0
1,92.94,5,62,0,0
18,66.89,8,27,0,0
30,24.12,5,10,1,0
21,46.09,7,1,1,0
53,88.15,4,73,1,0
3,41.46,6,11,0,0
38,35.06,2,11,0,0
18,63.29,4,25,0,0
8,47.6,2,48,0,0
4,35.57,4,23,0,0
53,38.68,3,0,0,0
17,59.23,8,2,0,0
36,70.82,7,17,0,0
25,33.99,3,6,0,0
6,71.87,3,37,2,1
9,43.09,4,16,0,1
24,89.75,5,12,1,0
26,78.56,4,2,1,0
13,61.07,4,12,1,0
18,57.77,6,0,3,0
25,120.92,8,15,1,1
25,63.26,7,14,2,0
59,72.01,4,5,1,0
58,138.51,2,2,0,0
22,64.26,8,16,0,0
19,65.92,4,28,0,0
24,46.33,8,63,1,0
59,28.05,6,7,0,0
60,54.55,8,45,0,0
17,43.97,3,4,2,0
57,53.55,4,3,2,0
36,93.9,5,16,3,0
43,39.15,6,12,1,0
17,25.54,4,10,2,0
50,27.6,7,6,2,0
8,37.23,4,25,0,0
45,31.64,5,6,1,0
17,52.33,13,1,0,0
16,26.4,10,4,0,0
47,41.83,5,31,0,0
48,35.01,4,7,1,0
52,42.47,4,31,0,0
27,108.5,8,8,0,0
43,68.54,4,4,0,0
30,102.51,3,20,0,0
17,73.26,3,2,1,0
42,88.02,2,13,0,0
39,37.81,6,20,0,0
43,46.9,6,1,1,0
49,66.95,2,16,0,0
54,44.9,5,6,1,0
54,40.43,6,26,0,0
42,87.95,4,0,2,0
59,60.99,7,1,0,0
37,67.82,7,14,0,0
18,27.87,3,14,0,0
45,35.23,5,30,1,0
55,49.1,6,16,0,0
48,44.76,6,35,0,0
33,41.07,2,7,2,0
25,38.27,7,16,2,0
44,54.99,3,25,0,0
30,58.44,11,24,0,0
13,27.14,5,4,1,0
33,48.93,5,29,1,0
25,79.71,6,8,0,0
48,60.1,2,37,1,0
19,83.79,2,49,0,1
46,41.87,3,33,3,0
29,49.96,2,9,1,0
29,29.86,7,7,0,0
30,51.63,2,6,0,0
47,44.57,5,76,0,1
11,46.29,4,5,2,0
47,35.27,3,20,0,0
28,65.95,5,2,0,0
43,53.62,4,17,1,0
35,76.4,7,8,1,0
12,30.38,1,11,0,0
12,69.68,10,2,0,0
19,66.09,5,29,1,0
57,25.85,3,3,1,0
40,87.52,5,4,0,0
47,78.75,3,5,0,0
19,88.37,4,1,0,0
1,63.05,5,8,1,0
39,47.35,4,37,1,0
38,65.77,2,11,0,0
45,39.49,4,13,0,0
26,89.77,5,14,0,0
50,37.81,5,10,0,0
31,68.26,3,8,0,0
32,43.15,5,12,0,0
27,41.95,5,5,0,0
29,66.54,4,10,1,0
27,88.54,10,29,2,0
24,40.08,5,1,0,0
31,68.24,2,5,1,0
43,90.33,5,4,0,0
15,62.09,7,3,0,0
44,82.77,4,25,1,1
40,47.28,3,10,2,0
8,61.05,6,4,1,0
44,56.59,5,54,2,0
60,87.14,6,0,1,0
30,42.69,5,49,0,0
32,60.99,2,16,0,1
41,34.3,3,30,0,0
49,41.94,4,12,0,0
35,106.34,5,16,1,0
13,126.05,5,7,2,1
60,48.48,7,9,0,0
37,41.06,2,46,0,0
33,103.52,6,48,0,0
18,38.77,7,18,2,0
48,56.61,4,17,1,0
59,70.38,7,24,0,0
52,103.36,6,16,0,0
55,34.17,7,13,0,0
36,41.22,4,12,0,0
29,49.56,5,6,0,0
37,44.6,5,6,0,0
4,100.27,4,1,1,0
21,44.13,4,10,0,0
40,38.15,2,35,0,0
27,32.62,5,23,0,0
50,30.57,5,20,0,0
37,52.07,2,43,1,0
16,63.79,4,7,1,1
18,25.24,5,25,1,0
26,51.02,5,17,0,0
27,39.69,5,37,0,0
21,47.61,6,17,1,0
30,40.46,5,20,1,0
29,51.48,3,1,0,0
44,30.72,7,4,0,0
2,62.61,6,17,1,0
33,47.03,5,2,0,0
60,82.71,7,8,0,0
21,61.33,11,25,0,0
40,39.76,3,4,0,0
46,62.48,3,3,0,0
51,83.12,4,22,0,0
58,48.13,6,2,0,0
34,63.05,3,6,0,0
58,59.87,3,4,1,0
35,62.34,3,8,1,0
17,58.86,2,25,1,0
8,31.07,6,7,0,0
24,33.08,5,12,0,0
36,28.32,5,19,0,0
22,33.77,6,1,1,0
41,58.1,5,54,0,0
24,65.62,4,26,0,0
18,36.86,6,28,1,0
37,33.76,5,16,0,0
16,64.44,6,25,0,0
42,47.89,2,43,0,0
14,30.15,4,87,0,0
58,130.24,6,48,0,0
42,59.98,3,1,0,0
20,61.59,2,7,0,0
38,38.86,5,64,0,0
27,93.17,6,31,0,0
7,65.53,3,8,0,0
14,102.75,4,34,1,0
25,38.5,3,18,0,0
50,49.82,5,6,0,0
52,22.32,5,10,1,0
58,74.78,9,3,0,0
38,64.06,3,30,1,0
51,96.87,2,46,1,0
49,41.38,4,1,0,1
28,64.85,9,35,0,1
27,51.77,8,6,0,0
26,59.29,4,8,0,0
42,47.64,3,1,0,0
26,26.3,5,14,0,0
21,57.2,4,6,0,1
42,55.67,7,19,0,0
28,83.43,6,4,0,0
58,47.07,4,28,0,0
4,72.5,5,6,0,0
33,40.39,5,17,2,0
60,37.04,7,2,0,0
18,60.98,5,17,0,0
21,41.5,8,26,1,0
59,125.59,7,4,1,0
49,34.05,5,16,1,0
13,95.7,6,2,1,0
13,28.21,5,8,1,0
56,73.44,7,35,0,0
32,87.38,4,3,1,0
57,64.47,4,4,0,0
39,79.17,4,26,0,0
7,63.67,9,150,0,1
56,59.33,5,55,0,0
42,59.5,5,19,0,0
17,41.19,2,7,0,0
59,50.04,8,29,1,0
35,54.14,4,46,0,0
58,24.45,4,28,1,0
35,55.7,1,25,2,0
53,81.96,3,2,0,1
46,80.59,6,16,1,0
19,27.9,2,3,1,0
19,42.67,8,51,0,0
42,81.3,3,4,0,0
41,32.78,10,10,2,0
45,82.33,4,9,0,0
36,36.85,6,32,0,0
40,54.68,6,1,0,0
49,26.82,8,24,0,0
2,103.75,3,22,1,0
2,27.77,3,20,2,0
50,44.9,3,7,0,0
48,52.66,8,4,0,0
36,31.57,4,20,1,0
34,58.35,5,24,0,1
22,65.48,11,0,0,0
40,43.33,8,17,1,0
13,77.42,5,39,0,0
55,37.8,7,15,0,0
4,44.62,5,65,0,0
5,32.6,5,1,0,0
17,45.83,4,11,1,0
25,77.35,1,25,1,0
15,49.14,5,55,0,0
49,39.02,6,22,1,0
60,36.96,6,2,0,0
56,52.6,6,6,0,0
41,65.04,7,6,0,0
50,75.36,3,3,0,0
45,88.4,4,12,2,0
51,86.53,3,0,0,0
6,81.27,4,5,2,0
1,50.02,4,5,1,0
51,54.29,6,33,0,0
15,70.68,8,54,0,1
9,64.47,3,11,0,0
54,75.17,2,13,0,0
51,20.04,9,5,1,0
60,60.15,4,19,1,0
33,40.36,9,6,0,1
16,55.11,4,12,1,0
23,74.22,7,7,0,0
53,27.93,7,3,1,0
44,85.01,5,14,0,0
6,46.62,5,0,0,0
6,33.04,3,31,1,0
10,25.63,9,2,1,0
23,111.73,6,14,0,0
47,38.76,1,19,1,0
54,53.77,4,1,0,0
52,60.3,7,15,0,0
4,45.45,4,1,0,0
57,25.17,4,55,0,1
10,58.4,2,13,1,0
7,89.06,9,1,0,0
17,46.27,7,16,1,0
39,77.62,3,3,1,0
35,100.48,6,13,0,0
28,24.46,9,24,0,0
31,94.76,5,25,0,0
28,106.37,3,6,1,0
38,64.08,4,29,3,0
37,66.81,6,15,0,0
4,127.92,3,9,0,0
55,61.19,2,1,0,0
8,125.57,3,17,0,0
56,80.52,5,12,2,0
55,37.17,3,93,0,1
34,42.52,5,6,0,0
24,74.26,2,21,1,1
36,34.96,5,10,1,0
8,89.77,9,3,1,0
45,72.91,6,14,0,0
18,65.91,7,3,0,0
44,27.2,4,2,0,0
32,63.7,9,11,1,0
49,49.06,7,24,0,0
16,60.92,5,11,0,0
6,46.74,6,6,1,0
54,32.78,4,16,0,0
35,51.77,5,64,0,0
23,43.1,7,22,0,0
45,26.28,8,17,1,0
2,115.22,4,21,0,0
14,43.0,6,6,2,0
27,40.52,4,14,0,0
41,40.84,6,14,0,0
14,58.58,5,10,0,0
3,57.84,2,48,1,0
24,36.8,6,2,1,0
42,30.75,4,37,0,0
36,90.02,5,5,1,0
28,30.92,3,57,0,0
2,47.99,7,1,1,0
40,73.54,6,7,0,0
9,35.4,4,8,0,0
18,60.25,2,16,1,0
21,42.96,6,17,0,0
23,43.67,3,8,0,0
35,51.15,5,13,0,0
11,91.13,3,44,0,0
54,27.1,4,49,0,0
21,74.81,9,14,0,0
46,114.48,4,11,0,0
10,64.2,6,1,3,0
11,59.23,7,13,0,0
51,77.53,5,17,1,0
52,50.37,5,33,0,1
27,14.69,5,28,0,0
44,124.07,9,8,0,0
7,32.56,5,35,0,0
4,61.3,3,10,1,0
50,47.43,4,38,0,0
45,49.61,5,45,1,0
56,47.06,3,2,0,0
9,87.07,4,30,0,0
35,58.86,4,2,0,0
14,55.82,7,33,0,0
16,48.71,7,13,0,0
7,48.34,5,6,0,0
46,78.85,5,81,1,0
45,48.22,4,50,0,0
51,38.43,6,13,1,0
53,47.11,2,0,1,1
38,44.97,6,3,0,0
49,36.7,4,54,1,0
32,107.47,2,18,0,0
12,45.09,7,3,1,0
42,48.94,7,29,1,0
41,38.96,4,5,0,0
18,47.32,5,36,1,0
33,74.69,3,15,0,0
47,60.44,9,11,0,0
27,50.34,5,35,0,0
47,44.97,9,8,0,0
14,66.98,6,37,0,0
8,38.33,4,7,0,0
31,44.0,5,10,1,0
22,51.52,6,13,1,1
25,59.63,6,25,1,0
57,104.05,2,11,0,0
48,36.81,9,2,0,0
3,44.74,4,4,0,0
39,84.14,1,10,3,1
31,66.51,4,72,1,0
26,54.19,6,49,0,0
35,58.47,9,7,1,0
14,56.29,10,61,1,1
32,62.69,7,11,2,0
53,57.6,3,14,1,0
23,67.83,5,11,1,0
5,96.27,9,4,1,0
7,108.81,4,41,0,0
51,33.86,4,5,0,0
41,109.34,6,58,1,0
60,87.36,9,12,0,0
50,45.94,4,9,0,0
47,74.61,5,40,0,0
20,112.59,8,38,1,0
59,40.46,3,15,0,0
54,47.65,10,58,0,0
51,72.99,3,18,0,0
7,67.68,3,31,0,0
17,58.08,10,12,1,0
20,55.72,11,3,1,0
46,51.8,2,0,0,0
32,82.0,5,0,1,0
15,54.64,4,7,0,0
3,47.75,4,6,0,0
48,72.71,2,43,1,0
24,48.54,3,0,0,0
25,88.63,4,1,0,0
41,86.87,5,23,0,0
19,119.58,8,25,0,0
60,63.44,5,4,2,0
31,70.48,6,12,1,0
20,64.47,7,10,0,0
7,72.25,7,26,0,0
29,46.06,3,7,0,0
36,53.34,5,58,1,0
22,90.66,4,54,0,0
12,92.31,8,1,0,0
57,37.76,5,15,1,0
23,61.39,3,37,1,0
46,84.05,4,0,1,0
51,100.89,5,6,0,0
41,80.23,5,6,1,0
49,47.81,3,44,0,0
50,65.78,3,4,0,0
57,52.67,2,6,0,0
49,25.41,6,1,0,0
31,52.35,7,3,0,0
58,55.92,6,32,1,0
50,54.98,7,32,0,0
52,85.87,5,37,1,0
23,50.12,3,11,0,0
18,64.55,4,31,0,0
27,70.31,2,45,0,0
4,49.63,7,13,0,0
37,56.81,7,3,2,0
5,28.79,4,1,0,0
6,46.5,10,4,0,0
1,53.51,9,12,1,0
51,39.67,8,23,0,0
28,32.59,4,11,0,0
20,96.62,6,60,0,0
32,47.65,9,35,0,0
43,34.28,7,16,0,0
17,59.41,7,3,0,0
12,57.11,5,37,1,1
48,30.79,2,0,1,0
57,52.51,3,58,1,1
43,75.21,7,9,1,0
38,100.73,4,30,0,0
5,39.36,3,74,0,0
24,39.37,5,95,0,1
33,56.44,6,45,0,0
55,53.43,4,2,2,0
4,52.89,5,30,1,1
21,52.61,3,13,0,0
30,92.07,5,6,0,0
47,57.49,5,1,1,0
60,89.44,4,16,1,0
5,62.01,4,1,0,0
43,77.39,5,18,1,0
35,67.39,6,2,0,0
42,39.45,6,13,2,0
54,47.32,6,14,1,0
33,92.76,5,43,1,0
58,61.57,9,128,0,1
35,42.59,7,5,2,0
28,40.43,3,4,0,0
8,29.81,5,0,0,0
56,23.64,6,3,0,0
12,25.87,3,12,1,0
15,79.52,6,25,1,0
4,43.67,3,9,0,0
42,61.49,5,4,0,0
51,77.03,3,32,3,0
20,21.12,6,26,0,0
37,62.43,5,4,0,0
34,40.47,4,19,0,0
36,82.15,1,42,0,0
41,67.03,4,7,0,0
6,50.67,12,97,0,0
54,61.16,4,1,0,0
22,55.41,6,27,1,0
37,48.85,6,0,1,0
48,54.62,3,7,0,0
11,58.71,6,25,4,0
5,76.06,3,5,1,0
44,57.43,6,33,0,0
28,51.58,5,3,0,0
4,58.8,3,30,2,0
1,35.12,3,15,2,0
23,113.32,5,9,0,0
56,64.2,4,52,0,0
37,44.84,4,6,1,0
59,60.99,10,3,1,0
27,54.1,8,17,0,0
23,79.99,5,5,0,0
8,33.83,7,5,1,0
1,97.81,2,19,1,0
10,84.87,6,6,1,0
10,74.87,3,3,0,0
50,50.39,6,26,0,0
10,39.67,4,67,0,0
59,132.66,5,3,1,0
16,24.75,4,5,0,0
19,49.7,1,66,0,0
21,88.63,4,1,1,1
55,57.51,4,3,0,0
48,56.43,6,8,1,0
25,94.25,9,9,1,0
17,39.39,5,31,0,0
13,25.26,4,8,0,0
41,96.51,2,2,0,0
51,49.14,6,16,0,0
45,68.36,4,4,0,0
48,52.54,3,1,1,0
45,42.74,10,19,1,0
26,21.55,4,17,0,0
20,39.9,5,13,0,0
5,60.92,4,7,1,0
58,41.32,9,0,0,0
6,114.97,6,7,0,0
46,47.44,4,26,1,0
38,76.46,2,27,0,0
29,78.03,3,11,0,0
13,53.1,3,7,0,0
45,84.48,5,5,0,0
19,47.75,5,6,0,0
16,69.55,5,12,1,0
4,45.04,3,41,0,0
30,32.35,5,14,0,0
51,60.05,4,17,0,0
49,62.51,7,6,1,0
54,27.79,3,0,0,0
8,72.48,5,1,1,0
6,67.92,6,2,0,0
2,68.95,7,48,0,0
46,119.81,9,12,1,0
26,50.16,5,105,2,1
60,69.87,4,35,0,0
35,41.73,3,63,1,1
7,91.36,6,31,0,0
51,41.23,5,13,1,0
37,33.99,3,6,0,0
60,38.09,5,51,0,0
42,55.22,3,6,0,0
42,54.38,4,47,0,0
45,47.38,6,6,0,1
50,94.63,11,18,1,0
24,70.1,3,5,0,0
23,131.23,7,9,2,0
21,102.72,3,87,0,0
42,32.32,2,18,1,0
43,47.67,9,8,0,0
36,43.2,5,21,0,0
24,58.15,7,8,3,0
11,65.71,7,21,0,0
20,44.08,3,6,0,0
16,39.11,5,12,0,0
22,76.85,5,29,0,0
33,45.04,4,7,2,0
35,33.32,7,5,0,0
59,49.32,3,2,0,1
58,49.27,5,2,0,0
4,42.44,2,23,0,0
22,65.91,8,11,1,0
8,50.9,3,85,1,1
2,32.42,4,17,1,0
16,45.61,6,13,0,0
58,46.37,5,11,0,0
44,66.96,2,13,1,0
16,54.4,5,6,2,0
25,64.54,5,27,1,0
59,51.01,4,51,0,0
23,73.45,3,3,0,0
52,152.93,8,11,0,0
32,59.73,7,3,0,1
45,58.43,5,8,1,0
2,42.5,5,64,2,1
28,68.12,7,28,0,0
59,130.27,3,2,1,0
60,45.39,7,14,1,0
48,40.95,5,6,1,0
17,37.31,8,46,1,0
30,38.39,4,79,0,0
32,26.95,4,17,0,0
49,33.9,4,21,0,0
11,30.42,9,45,0,0
34,39.81,2,10,2,0
52,86.01,5,2,0,0
3,46.8,5,37,0,1
24,35.05,7,1,1,0
47,35.84,4,21,0,0
31,52.7,6,45,0,0
55,45.56,3,15,1,0
43,59.31,4,17,0,0
43,92.18,5,1,0,0
43,45.03,11,17,1,0
7,27.38,4,3,0,0
27,41.23,7,6,2,0
52,75.75,6,96,1,1
25,17.92,6,8,0,0
26,33.63,7,16,1,0
11,38.69,4,8,0,0
45,46.59,6,4,1,0
41,63.24,7,1,0,0
59,63.18,6,12,0,0
19,63.84,5,6,1,0
13,41.99,4,22,1,0
59,74.5,5,3,0,0
21,37.05,4,2,0,0
36,76.35,4,10,0,0
4,85.52,1,3,0,0
11,23.95,5,18,1,0
51,29.52,1,11,0,0
45,106.04,3,13,1,0
49,30.7,3,71,0,0
41,57.31,5,1,1,0
38,70.12,4,7,1,0
38,57.56,5,1,0,0
51,45.78,5,47,1,1
35,44.7,9,23,0,0
14,95.49,3,11,0,0
37,53.21,8,11,0,0
12,46.05,4,48,0,1
58,60.52,6,56,0,0
33,58.89,1,41,2,0
44,90.06,4,1,1,0
14,56.81,5,0,1,0
52,55.02,7,31,0,0
15,40.84,6,53,0,1
27,72.51,6,24,0,0
44,34.85,2,29,0,0
5,37.33,3,29,1,0
14,17.99,1,11,1,0
7,106.75,4,15,0,0
1,76.41,2,3,1,0
27,31.71,7,25,0,0
52,36.0,6,25,0,0
28,30.13,2,1,0,0
59,58.5,5,4,0,0
4,68.24,5,6,0,0
4,46.01,7,6,3,0
10,49.16,5,22,1,0
22,25.77,3,15,0,0
2,46.51,10,13,1,0
43,97.27,4,4,1,0
4,36.39,7,5,0,0
1,55.61,3,41,1,0
11,79.01,5,40,0,0
11,64.02,6,13,0,0
8,79.98,7,6,1,0
30,73.49,6,38,0,0
11,170.14,6,18,0,0
17,65.99,2,4,1,0
16,17.39,5,27,0,0
30,34.72,4,4,0,0
13,33.79,3,2,1,0
28,19.88,4,44,0,0
11,59.26,5,27,0,0
4,76.52,5,1,0,0
29,97.72,3,4,0,0
31,49.95,6,1,0,0
43,77.34,3,24,0,0
29,48.68,9,13,0,0
19,80.21,7,39,1,0
39,106.3,5,4,0,0
10,68.19,5,8,0,0
21,106.68,7,17,0,0
20,115.71,7,28,1,0
31,50.44,4,16,1,0
5,46.95,4,19,1,0
21,62.07,9,2,1,0
50,49.12,4,37,0,0
16,82.96,4,26,0,0
41,79.82,8,7,1,0
47,54.81,5,26,1,0
41,44.19,6,1,0,0
12,52.61,7,32,0,1
55,78.03,8,13,1,0
22,71.13,4,8,1,0
2,75.42,6,9,1,0
60,50.68,3,5,1,0
42,46.35,4,13,0,0
56,49.93,6,18,1,0
41,68.48,1,10,0,0
3,68.97,6,9,0,0
18,53.55,6,11,1,0
10,44.79,3,0,1,0
24,171.61,8,2,0,0
55,56.05,4,3,0,0
45,54.51,6,14,0,0
41,76.34,6,6,0,0
26,44.03,3,41,1,0
43,42.51,3,2,0,0
43,35.58,5,17,0,0
17,78.66,4,27,0,0
14,133.36,4,37,0,0
33,22.81,4,5,1,0
13,45.33,3,36,1,1
6,49.28,7,50,0,0
52,85.88,5,22,0,0
20,41.57,5,60,2,0
24,36.52,6,9,0,0
36,85.7,6,4,0,0
18,36.5,4,8,1,0
3,25.43,6,43,0,0
37,43.78,4,2,0,0
3,42.2,4,10,0,0
24,58.03,4,5,2,0
50,40.19,5,4,0,0
4,47.87,9,10,1,0
43,49.96,5,13,1,0
11,23.98,4,20,2,0
49,111.7,5,3,0,0
46,107.87,8,37,1,1
22,58.68,5,43,1,0
42,20.98,7,1,1,0
11,72.88,6,6,0,0
51,53.71,4,29,0,0
6,75.83,2,18,1,0
43,75.41,5,33,0,0
40,34.82,3,13,0,1
33,58.45,3,7,0,0
10,113.51,3,36,0,0
29,45.96,6,42,1,0
17,90.61,2,41,0,0
22,30.7,4,17,1,0
8,83.47,2,9,0,0
1,22.12,7,18,0,0
47,48.43,4,20,1,0
26,27.2,3,27,0,0
39,102.09,5,22,0,0
27,47.38,7,17,0,0
30,59.51,5,18,1,0
48,76.96,4,28,0,0
55,36.09,3,5,0,0
7,90.43,5,17,0,0
20,100.9,4,9,1,0
34,40.31,3,14,1,0
56,62.65,5,3,0,0
19,87.47,6,4,0,0
25,54.61,5,16,0,0
56,90.7,3,31,0,0
17,57.19,4,5,0,0
16,45.48,6,36,2,1
35,68.93,4,9,0,0
12,44.53,6,14,1,0
48,35.75,6,56,0,0
59,65.26,5,53,1,0
30,34.97,3,19,1,0
24,66.87,5,6,0,0
60,63.27,3,13,1,0
7,53.29,6,31,0,0
40,45.51,4,17,0,0
31,53.85,4,15,0,0
39,25.99,6,15,1,0
19,81.82,9,6,0,0
37,24.83,4,3,0,0
21,38.18,1,21,0,1
45,56.89,5,6,0,0
43,53.26,3,7,0,0
16,68.27,4,29,0,0
26,46.58,4,7,0,0
21,69.62,5,18,0,0
17,90.68,4,5,1,0
59,43.66,6,15,1,0
21,61.68,5,6,1,0
57,92.11,6,4,0,0
22,60.32,5,25,0,0
39,37.6,6,34,0,0
35,46.9,8,10,0,0
29,27.49,7,6,1,0
27,40.86,4,10,0,0
33,41.29,1,17,0,0
52,82.17,9,11,1,0
2,62.74,3,3,0,0
36,85.72,5,13,0,0
52,56.42,10,18,1,0
20,31.54,2,23,0,0
60,71.91,7,10,1,0
20,59.23,5,8,0,0
11,65.04,6,14,1,0
52,73.66,3,1,2,0
19,61.07,6,10,1,0
46,80.87,7,32,2,0
35,53.57,4,33,1,0
46,43.91,4,19,2,0
19,37.87,6,2,0,0
43,47.31,4,24,0,0
2,53.51,3,6,0,0
13,76.7,5,8,1,0
23,46.14,8,3,0,0
13,25.11,5,55,0,0
40,34.69,6,9,1,0
33,73.35,8,20,2,0
58,25.94,6,52,1,0
20,58.79,7,18,1,0
48,55.99,9,10,0,0
35,43.6,1,18,0,1
11,40.96,7,19,0,0
12,159.49,4,6,1,0
19,71.94,6,19,0,0
22,29.99,7,31,0,0
27,81.46,6,5,3,0
27,39.04,5,8,0,0
49,53.02,5,0,0,0
38,69.77,4,6,0,0
16,62.59,6,8,3,0
37,68.2,4,0,2,0
37,53.77,5,30,2,0
27,42.59,4,32,0,0
23,43.7,4,8,0,0
56,58.71,13,20,0,0
19,37.58,5,6,1,0
43,68.49,6,21,0,0
18,27.94,9,0,1,0
60,63.11,10,25,2,0
6,45.02,7,65,0,0
23,110.49,9,3,1,0
19,131.59,6,18,1,0
38,64.54,3,38,0,0
20,31.26,7,4,1,0
32,59.7,4,17,0,0
21,73.53,7,11,0,0
54,49.59,3,59,1,1
6,105.74,7,18,0,0
34,53.74,2,13,0,0
32,73.39,4,6,0,0
53,80.98,7,21,1,0
51,22.73,3,1,0,0
59,34.64,5,0,1,0
39,68.89,6,0,0,0
40,58.65,5,5,0,0
56,100.44,4,21,2,1
23,68.78,5,7,0,0
13,116.17,7,38,0,1
39,50.78,3,42,1,0
49,50.31,3,11,0,0
13,27.97,5,16,0,0
4,36.3,8,114,0,1
8,69.9,3,44,0,0
60,44.11,5,2,0,0
8,63.09,5,30,1,0
20,78.69,11,18,0,0
47,59.23,5,6,0,0
28,26.51,6,5,1,0
28,69.26,2,21,0,0
8,37.23,4,12,1,1
46,43.88,9,2,0,0
12,64.84,7,9,1,0
19,79.05,3,17,1,0
22,91.36,5,6,0,0
39,88.09,9,19,1,0
33,56.18,3,7,1,0
14,40.46,1,72,0,1
58,25.95,5,39,0,0
49,55.56,2,19,0,0
15,97.11,6,32,0,0
19,57.51,3,7,2,0
50,77.41,4,7,0,0
15,113.36,3,14,0,0
19,51.15,9,42,0,0
12,26.74,7,48,0,0
58,77.38,1,15,0,0
24,28.67,9,5,1,0
47,35.43,4,4,1,0
14,72.09,1,13,0,0
15,37.27,7,30,1,0
33,21.72,9,17,0,0
24,35.52,5,27,0,0
49,57.3,2,1,0,0
38,57.64,2,30,1,0
52,54.7,3,5,0,0
41,113.94,4,45,0,0
24,63.7,7,2,0,0
45,50.01,7,35,1,0
57,57.08,5,21,0,0
3,85.93,4,15,0,0
46,55.69,5,27,1,0
2,83.82,4,17,0,0
21,80.14,4,24,0,0
35,60.43,2,10,0,0
52,70.06,5,66,0,0
42,84.88,2,24,0,0
8,25.5,6,6,1,0
49,60.02,5,15,0,0
33,43.09,4,21,1,0
35,81.5,9,13,0,0
30,38.17,3,3,0,0
20,119.24,4,21,1,0
47,80.71,5,31,0,0
46,51.17,4,6,0,0
5,63.25,3,16,1,0
8,98.25,4,12,1,0
28,57.95,3,10,0,0
52,36.73,4,10,0,0
38,28.07,7,35,1,0
31,61.88,2,10,1,0
25,43.76,4,8,0,0
51,61.59,4,12,0,0
59,50.28,4,36,2,0
43,83.7,6,28,0,0
55,122.35,6,14,1,0
2,64.72,5,27,2,0
49,76.38,4,11,0,0
47,88.28,2,14,1,0
24,74.77,6,39,1,0
32,100.41,2,7,0,0
23,35.22,6,3,0,0
3,70.58,6,6,0,0
46,101.36,5,2,1,0
2,22.8,5,2,1,0
42,57.47,5,12,0,0
10,44.56,4,1,2,0
33,34.67,1,34,0,0
17,46.76,8,42,2,1
60,38.32,6,1,0,0
7,31.69,6,12,0,0
53,56.37,4,31,0,0
55,70.72,5,5,1,0
39,93.23,4,36,0,0
13,70.37,6,6,0,0
50,47.58,11,8,0,0
38,90.19,5,13,1,0
30,54.99,4,4,1,0
2,42.8,5,5,1,0
40,79.82,4,15,1,0
40,102.66,7,10,0,0
13,38.55,5,0,2,0
4,42.61,8,20,0,0
31,88.87,4,7,0,0
13,75.57,3,12,2,0
23,70.4,5,1,0,0
10,93.81,6,15,0,0
31,101.47,5,25,0,0
50,58.34,8,36,1,0
4,136.09,6,40,1,1
25,150.99,3,43,0,0
42,49.98,5,7,0,0
29,69.74,5,12,0,0
49,42.72,3,14,0,0
48,77.97,8,16,0,0
33,33.07,2,34,2,1
8,38.41,3,4,0,0
40,58.49,5,6,1,0
26,69.03,2,2,2,0
46,42.15,5,36,0,0
4,28.58,6,47,0,0
43,87.78,3,9,0,0
54,47.07,5,29,0,0
54,60.74,2,13,1,0
29,51.28,4,22,1,0
57,94.29,5,24,0,0
58,35.05,6,6,0,0
6,67.02,3,18,2,0
45,120.4,3,11,1,0
9,50.04,3,12,0,0
23,52.88,4,64,0,0
26,50.41,5,22,1,0
42,42.03,7,55,1,0
7,43.79,9,26,0,0
4,67.66,4,34,0,0
51,63.14,6,32,0,0
27,55.46,3,28,0,0
33,34.79,3,3,0,0
24,29.52,5,10,0,0
38,51.56,7,22,0,0
13,72.9,4,37,0,0
26,47.2,6,23,1,0
42,75.92,3,10,0,0
40,64.08,6,8,0,0
12,22.55,4,26,0,0
59,33.08,3,5,2,0
11,44.45,6,4,0,0
30,52.21,1,19,3,0
42,44.63,7,4,0,0
8,91.53,7,12,0,0
60,88.5,5,17,0,0
23,77.66,4,13,0,0
1,22.1,6,17,0,0
6,64.52,5,12,1,0
35,56.43,6,20,1,0
12,74.11,4,14,0,0
8,51.14,8,14,0,0
8,60.33,5,5,0,0
44,63.7,5,53,0,0
14,54.38,4,19,1,0
50,49.04,8,13,0,0
12,37.3,3,4,0,0
26,51.97,5,35,1,0
40,28.58,6,6,1,0
44,74.55,5,1,2,0
9,54.85,6,7,0,0
45,62.58,4,25,1,0
45,32.25,6,13,0,0
45,36.96,7,27,0,0
44,34.2,2,2,2,0
27,16.51,6,10,3,0
17,42.44,3,22,0,0
20,23.21,5,7,0,0
19,74.43,8,2,1,0
56,61.96,5,4,1,0
51,136.96,5,1,1,0
46,44.95,6,19,2,0
11,55.5,4,16,2,0
45,72.63,4,20,1,0
5,45.52,6,83,0,0
45,78.43,5,51,4,1
25,68.86,9,8,0,0
57,85.08,7,5,1,0
45,36.46,9,6,0,0
35,45.06,6,27,0,0
43,44.32,3,39,0,0
57,47.51,4,42,0,0
1,28.53,2,41,0,0
54,71.19,4,12,0,0
20,61.18,6,11,1,0
14,99.91,5,20,1,0
22,27.99,6,5,1,0
17,85.59,5,27,0,0
31,48.47,4,18,0,0
23,53.58,6,33,0,0
32,55.56,6,5,0,0
11,91.56,6,36,0,0
24,59.9,2,34,0,0
35,55.71,10,17,0,0
20,45.46,5,8,2,0
21,65.62,4,27,2,0
51,36.2,4,19,2,1
16,143.85,5,24,1,0
19,32.16,5,3,1,0
34,34.6,4,20,2,0
48,40.18,3,11,0,0
8,51.24,5,7,0,0
19,24.39,7,20,0,0
28,41.19,3,2,0,0
39,43.35,4,55,1,0
22,57.59,4,33,0,0
51,36.21,4,9,1,0
38,93.23,8,33,1,0
10,39.83,1,4,2,0
2,51.31,5,106,2,1
26,41.69,1,20,0,0
17,116.05,5,13,1,0
37,35.8,8,20,0,0
33,54.92,5,10,1,0
21,38.46,6,13,1,0
12,67.7,4,55,2,0
22,63.37,1,7,2,0
8,43.91,3,3,0,0
10,59.43,7,0,0,0
28,60.58,5,5,0,0
55,65.52,4,29,1,1
31,63.73,4,4,1,0
11,62.46,2,12,0,0
27,30.19,5,18,1,0
14,43.47,4,1,1,0
50,72.16,5,5,0,0
51,51.23,4,55,0,0
28,39.42,6,12,1,1
26,51.3,2,43,0,0
49,29.21,4,4,1,1
8,75.78,7,44,0,0
34,86.41,3,57,1,0
43,41.04,4,37,0,0
46,61.39,6,23,1,0
10,38.85,4,13,0,0
47,40.63,6,0,0,0
36,102.01,3,6,0,0
17,54.22,10,20,0,0
45,49.08,4,15,1,0
19,28.53,4,20,1,0
8,85.78,4,3,0,0
15,30.19,5,19,0,0
29,34.28,10,1,2,0
25,26.72,5,3,0,0
60,46.32,6,56,0,0
29,103.59,2,28,1,0
39,46.86,5,35,0,0
46,46.84,6,15,3,0
16,50.45,4,6,2,1
10,57.43,5,2,1,0
20,59.03,9,12,1,0
11,33.98,8,4,0,0
57,164.49,5,11,0,0
4,78.57,4,1,3,0
38,68.89,2,10,1,0
41,64.84,3,7,1,0
60,92.25,7,24,2,0
59,79.33,9,8,0,0
43,44.45,4,12,1,0
23,55.3,4,13,0,0
41,86.89,3,11,0,0
29,70.11,4,19,0,0
14,74.93,3,9,1,0
11,67.25,2,37,0,0
14,39.48,1,1,2,0
1,46.8,2,5,0,0
38,86.11,6,5,2,0
40,59.23,7,20,0,0
14,62.4,6,21,0,0
25,129.56,4,4,0,0
15,71.05,4,0,1,1
44,60.28,6,13,1,0
34,94.87,6,1,0,0
25,83.0,4,14,0,0
38,59.38,3,0,0,0
43,28.96,5,38,0,0
52,74.44,5,18,0,0
53,76.42,6,15,1,0
34,80.46,9,2,0,0
15,52.95,9,5,0,0
59,46.7,4,14,0,0
17,54.42,7,43,0,0
9,39.53,7,36,0,0
32,48.61,6,8,0,0
7,72.34,4,0,0,0
28,47.03,8,42,0,0
30,46.07,6,12,0,0
52,112.65,3,18,0,0
58,47.0,4,11,0,0
4,41.28,5,5,0,0
37,37.82,2,13,1,0
41,50.64,7,1,1,0
12,37.8,4,7,0,0
4,63.05,4,15,0,0
29,31.61,8,7,0,0
5,26.27,4,17,0,0
52,42.38,6,1,1,0
59,60.36,5,25,0,0
36,88.82,4,2,0,0
24,61.95,5,7,2,0
47,53.9,3,21,0,0
22,22.32,4,3,0,0
55,87.09,4,43,0,0
54,37.48,7,26,1,0
30,43.76,4,18,1,0
6,23.65,3,14,0,0
58,57.51,3,3,2,0
7,152.07,4,0,0,0
19,51.62,6,67,1,1
54,39.63,3,0,1,0
7,51.36,7,17,0,1
16,88.0,6,3,0,0
41,78.03,7,12,0,0
45,45.9,5,2,1,0
27,83.53,3,48,0,0
47,99.17,6,5,1,0
19,84.01,9,8,0,0
60,40.58,5,1,0,0
12,72.53,4,5,2,0
23,50.33,5,9,2,1
57,56.8,4,0,1,0
22,40.97,6,20,1,0
60,30.38,9,0,0,0
53,44.1,4,52,0,0
50,30.79,4,24,0,0
41,36.86,3,6,0,0
10,50.63,1,43,1,0
22,44.91,7,27,0,0
28,34.2,6,10,0,0
41,31.27,5,6,0,0
40,59.17,5,1,0,0
41,70.21,5,11,0,0
37,51.41,3,25,1,1
34,50.34,3,5,0,0
2,34.77,3,11,0,0
33,37.02,4,0,0,0
50,63.74,5,9,0,0
52,32.85,6,5,1,0
21,50.57,3,67,0,0
58,41.56,2,16,1,0
7,35.98,6,6,0,0
39,43.4,4,9,0,0
19,96.27,6,6,0,0
3,59.29,5,10,0,0
47,135.1,6,4,0,0
42,51.31,6,40,1,0
31,62.65,7,13,0,0
20,22.32,5,14,1,0
35,40.73,6,3,2,0
20,37.61,6,2,2,0
53,40.6,4,10,0,0
55,77.27,5,23,0,0
46,58.78,3,41,0,0
21,29.55,6,6,0,0
20,33.19,4,51,2,0
33,56.03,3,14,0,0
41,52.45,2,10,0,0
15,84.22,9,2,0,0
9,28.66,5,1,0,0
56,73.2,3,33,1,0
41,73.1,8,1,1,0
38,37.87,8,11,0,0
46,46.55,2,0,0,0
54,80.48,6,7,0,0
28,19.92,1,11,0,0
17,64.36,3,10,0,0
11,74.42,3,38,0,1
41,54.78,6,3,0,0
40,55.99,4,1,0,0
39,28.92,4,79,2,0
3,26.9,4,26,0,0
42,50.33,3,28,1,0
59,86.43,7,24,1,0
29,48.06,3,26,1,0
38,60.81,4,8,1,0
22,31.21,6,6,1,0
29,49.78,3,83,0,0
49,30.9,1,27,2,0
3,88.9,3,34,0,0
2,36.46,3,54,0,0
3,46.44,3,43,0,0
32,53.1,3,12,0,0
19,48.21,5,3,1,0
23,48.46,7,4,2,0
4,55.62,5,25,1,0
22,47.06,9,28,0,0
37,85.08,6,20,0,0
12,84.33,11,18,0,0
7,26.16,5,60,0,1
31,46.76,5,10,0,0
14,69.15,3,4,1,0
10,43.03,4,5,1,0
20,100.2,7,3,1,0
22,43.77,2,12,0,0
49,25.79,6,18,1,0
30,39.25,7,73,1,0
42,48.86,8,7,0,0
32,47.85,3,3,1,0
18,28.18,3,14,1,1
37,32.34,5,18,1,0
36,41.58,3,59,0,0
32,36.53,3,12,1,0
22,109.53,8,19,0,0
23,55.63,3,12,1,0
29,109.44,1,2,0,0
35,79.99,2,12,1,0
55,74.45,3,9,3,0
14,37.75,5,56,0,0
45,63.3,8,15,2,0
37,117.42,6,23,0,0
6,74.88,4,4,3,0
1,58.02,3,8,0,0
56,78.24,6,39,0,1
58,29.09,8,26,0,0
45,38.8,5,7,1,0
27,100.47,6,17,1,0
56,96.62,4,19,0,0
40,46.97,5,26,0,0
19,24.14,6,24,0,0
52,26.08,2,48,0,0
2,66.43,3,2,1,0
54,46.04,3,14,0,0
31,36.05,7,0,1,0
56,74.41,6,2,0,0
4,46.08,6,1,0,0
58,30.12,7,6,1,0
44,56.83,3,49,1,0
60,67.22,2,14,0,0
60,29.85,6,37,0,0
29,33.0,6,20,0,0
21,35.5,10,41,1,0
60,62.7,5,15,1,0
5,78.66,4,3,0,0
25,35.52,1,44,2,0
5,41.71,6,93,2,1
14,29.34,11,15,1,0
42,58.62,3,1,0,0
46,41.51,5,15,2,0
30,58.49,5,35,0,0
12,48.92,6,8,0,0
38,56.21,7,2,0,0
39,23.85,4,29,2,0
12,50.37,6,10,0,0
30,59.62,5,29,0,0
31,24.62,7,1,0,0
21,86.37,4,36,0,0
55,79.18,5,23,0,0
50,81.08,4,10,0,0
52,53.68,5,13,0,0
11,73.77,2,12,1,0
40,112.75,7,19,0,0
44,32.56,11,62,0,0
27,85.46,4,5,0,0
44,57.58,8,11,1,0
30,24.68,5,41,0,0
2,58.7,6,9,2,0
7,71.64,5,68,0,0
4,77.22,9,7,0,0
25,68.63,4,8,0,0
36,77.49,8,30,1,0
3,61.85,6,26,0,0
21,34.15,5,24,0,0
43,51.66,3,11,0,0
22,72.91,4,20,1,0
25,50.43,5,27,2,0
36,48.8,4,20,1,0
30,28.88,3,21,0,0
48,62.99,7,78,0,0
46,75.77,3,38,0,0
22,61.37,3,3,0,0
59,60.98,5,24,1,0
5,50.36,4,6,1,0
46,80.92,6,7,1,0
40,132.87,2,19,0,0
3,47.01,4,52,0,0
26,83.23,5,9,1,0
37,38.33,6,40,0,1
45,44.1,7,12,1,0
4,32.62,7,7,0,0
48,76.34,6,21,0,0
9,50.56,5,7,0,0
7,30.94,5,15,0,0
48,85.25,6,17,2,0
59,31.79,6,64,1,0
39,71.55,5,20,1,0
16,59.85,2,4,0,0
39,21.29,6,9,0,0
5,53.23,6,70,0,1
8,45.52,8,54,1,0
11,28.21,4,25,0,0
3,70.68,1,37,1,0
37,52.33,6,0,0,0
3,60.73,6,36,1,0
47,40.72,8,11,0,0
45,68.94,5,5,0,0
56,40.67,3,14,0,0
14,91.69,3,90,0,0
50,64.07,6,43,0,0
55,40.69,4,16,1,0
49,73.65,5,50,1,0
5,56.21,5,15,0,0
15,71.81,4,15,0,0
5,32.95,7,18,0,0
15,23.55,6,4,0,0
30,55.43,8,5,1,0
15,38.74,5,19,0,0
16,69.79,4,37,0,0
27,74.74,3,68,0,1
12,36.34,4,64,0,0
2,103.47,6,3,0,0
15,59.33,5,39,2,0
24,44.67,7,42,0,0
10,80.89,3,36,0,0
11,74.83,5,6,0,0
47,49.17,10,17,0,0
21,31.35,5,1,0,0
3,32.7,9,17,1,0
32,52.36,6,8,0,0
16,73.96,8,4,3,0
56,23.02,10,3,1,0
30,53.81,6,36,1,0
16,48.91,6,4,1,0
55,79.87,7,37,0,0
32,19.66,2,25,1,0
15,59.42,7,15,0,1
53,38.55,2,21,0,1
51,58.71,3,0,0,0
49,163.07,5,7,0,0
8,105.37,2,10,1,0
55,58.23,6,6,1,0
21,26.97,2,10,0,0
9,40.98,3,27,0,0
38,86.3,6,2,0,0
51,45.75,4,18,0,0
30,33.01,3,4,0,0
51,53.7,8,12,0,0
8,48.33,5,96,0,0
50,90.35,6,35,0,0
48,35.86,7,8,2,0
30,38.09,4,38,0,0
42,66.3,8,6,0,0
17,61.51,9,24,0,1
45,56.72,5,32,0,0
22,57.65,5,5,0,0
3,131.07,5,45,1,0
33,38.48,2,17,2,0
9,46.92,9,1,0,0
38,96.7,4,13,1,1
54,42.51,5,5,0,0
15,84.43,7,58,0,1
53,62.31,7,4,0,0
6,27.55,4,2,0,0
53,40.4,5,2,1,0
41,55.24,10,1,0,0
22,26.94,8,61,2,1
1,55.33,4,0,1,0
17,37.68,7,20,0,0
6,36.4,4,6,0,0
32,402.35,7,11,0,0
15,93.51,10,24,0,0
6,81.54,8,17,0,0
6,28.58,3,12,0,0
42,30.5,5,26,0,0
29,69.75,4,8,0,0
58,19.33,2,12,0,0
42,36.48,3,12,0,0
18,36.84,3,26,3,0
14,44.2,10,14,0,0
38,83.96,9,5,0,0
59,98.03,3,36,1,0
48,69.2,8,41,0,0
11,32.21,2,67,0,1
11,34.1,5,4,0,0
57,86.85,4,27,0,0
58,72.42,11,70,0,0
5,84.11,4,27,0,0
47,34.63,7,9,0,0
46,44.69,7,36,0,0
40,88.23,3,94,0,0
31,76.16,4,4,0,0
30,76.34,6,2,0,0
54,65.83,9,8,0,0
18,39.68,6,18,0,0
17,68.96,4,4,1,0
13,57.65,4,29,0,0
24,42.17,3,71,0,0
40,41.12,3,49,1,0
57,57.39,5,18,0,0
50,52.23,9,9,0,0
14,45.99,7,39,0,0
12,53.29,2,2,1,0
5,42.71,4,31,1,1
50,63.14,8,19,1,0
58,61.58,6,3,1,0
7,63.31,3,24,0,0
34,25.87,4,48,0,0
39,36.33,2,15,0,0
50,36.98,5,10,0,0
44,28.86,4,22,0,0
35,95.81,9,43,0,0
26,58.17,8,6,0,0
29,40.4,7,8,2,0
21,40.92,7,27,0,0
28,28.27,4,65,1,1
16,25.3,4,2,0,0
30,63.33,4,41,0,0
1,144.21,5,16,0,0
46,73.68,7,25,0,0
36,54.42,2,4,0,0
2,38.65,7,28,0,0
25,49.03,4,30,0,0
29,22.95,2,32,0,0
2,50.15,5,14,0,0
7,47.04,4,28,0,1
11,29.05,3,0,0,0
34,26.59,4,37,0,0
10,63.94,3,97,0,1
22,29.17,5,8,0,0
9,118.57,8,2,1,0
16,28.28,3,16,0,0
16,74.0,6,1,0,0
38,25.01,1,28,0,0
35,62.99,6,4,1,0
9,40.84,6,19,1,0
7,46.94,4,34,0,1
51,59.35,9,62,0,0
1,37.26,4,39,0,0
27,74.63,5,29,0,0
37,65.17,3,4,0,0
3,36.01,3,45,0,0
16,31.34,7,7,0,0
22,50.92,3,3,1,0
41,61.94,2,12,0,0
27,37.92,7,12,2,0
58,53.94,5,10,1,0
3,71.26,2,12,0,0
49,62.54,8,5,0,0
26,43.46,10,41,0,0
7,89.54,3,19,0,0
30,39.97,6,19,1,0
4,22.29,4,14,0,0
31,24.18,4,0,1,0
57,44.62,5,40,0,0
48,42.79,7,10,0,0
3,45.34,5,45,2,1
45,41.46,5,43,0,0
7,42.97,4,67,0,0
23,33.89,4,28,1,0
57,66.98,4,136,0,1
47,48.03,3,31,0,0
21,77.53,6,10,1,0
5,58.03,5,14,0,0
7,41.4,6,2,0,0
50,46.46,5,55,0,0
44,56.86,3,10,0,0
52,32.95,9,35,0,0
58,57.63,7,6,0,0
49,65.61,7,12,1,0
16,19.65,4,4,1,0
57,35.0,2,49,0,0
9,68.84,6,8,0,1
16,60.83,4,9,0,0
47,47.53,4,66,0,0
4,53.72,4,13,0,0
47,50.96,5,2,0,0
49,88.57,6,31,0,0
37,30.84,6,0,0,0
49,78.75,4,8,0,0
11,60.08,7,7,0,0
19,88.35,7,6,2,0
10,68.69,6,35,0,0
27,62.85,2,2,1,0
53,51.19,6,7,0,0
33,50.61,5,9,0,0
4,102.51,4,3,0,0
2,29.48,5,6,0,0
7,37.94,3,26,0,1
55,76.85,4,32,0,0
1,67.39,4,20,1,0
52,118.73,7,6,1,0
16,41.84,10,27,3,0
49,54.75,6,30,0,0
24,87.69,5,2,0,0
26,63.9,11,15,0,0
36,88.07,8,7,0,0
16,40.96,5,15,0,0
20,66.72,4,44,0,0
52,28.75,10,4,0,0
34,92.78,6,22,0,0
17,59.73,6,5,1,0
53,67.56,6,44,1,0
28,44.02,5,5,0,0
17,61.65,4,9,2,0
12,89.66,3,12,0,0
56,35.08,4,1,0,0
28,103.62,2,80,0,0
35,63.43,8,30,1,0
39,40.31,9,5,1,0
28,42.0,3,13,2,0
4,66.25,1,0,0,0
3,43.1,4,1,0,0
16,77.4,3,7,0,0
42,59.37,4,37,0,0
6,99.98,5,1,1,0
52,65.73,2,15,0,0
26,81.44,3,11,1,0
20,57.17,5,17,0,0
2,30.92,3,3,1,0
25,51.72,2,22,0,0
17,29.43,3,1,0,0
47,53.65,5,27,1,0
10,63.76,5,3,0,0
51,40.61,6,2,4,0
12,38.43,6,53,2,0
21,88.73,6,7,0,0
29,27.08,1,6,0,0
12,96.56,3,20,0,0
56,70.31,5,4,0,0
1,27.66,6,13,2,0
38,19.01,6,7,1,0
57,34.77,3,3,0,0
60,39.99,6,20,0,0
17,51.22,3,7,0,0
39,45.83,8,12,0,0
38,69.66,4,11,1,0
41,37.76,6,83,1,0
56,52.25,7,20,0,0
59,46.64,8,8,0,0
44,52.93,4,2,0,0
15,64.81,2,3,0,0
54,55.48,5,1,1,0
48,72.61,5,32,1,0
26,70.49,4,47,0,0
33,30.38,2,10,0,0
36,64.96,6,10,0,0
7,41.61,5,54,0,0
4,64.84,3,6,1,0
4,64.62,3,55,1,0
58,39.27,6,32,0,0
17,57.39,9,7,0,0
7,52.98,7,32,0,0
24,71.33,2,12,0,0
48,64.86,5,9,0,0
18,71.39,5,8,1,0
15,62.96,5,21,0,0
28,25.64,3,50,1,0
33,72.41,2,29,2,0
42,60.12,11,37,0,0
43,140.7,6,5,0,0
38,71.52,10,7,0,0
56,78.79,5,54,0,1
19,78.71,6,23,0,0
13,57.89,6,8,1,0
58,40.27,5,2,0,0
39,59.99,5,29,0,0
28,64.76,5,5,0,0
42,46.85,9,22,0,0
22,22.45,5,7,2,0
54,37.65,5,19,0,0
19,50.05,7,45,0,0
18,132.36,6,17,1,0
24,45.19,4,54,2,0
33,152.44,4,0,3,0
8,55.69,3,9,1,0
57,49.11,4,16,0,0
22,47.44,4,55,0,0
44,72.78,3,18,0,0
6,42.16,5,3,0,0
12,53.35,4,3,1,0
40,34.75,7,6,0,0
38,32.76,4,13,0,0
22,71.12,4,8,2,0
54,26.43,3,4,0,0
34,42.49,5,5,1,0
30,64.74,3,28,0,0
26,43.87,1,24,0,0
56,45.0,3,8,1,0
51,92.65,4,53,1,0
16,77.69,4,4,0,0
18,90.5,3,3,0,0
20,38.62,10,32,0,1
40,72.06,5,57,0,0
7,53.55,2,3,1,0
7,26.96,7,50,1,1
22,40.06,5,39,0,0
55,134.21,4,54,0,0
25,41.94,6,3,1,0
39,83.56,9,2,2,0
2,63.53,7,11,1,0
16,32.61,3,4,1,0
55,108.56,3,10,1,0
23,65.41,6,39,2,0
32,48.82,4,8,1,0
2,95.05,7,13,0,0
14,29.75,2,25,1,0
55,46.9,6,43,0,0
13,80.52,3,43,1,0
32,70.47,3,69,1,0
33,75.57,7,27,2,0
44,70.01,4,18,0,0
37,56.45,7,11,0,0
37,36.86,7,19,0,0
57,40.13,8,47,1,0
46,71.01,3,32,2,1
42,37.83,4,20,0,0
3,28.99,5,50,1,0
37,87.07,5,13,0,0
51,209.83,7,19,1,0
42,47.56,11,28,0,0
38,35.95,4,7,1,0
50,107.82,5,77,0,0
5,45.75,5,8,0,0
25,53.05,4,23,0,0
12,22.62,4,44,0,0
17,28.05,9,18,0,1
16,60.43,5,7,1,0
57,43.71,7,18,0,0
17,35.81,7,28,0,0
8,65.06,3,28,0,0
58,48.83,4,20,0,0
50,49.97,6,3,2,1
1,79.24,6,54,0,0
3,50.99,5,4,0,0
4,36.97,2,62,0,1
10,77.43,4,16,0,0
51,56.0,3,4,0,0
52,42.25,6,29,2,1
19,74.45,4,8,1,0
22,33.27,4,9,0,0
30,47.87,4,1,1,1
59,47.63,7,9,1,0
7,109.56,5,12,0,0
29,97.23,7,2,2,0
30,47.09,2,0,0,0
46,92.78,3,41,0,0
31,52.64,4,15,2,0
57,71.84,5,3,0,0
11,44.21,3,11,0,0
3,94.42,3,26,2,0
36,108.64,2,10,1,0
19,48.92,5,4,1,0
54,72.99,4,20,0,0
3,124.29,2,10,1,0
14,96.55,4,16,0,0
41,51.9,3,7,0,0
30,34.63,5,6,0,0
28,97.35,7,10,0,0
29,39.33,6,15,1,0
32,45.3,10,5,1,0
52,54.11,5,1,0,0
59,38.37,3,2,1,0
25,116.45,6,14,0,0
59,52.02,6,20,0,0
28,40.49,3,7,1,0
35,95.09,5,14,0,0
25,51.34,4,5,0,0
8,41.16,5,29,0,0
50,45.02,5,97,1,1
17,59.41,7,1,0,0
51,81.13,7,12,0,0
18,129.33,5,7,1,0
8,90.3,4,12,0,0
10,60.85,3,8,0,0
1,89.11,4,12,1,0
49,81.45,5,50,1,0
52,57.43,5,26,0,1
43,40.83,7,31,0,0
9,48.43,7,34,1,0
42,60.2,6,34,0,0
20,64.6,6,41,0,0
60,67.46,4,7,0,0
36,20.49,5,1,1,0
2,58.83,3,35,1,0
25,87.66,5,22,0,0
18,81.99,6,32,1,0
43,31.83,6,13,0,0
5,67.25,4,6,0,0
42,65.19,7,16,1,0
3,52.9,8,1,0,0
30,56.53,4,2,1,1
10,75.37,5,19,2,0
5,27.65,3,26,1,0
55,66.4,8,5,1,0
6,55.71,11,18,1,0
42,71.54,5,10,1,0
33,48.23,5,2,1,0
12,47.9,4,4,0,0
24,50.06,6,48,2,0
51,36.86,6,37,0,1
9,46.55,5,1,0,0
37,56.3,4,30,0,0
34,60.03,3,3,0,0
33,28.95,9,23,0,0
13,30.09,5,22,0,0
32,64.41,11,6,0,0
35,45.35,6,13,0,1
6,68.44,8,45,0,1
24,39.55,5,8,0,0
2,118.75,7,6,1,0
11,73.58,5,12,2,0
33,90.49,4,23,0,0
21,50.84,7,55,1,0
37,50.34,6,17,0,0
15,81.57,4,2,0,0
23,37.59,6,10,0,0
54,61.47,2,37,0,1
60,71.65,7,26,0,0
3,30.23,4,6,0,0
27,49.8,6,4,0,0
38,55.87,4,1,1,0
21,77.74,6,17,1,0
35,34.41,5,12,1,0
7,46.21,6,4,0,0
14,61.4,4,2,0,0
36,86.09,3,27,2,0
43,82.13,5,24,0,0
36,80.24,6,24,0,0
39,75.34,7,7,0,0
21,46.19,5,85,0,0
54,33.01,3,1,0,0
31,39.61,6,33,0,0
49,69.97,4,5,1,0
22,28.47,3,12,1,0
13,114.35,9,5,2,0
47,26.33,6,7,0,0
16,34.85,3,6,1,0
14,54.8,4,10,1,0
30,44.71,6,1,0,0
8,41.27,5,11,0,0
36,41.19,4,30,0,1
38,61.32,5,7,0,0
58,88.34,4,56,1,1
26,36.48,3,17,4,0
6,49.45,7,9,1,0
14,41.32,4,66,0,0
52,27.44,5,0,0,0
26,32.27,5,8,0,1
3,37.42,4,1,0,0
49,67.58,3,5,0,0
34,30.36,5,1,2,0
39,83.06,6,1,0,0
16,76.73,8,4,2,0
39,42.27,6,2,1,0
46,84.49,4,2,1,0
4,36.68,7,10,1,0
6,56.62,7,1,3,0
8,58.75,2,42,0,0
9,137.94,6,40,0,0
27,61.28,3,4,0,0
27,50.9,8,13,0,0
12,58.64,5,7,0,0
19,55.77,7,64,1,0
43,84.37,4,20,1,0
46,39.17,7,60,0,0
44,105.2,8,10,0,0
32,29.38,7,22,1,0
39,85.68,3,12,0,0
58,103.3,3,24,0,0
47,25.72,5,12,1,0
14,85.25,7,75,0,1
41,50.76,3,2,1,0
53,49.45,4,3,1,0
9,59.36,5,28,1,0
54,51.5,4,23,0,0
35,30.17,5,6,2,0
14,64.95,6,12,0,0
12,55.01,4,13,0,0
46,76.65,7,10,2,0
6,65.53,6,29,1,0
54,56.04,7,34,0,0
43,60.94,8,26,1,0
55,44.8,5,14,1,1
27,151.1,7,26,2,0
3,33.75,4,41,0,0
53,52.01,4,15,0,0
6,75.67,5,18,0,0
18,66.5,3,5,0,0
36,31.91,4,29,0,1
17,33.5,2,49,0,1
1,38.49,2,31,0,0
33,30.65,2,2,0,0
44,42.78,5,5,2,0
41,86.1,4,19,0,0
33,60.28,4,21,1,0
8,126.12,2,22,3,0
13,38.41,2,64,0,0
12,31.95,3,0,1,0
17,47.79,3,31,1,0
2,33.87,4,11,0,0
11,58.57,3,11,0,0
43,87.45,3,5,0,0
16,53.06,9,27,0,0
6,37.05,5,25,1,0
12,43.57,2,4,0,0
39,40.19,8,32,0,0
28,92.85,4,5,1,0
59,60.12,2,21,0,0
47,91.94,2,24,0,0
21,30.71,4,5,0,0
34,152.63,4,26,1,1
41,86.52,3,6,1,0
60,84.63,6,4,0,0
23,54.47,6,7,0,0
3,81.55,6,33,0,0
24,31.67,7,48,0,0
21,62.73,5,17,1,0
43,57.73,3,1,1,0
16,40.6,5,5,0,0
40,50.98,8,3,1,0
48,44.04,4,19,0,0
57,27.52,8,6,1,0
30,31.75,4,16,0,0
3,25.66,6,13,0,0
42,64.19,7,22,0,0
52,97.22,1,17,1,0
6,98.7,6,23,1,0
53,43.55,3,22,0,0
47,46.73,5,2,1,0
2,35.23,4,1,2,0
1,55.16,7,11,1,0
15,88.28,9,42,0,0
5,86.61,7,41,1,1
36,50.23,4,4,0,0
60,82.11,7,15,0,0
14,37.85,3,7,0,0
51,40.61,3,6,0,0
19,68.19,5,9,1,0
12,42.57,5,27,0,0
12,20.64,7,8,0,0
30,83.88,7,62,1,0
46,56.01,4,28,0,0
18,78.22,6,5,1,0
49,28.03,4,12,0,0
3,68.31,7,8,0,0
30,73.54,7,15,0,0
55,80.45,5,19,0,0
53,37.86,2,68,0,0
11,31.5,3,44,0,1
9,54.9,4,3,1,0
10,46.19,4,21,0,0
20,111.7,3,79,2,1
24,31.68,7,61,0,1
25,57.49,4,4,0,0
42,75.06,7,25,0,0
51,74.61,4,19,2,0
42,29.83,6,14,3,0
46,35.58,5,21,1,0
11,65.5,2,7,0,0
5,40.76,4,21,1,0
21,83.35,7,87,1,1
21,118.11,6,39,0,0
43,43.74,4,35,0,0
31,38.4,4,14,2,1
35,88.19,4,4,0,0
8,82.24,3,28,1,0
45,43.2,6,62,1,0
7,38.3,3,18,0,0
4,33.64,6,5,3,0
3,155.07,5,44,0,0
17,95.13,7,6,0,0
34,56.68,1,7,0,1
60,53.97,6,26,0,0
5,64.27,3,7,1,0
37,40.45,8,40,0,0
60,22.95,10,9,1,0
22,39.45,4,54,0,0
25,42.38,6,4,1,0
32,48.21,4,21,2,1
4,46.67,7,2,0,0
43,61.84,8,31,1,0
11,38.16,2,16,0,0
23,71.74,3,26,0,0
15,27.17,5,47,0,0
46,53.71,7,23,0,0
55,56.91,4,9,1,0
54,99.81,4,16,1,0
36,78.05,6,18,0,0
26,30.37,7,0,1,0
21,41.29,7,0,1,0
55,68.2,5,29,0,0
42,32.92,6,7,2,0
55,90.77,6,32,1,0
15,26.66,3,1,0,0
49,99.52,4,27,1,0
46,79.54,4,29,1,0
40,51.66,4,4,1,0
28,69.78,8,13,0,0
46,50.71,5,11,0,0
18,43.92,5,17,0,0
4,67.55,4,4,0,0
40,51.49,8,16,0,0
33,56.17,9,3,1,0
49,37.22,6,3,0,0
6,20.82,4,5,0,0
3,46.72,6,10,0,0
55,51.71,6,32,0,0
54,36.02,7,48,1,1
53,121.17,6,11,0,0
41,55.13,5,5,0,0
32,54.08,6,10,1,0
25,64.71,3,35,0,0
22,66.24,5,0,0,0
50,71.21,4,2,1,0
47,58.81,5,31,1,0
55,68.67,5,4,0,0
18,118.42,4,79,0,0
45,79.54,2,6,0,0
34,95.2,8,30,0,0
51,37.87,4,18,1,0
41,30.25,8,1,0,0
57,84.98,2,28,1,0
46,83.12,7,7,0,0
11,47.67,5,66,0,1
22,60.67,6,44,0,0
39,30.88,8,82,0,1
33,68.5,3,42,0,0
45,49.46,2,2,1,0
56,85.69,3,3,0,0
49,46.73,6,51,0,1
20,42.9,7,25,0,0
24,52.05,5,26,0,0
42,42.72,3,7,0,0
56,71.14,5,5,1,0
41,58.38,6,39,1,0
20,59.57,5,10,0,0
16,46.04,4,43,0,0
27,96.01,10,4,1,0
3,58.69,3,20,1,0
56,58.79,5,41,0,0
38,47.8,6,35,1,0
41,66.94,3,2,0,0
11,58.62,7,4,0,0
5,46.87,5,3,0,0
48,39.88,4,11,1,0
51,39.24,4,25,1,0
43,79.38,2,50,0,0
3,54.8,4,31,1,0
26,64.43,5,3,1,0
37,82.43,4,15,0,0
53,27.97,3,73,2,1
40,82.41,5,7,0,0
7,35.98,7,14,0,0
11,151.7,5,70,0,0
28,37.45,1,58,0,1
40,53.47,4,5,0,0
7,49.76,5,7,0,0
23,34.19,5,12,0,1
24,152.6,6,16,0,0
44,44.7,3,15,0,0
27,25.08,5,9,1,0
19,51.24,3,8,1,0
24,40.19,5,10,0,0
37,62.61,4,11,0,0
19,38.04,8,13,0,0
24,91.12,4,18,2,0
54,90.54,7,0,0,0
60,58.04,6,41,0,0
44,178.42,6,18,0,0
54,34.86,5,12,0,0
45,31.55,6,52,0,0
33,55.9,5,58,2,0
40,54.81,3,90,0,1
29,61.45,4,4,1,0
46,78.18,7,14,0,0
23,76.36,3,2,1,0
43,50.87,7,26,1,0
2,28.78,7,12,0,0
14,38.39,5,2,1,0
50,23.63,9,0,1,0
48,100.31,4,4,0,0
28,28.44,7,28,0,0
10,57.43,6,25,0,0
46,57.12,3,69,0,0
25,50.57,5,3,1,0
58,64.62,5,20,1,0
37,34.3,4,1,0,0
17,29.84,3,30,1,1
29,85.26,5,32,0,1
52,34.47,8,26,0,0
53,61.89,7,60,0,1
10,49.24,4,29,1,0
41,64.45,3,26,0,0
34,54.32,6,39,1,0
11,63.6,5,2,0,0
4,63.62,4,6,0,0
42,38.16,4,112,0,0
6,67.78,5,3,0,0
1,80.34,4,49,0,0
47,47.89,10,57,0,0
56,61.61,6,12,0,0
21,41.62,6,55,0,1
30,72.28,2,0,0,0
20,54.67,6,9,0,0
50,53.39,4,52,1,0
36,22.35,5,43,0,0
23,62.93,5,70,0,1
15,70.78,3,45,0,1
48,96.2,5,33,0,0
48,29.47,4,8,0,0
17,23.87,6,35,2,0
2,74.51,8,30,2,0
55,97.48,3,60,0,0
36,65.0,3,21,0,1
11,33.95,7,29,0,0
14,30.75,7,7,1,0
26,44.77,6,36,0,0
15,111.27,4,16,0,0
46,51.08,6,32,0,0
17,98.18,6,52,0,0
10,27.34,4,1,1,0
6,79.65,4,54,0,0
43,44.93,3,4,0,0
19,86.99,4,8,1,0
1,68.01,2,6,2,0
4,49.24,4,59,0,0
10,87.94,5,10,0,0
55,82.0,7,9,1,0
53,61.75,8,53,0,0
17,59.38,4,20,1,0
39,40.42,6,16,0,0
12,35.48,5,10,1,1
27,43.99,2,16,0,0
11,33.11,3,46,0,1
2,59.04,6,0,0,0
36,80.01,4,50,1,0
58,37.06,3,3,0,0
49,58.86,3,10,1,0
60,46.53,4,4,0,0
38,51.47,7,1,0,0
18,51.2,5,47,1,0
42,69.22,5,85,0,0
45,22.99,6,55,0,0
44,65.95,7,2,1,0
16,35.86,8,36,1,0
26,43.19,4,23,0,0
49,30.44,5,0,1,0
42,47.6,3,3,0,0
12,108.0,2,30,1,0
23,37.02,5,2,0,0
14,30.56,4,18,0,0
34,68.26,10,8,1,0
55,66.01,4,9,0,0
1,74.52,9,30,1,1
43,72.65,5,6,1,0
34,65.37,9,38,0,0
10,66.49,3,49,1,0
5,37.43,4,23,0,0
26,31.56,5,37,0,0
45,38.95,5,31,0,0
32,28.89,4,25,1,0
2,40.66,7,57,0,0
18,40.15,7,7,1,0
18,123.29,3,87,0,1
21,82.24,8,13,0,0
15,45.38,3,7,0,0
7,115.48,4,1,1,1
3,43.88,4,0,0,0
54,38.08,4,3,0,0
23,117.58,5,4,0,0
44,114.89,3,28,1,0
16,83.63,10,4,1,0
60,67.8,7,60,1,0
38,75.95,4,7,0,0
3,56.81,3,3,1,0
6,95.52,4,13,1,0
35,126.59,8,27,0,0
3,94.21,9,3,1,0
47,85.88,4,10,0,0
17,28.55,8,2,1,0
27,77.21,7,26,0,1
3,41.16,4,39,0,0
26,30.37,2,56,0,0
34,48.18,4,3,0,0
19,36.45,5,7,0,0
27,72.46,5,1,0,0
5,105.62,3,3,1,0
8,42.48,9,14,0,0
39,58.95,6,40,2,1
59,28.87,5,19,0,0
38,78.86,6,33,0,0
40,101.79,5,31,1,0
59,43.2,6,0,1,0
56,58.85,6,20,0,0
20,39.25,6,40,3,0
5,41.25,5,11,0,0
42,59.71,6,54,0,0
24,39.91,2,6,0,0
57,62.39,6,19,0,0
25,64.76,5,4,2,0
54,46.09,2,26,1,0
10,103.39,5,25,0,0
46,64.86,8,7,0,0
26,74.62,3,1,0,0
18,196.78,7,13,0,0
58,89.86,9,41,1,0
41,117.66,4,5,0,0
37,42.44,5,2,1,0
15,27.32,9,38,1,0
15,31.53,6,12,0,0
59,72.93,3,2,0,0
41,50.72,3,13,0,0
24,65.39,12,54,1,1
2,28.66,6,26,0,0
17,70.33,11,62,0,0
57,34.57,3,17,0,0
18,40.75,4,45,1,0
5,62.92,10,9,0,0
49,40.86,5,23,1,0
47,53.81,7,1,0,0
34,36.15,5,6,0,0
30,73.36,4,67,0,0
33,89.53,4,17,1,0
1,64.35,6,3,1,0
36,85.8,7,5,0,0
32,14.9,4,7,0,0
35,61.55,8,10,1,0
45,54.83,6,1,1,0
40,58.72,7,23,1,0
11,79.89,5,3,1,0
36,45.62,9,3,1,0
59,76.7,3,49,0,0
26,25.66,5,34,0,0
5,75.3,10,97,1,1
59,65.19,3,22,2,0
55,78.28,8,15,0,0
45,52.56,3,32,1,0
47,33.45,4,7,2,0
52,102.55,5,17,0,0
6,44.48,6,1,1,0
21,81.82,5,8,1,0
8,48.37,6,0,0,0
49,46.07,8,13,0,0
41,145.55,7,13,1,0
3,72.62,4,29,0,0
7,54.1,5,1,0,0
2,100.38,5,11,0,0
13,37.39,7,2,1,0
45,73.83,13,17,2,0
30,63.28,4,39,0,0
37,80.56,4,0,0,0
3,33.67,2,17,0,0
42,81.09,5,39,0,0
24,38.93,9,50,2,0
31,65.52,7,3,0,0
44,23.67,7,10,0,0
11,63.67,3,11,0,0
56,122.0,6,12,2,1
40,38.78,4,11,0,0
10,78.05,4,1,1,0
9,58.86,3,36,1,0
52,54.34,5,18,1,0
43,82.71,5,32,1,0
6,40.64,4,14,0,0
26,56.86,7,40,0,0
14,54.7,4,9,0,0
48,48.54,7,7,1,0
21,52.81,4,21,0,0
34,40.21,8,4,0,0
5,35.62,2,26,0,0
28,68.74,4,14,0,0
3,57.85,4,19,0,0
33,42.83,2,34,1,0
30,78.86,5,19,1,0
36,42.87,5,14,0,1
11,45.62,4,11,0,0
26,69.49,6,61,0,0
13,48.88,4,38,0,0
35,96.64,6,15,1,0
18,93.17,3,41,0,0
3,72.92,4,18,1,0
22,112.22,3,59,0,1
49,86.61,7,23,0,0
39,75.23,6,26,0,0
57,88.02,4,19,0,0
46,85.96,4,70,1,1
42,129.8,5,20,2,0
43,51.13,6,61,0,0
9,53.32,7,9,0,0
58,57.03,4,10,0,0
2,83.53,2,18,0,0
18,34.45,7,6,0,0
49,54.8,5,35,0,0
17,75.12,7,2,0,0
44,32.27,6,5,2,0
36,44.99,3,1,1,0
22,45.81,6,66,0,0
23,63.23,2,29,0,0
20,77.47,5,11,1,0
20,25.43,6,33,0,0
13,65.79,4,6,1,0
27,42.56,3,6,0,0
55,20.29,4,11,1,1
57,21.91,7,15,1,0
10,34.98,3,11,0,1
54,41.03,3,6,0,0
54,81.81,4,3,0,0
59,51.74,4,23,0,0
8,55.16,4,6,0,0
50,40.17,5,17,0,0
9,61.28,5,22,1,0
39,94.41,4,66,1,0
28,39.06,4,33,0,0
16,80.39,6,7,0,0
16,69.61,4,4,0,0
1,141.84,5,46,0,0
42,33.83,7,16,0,0
44,72.43,6,39,0,0
31,39.25,3,10,0,0
48,67.98,7,9,0,0
30,70.36,7,17,3,1
22,45.99,3,20,0,0
43,69.11,7,50,0,0
25,63.99,7,29,0,0
29,64.33,3,25,1,0
32,39.77,8,12,0,0
19,68.2,4,18,1,0
55,48.55,7,0,0,0
46,43.61,5,20,0,0
47,32.67,3,2,0,0
34,28.35,4,17,0,0
39,31.31,4,2,1,0
2,44.94,4,2,0,0
32,22.43,4,26,0,0
2,40.88,3,11,0,0
22,127.83,7,28,0,0
8,69.81,1,10,3,0
27,94.27,4,8,0,0
31,27.45,6,31,1,0
26,61.07,5,33,0,0
33,54.01,6,5,1,0
15,32.64,7,2,1,0
31,45.31,9,14,2,0
38,80.88,6,1,1,0
20,36.09,4,9,1,0
43,83.16,5,38,0,0
8,32.21,6,14,0,0
19,77.15,2,32,1,0
59,29.5,3,43,0,0
32,54.74,5,5,0,0
2,35.15,3,10,2,0
40,19.6,5,6,1,0
41,50.67,3,9,1,0
28,95.63,3,4,0,0
6,78.55,4,21,1,0
42,47.19,5,10,1,0
29,40.59,2,20,0,0
18,57.29,3,34,0,0
44,56.2,3,20,1,0
48,82.24,4,13,0,0
11,42.07,5,7,0,0
54,87.72,2,4,0,0
59,21.89,4,3,0,0
32,91.6,3,5,0,0
39,24.18,2,28,0,0
57,69.92,7,2,0,0
17,69.64,4,33,1,0
8,60.12,4,3,1,0
7,64.72,6,1,1,0
28,58.5,6,32,0,0
35,60.32,5,4,0,0
18,37.11,5,20,0,1
35,92.19,6,26,1,0
47,96.37,4,29,0,0
15,50.0,4,3,0,0
58,62.29,7,20,0,0
23,77.37,2,60,1,1
49,85.34,6,16,0,0
31,57.42,6,42,0,0
36,46.64,11,28,2,0
49,30.47,6,9,1,0
4,34.78,3,1,0,0
56,98.07,4,4,0,1
7,220.06,7,5,1,0
53,110.19,4,55,0,0
35,45.08,7,13,0,0
20,49.04,6,5,0,0
54,34.28,2,2,0,0
56,21.99,5,6,1,0
1,102.78,6,11,0,0
22,70.95,5,58,0,0
52,49.41,5,9,1,0
8,29.57,5,31,0,1
53,50.29,6,15,0,0
15,52.96,2,15,0,0
7,37.07,5,8,0,0
34,75.14,5,5,1,0
10,99.66,5,3,0,0
39,41.82,3,18,1,0
51,62.15,4,4,0,0
26,73.75,5,25,1,0
57,25.64,4,6,0,0
47,28.93,5,16,0,0
42,91.2,3,74,1,1
6,47.25,5,11,0,0
21,83.79,5,2,0,0
53,89.26,4,43,1,0
32,65.49,6,19,1,0
47,43.78,4,12,0,0
32,76.63,5,18,0,0
32,131.54,6,4,1,0
43,99.58,7,4,1,0
12,43.95,8,4,0,0
44,29.58,3,11,1,0
49,75.13,8,6,0,0
18,77.8,7,14,0,0
50,39.87,2,7,0,0
21,79.94,5,14,1,0
15,45.04,3,70,0,0
54,41.74,6,4,0,0
2,61.27,5,6,1,0
14,35.02,5,25,0,0
6,48.1,6,5,0,0
43,46.18,6,37,0,0
19,67.02,4,27,0,0
39,42.49,5,36,0,0
8,39.89,4,60,0,0
43,36.59,3,23,0,0
60,83.73,2,14,2,1
12,35.78,2,24,0,0
2,72.73,3,27,1,0
48,55.06,8,12,0,0
10,56.12,6,1,0,0
33,40.05,7,8,1,0
45,51.01,9,2,0,0
24,42.68,3,7,0,0
59,92.78,3,1,1,0
53,56.52,5,0,0,0
46,53.73,7,17,0,0
39,63.05,6,14,0,0
22,80.95,5,12,1,0
49,62.85,5,1,0,0
45,62.22,4,37,0,0
5,57.3,7,5,0,0
52,69.47,3,55,1,0
13,30.99,4,7,1,0
33,50.32,1,20,0,0
7,53.66,6,70,0,1
58,49.08,5,48,0,0
39,50.77,8,29,1,0
47,103.6,3,17,0,0
28,64.86,2,2,1,0
36,34.77,4,14,1,0
3,31.93,7,15,0,0
37,84.85,9,37,0,0
37,38.87,6,10,0,0
2,49.34,3,13,0,1
30,44.01,3,19,0,0
48,59.56,5,16,1,0
7,41.26,5,48,0,1
30,51.12,7,12,0,0
36,46.46,5,16,0,0
17,83.59,5,43,1,0
54,47.23,3,7,0,0
43,58.66,5,2,1,0
34,28.04,5,10,0,0
27,43.82,4,15,0,0
9,57.22,3,1,0,0
25,36.15,7,20,0,0
15,23.07,8,19,1,0
38,46.39,5,38,0,0
29,84.56,3,6,0,0
17,59.05,1,3,0,0
6,42.49,10,4,0,0
26,31.51,4,10,1,0
1,40.96,4,29,0,0
22,73.23,4,21,0,0
42,73.49,10,17,0,0
58,53.86,6,5,0,0
6,37.18,6,3,0,0
55,43.76,4,13,0,0
42,46.8,7,4,3,0
32,30.64,5,49,2,0
47,58.0,7,16,0,0
33,48.14,6,19,1,0
4,122.67,5,2,0,0
38,58.45,6,16,1,0
6,42.63,3,32,0,0
15,73.26,1,7,0,0
39,58.93,4,24,0,0
23,27.09,5,5,0,0
34,67.75,2,12,1,0
59,55.02,5,29,0,0
20,49.85,3,7,1,0
33,48.0,3,4,0,0
33,73.64,5,23,0,0
12,54.06,5,19,2,0
56,73.54,2,17,0,0
41,67.94,9,10,1,0
34,74.63,7,17,0,0
48,70.16,7,62,0,0
22,51.55,2,4,0,0
36,52.25,5,37,0,1
57,62.92,4,17,1,0
52,26.73,3,8,0,0
9,82.3,6,17,0,0
39,64.51,5,56,1,0
57,86.8,12,12,0,0
50,46.89,8,37,1,0
34,37.59,8,1,0,0
6,45.8,8,17,1,0
6,55.14,5,9,2,0
54,52.29,6,10,0,0
18,53.43,2,18,2,0
56,47.24,2,37,1,1
57,37.28,5,17,0,0
2,57.26,2,11,1,0
8,57.16,9,34,0,0
7,68.36,3,28,0,0
25,72.34,5,6,0,0
21,71.7,8,0,0,0
35,52.36,6,17,0,0
32,48.24,8,14,1,0
53,103.07,4,25,1,0
40,41.06,4,6,0,0
6,114.6,5,1,1,0
6,72.73,4,53,0,1
43,80.93,5,14,0,0
38,90.65,5,17,2,0
9,70.01,3,4,0,0
33,64.14,3,20,0,0
40,62.65,8,20,0,0
41,36.89,7,14,0,0
45,72.66,7,5,0,0
38,38.56,7,29,1,0
50,38.77,4,10,0,0
18,57.5,4,3,0,0
24,35.98,4,28,0,0
28,37.49,4,1,0,0
4,110.2,6,14,0,0
29,97.62,8,50,1,0
15,49.72,3,70,1,0
30,52.48,8,11,1,0
54,73.72,3,60,1,0
9,170.12,2,40,0,0
10,61.14,7,8,2,0
5,38.03,4,22,0,0
49,41.56,6,15,0,1
39,70.57,4,51,0,0
31,60.77,3,10,0,0
44,75.54,1,7,1,0
59,31.51,3,60,1,0
49,93.02,4,1,1,0
51,53.22,4,6,1,0
44,58.98,5,1,0,0
23,45.25,5,13,1,0
37,45.24,5,28,0,0
27,35.47,4,29,0,0
47,78.19,4,80,0,0
20,51.64,1,2,0,0
45,32.13,5,29,0,0
1,43.08,4,24,0,0
24,24.8,2,11,0,0
3,27.45,3,11,0,0
38,52.08,2,22,0,0
49,62.92,3,33,0,0
33,144.21,2,5,1,0
28,38.63,6,10,0,0
15,87.48,7,5,1,0
28,63.18,3,51,1,0
40,60.82,6,19,1,0
50,42.47,4,20,1,0
8,52.06,4,56,2,1
12,64.91,5,2,0,0
4,43.42,4,32,2,0
19,103.71,5,16,0,0
56,35.68,7,1,0,0
52,60.99,3,15,1,0
17,55.52,4,30,0,0
44,73.56,4,2,0,0
36,67.34,10,30,0,0
30,48.63,2,19,0,0
18,43.63,2,12,1,0
21,45.65,4,17,1,0
58,37.63,3,39,0,0
16,37.9,2,7,0,0
15,49.04,3,14,2,0
15,53.57,11,13,1,0
26,73.05,4,10,0,0
15,71.23,3,3,0,0
13,46.26,6,16,0,0
12,93.62,4,1,0,0
53,84.9,5,35,1,0
14,35.08,6,4,0,0
4,33.09,5,0,0,0
22,51.89,3,31,0,0
50,33.8,5,2,0,0
21,46.45,4,1,1,0
58,49.96,4,9,0,0
2,62.47,8,4,1,0
38,43.64,5,33,0,0
17,43.34,5,36,2,0
46,62.65,4,2,1,0
4,66.45,4,7,1,0
18,44.29,2,81,1,0
47,54.58,5,3,1,0
24,42.39,6,38,1,0
13,58.2,7,1,0,0
2,44.05,4,5,0,0
17,44.83,2,31,0,0
44,40.44,5,22,1,0
49,47.3,4,6,2,0
30,35.6,2,1,0,0
37,32.45,4,34,0,0
46,82.04,7,63,0,1
16,67.1,5,40,1,1
57,53.28,6,7,1,0
6,29.39,5,1,0,0
20,45.54,3,19,1,1
38,95.23,4,27,1,0
1,47.12,6,2,0,0
43,21.62,5,10,0,0
10,57.74,3,49,0,0
21,65.98,5,22,0,0
8,56.62,6,48,2,1
48,59.73,3,1,0,0
10,76.11,6,12,0,0
43,67.21,3,55,0,0
5,39.71,2,40,1,0
28,19.24,5,41,1,0
1,70.27,3,21,0,0
3,34.99,6,19,0,0
52,27.25,3,10,0,0
14,77.58,4,1,1,0
28,53.17,3,3,0,0
20,58.18,6,6,1,0
43,67.0,4,17,0,0
34,36.01,8,2,1,0
23,37.86,8,0,2,0
4,127.03,3,31,0,0
58,73.83,5,14,0,0
36,54.97,6,30,2,0
6,37.61,6,19,0,0
5,34.34,3,23,1,0
9,108.99,3,21,0,0
35,65.66,7,34,0,1
35,45.72,6,34,1,0
11,142.99,5,1,0,0
15,58.27,6,15,0,0
55,43.18,6,35,1,0
20,30.98,5,7,2,0
36,49.06,6,14,1,0
37,48.82,5,21,0,0
13,29.93,5,2,0,0
53,114.59,3,44,0,0
42,56.5,8,3,0,0
4,41.99,3,2,2,0
13,97.72,4,1,0,0
33,64.93,3,2,0,0
25,42.57,7,5,0,0
6,35.52,4,15,0,1
43,63.18,4,18,0,0
43,42.7,4,13,0,0
45,74.33,4,18,0,0
31,29.64,6,9,0,0
56,41.97,3,70,0,0
55,79.15,2,4,0,0
8,28.52,7,19,0,0
49,45.7,3,5,2,0
49,77.55,7,85,1,0
7,72.53,2,14,0,0
15,66.89,1,13,0,0
14,74.45,6,40,0,1
46,108.45,1,25,2,0
39,27.5,6,82,1,0
27,32.01,3,4,1,0
26,47.53,8,10,0,0
36,55.19,10,8,1,0
28,61.06,6,6,2,0
15,38.98,6,10,0,0
54,88.21,7,14,0,0
34,65.79,10,9,0,0
28,120.67,4,15,0,0
44,83.54,6,4,0,0
27,70.71,6,7,0,0
42,35.94,5,32,1,0
4,34.47,4,25,0,0
23,47.41,11,7,1,0
47,35.19,5,1,0,0
39,23.76,2,3,0,0
30,45.94,6,2,1,0
42,148.74,7,18,0,0
49,80.55,5,4,2,0
11,32.07,5,7,0,0
60,58.54,3,21,1,1
39,51.84,7,1,0,0
41,37.55,12,8,0,0
15,59.67,5,35,0,0
24,35.64,4,15,1,0
25,35.03,3,20,1,1
22,39.82,4,18,1,0
31,25.88,10,22,0,0
55,51.81,6,66,2,0
12,52.05,6,90,0,1
41,33.82,11,0,0,0
39,70.28,4,4,0,0
2,36.92,8,15,1,0
19,44.79,7,2,2,0
27,34.2,3,33,1,0
10,60.71,4,25,0,1
11,42.28,6,2,0,0
13,69.01,6,11,1,0
10,67.62,5,4,0,0
14,58.21,5,3,1,1
42,64.73,3,20,0,0
13,83.78,5,1,0,0
13,66.5,7,15,1,0
12,50.82,4,27,1,0
25,57.61,5,2,0,0
46,62.98,6,0,1,0
7,39.39,4,6,0,0
27,40.61,7,9,0,0
4,69.61,6,40,0,0
28,71.57,6,9,0,0
30,113.12,5,2,0,0
31,53.23,2,2,0,0
18,68.49,5,6,0,0
34,52.21,7,10,0,0
29,137.06,6,12,0,0
6,109.9,2,11,1,0
40,31.41,3,12,0,0
39,78.53,3,10,0,0
45,28.56,4,2,0,0
2,151.84,8,19,1,0
20,48.82,3,20,1,0
54,46.3,3,18,0,0
19,15.16,5,44,1,1
50,47.92,2,29,0,0
6,37.8,6,132,1,1
25,42.21,2,2,1,0
7,63.05,5,3,0,0
40,71.15,5,14,0,0
51,46.45,1,13,0,0
53,54.13,6,10,1,0
49,62.08,6,41,0,1
7,48.35,13,35,1,0
15,32.71,8,7,1,0
58,103.56,8,42,1,0
33,32.82,6,4,0,0
51,66.1,5,18,0,0
7,81.04,2,17,1,0
58,102.93,6,6,0,0
6,45.72,5,17,2,0
60,49.32,5,27,0,0
54,67.69,8,4,0,0
23,58.33,1,7,1,0
33,65.03,6,36,0,0
57,86.41,4,10,0,0
34,62.94,8,52,1,0
10,38.21,6,13,1,0
10,143.13,7,8,0,0
54,51.76,5,7,1,1
26,58.95,6,28,0,0
47,42.33,4,12,0,0
27,22.45,5,0,1,0
41,24.91,5,13,0,0
45,52.99,4,15,0,1
36,28.09,3,70,2,1
44,26.19,3,44,1,0
2,58.75,4,13,1,0
26,58.24,3,1,0,0
38,47.53,3,4,2,0
49,79.62,6,13,1,0
55,43.0,6,25,1,0
15,60.25,6,15,1,0
38,73.57,9,14,1,0
13,37.83,9,28,0,0
11,44.68,3,16,0,0
14,48.41,7,11,1,0
42,51.58,7,8,0,0
46,38.33,3,10,0,0
12,159.76,1,18,0,0
10,111.06,5,20,0,0
22,61.34,7,15,0,0
43,35.47,6,2,1,0
28,136.92,5,35,0,0
33,80.0,7,33,2,0
14,83.54,1,9,1,0
53,51.43,5,32,0,0
20,68.81,8,33,1,0
31,82.09,4,4,1,0
44,28.65,8,14,0,0
23,57.5,9,40,0,0
13,57.42,5,22,0,0
17,71.19,8,7,0,0
34,74.33,4,3,0,0
35,49.65,2,2,1,0
33,34.29,3,19,0,0
6,20.03,6,16,0,0
57,60.01,7,52,0,1
11,55.67,7,51,0,0
26,37.87,4,19,0,0
46,44.08,5,4,1,0
9,116.98,6,53,0,0
58,34.12,5,44,0,1
31,24.86,5,16,1,0
23,59.95,10,12,1,0
51,40.19,9,17,2,0
50,79.05,5,3,1,0
60,54.4,5,86,1,1
32,22.03,6,41,0,0
28,49.41,3,8,0,0
42,44.11,6,2,0,0
36,77.19,9,24,0,0
31,57.84,7,30,1,0
59,63.42,4,3,1,0
56,128.09,5,4,0,0
39,91.79,2,27,1,0
16,37.32,6,6,0,0
38,37.28,4,9,0,0
28,37.96,9,23,1,0
36,42.65,7,5,0,0
60,30.86,4,7,0,0
49,50.93,5,31,1,0
29,39.53,3,12,0,0
54,53.5,5,62,0,0
53,66.83,8,21,1,0
21,57.58,3,2,1,0
18,33.31,3,46,1,0
1,49.26,2,1,1,0
56,57.02,5,12,0,0
45,46.25,5,17,0,0
52,45.75,2,13,2,0
7,35.44,5,2,0,0
56,66.27,2,33,0,0
24,61.6,5,18,0,0
40,42.97,13,4,0,0
53,83.52,2,1,2,0
58,22.67,6,3,1,0
29,27.45,3,4,1,0
20,133.22,5,10,1,0
2,74.67,4,16,1,0
38,46.5,2,3,0,0
14,58.58,6,26,0,0
43,39.42,2,36,0,0
53,97.88,5,27,0,0
47,81.15,2,2,0,0
49,38.07,4,37,0,0
40,55.52,6,17,2,0
56,56.57,2,48,0,0
54,63.47,4,2,0,0
10,34.62,4,11,0,0
36,50.64,3,58,0,0
50,38.34,7,50,0,0
15,89.12,8,27,2,0
1,73.79,5,10,0,0
17,31.07,4,17,0,0
22,34.21,5,10,0,0
13,36.76,4,16,0,0
17,54.61,3,9,1,0
2,77.79,7,3,1,0
45,72.07,5,1,0,0
34,89.32,5,33,0,0
52,73.76,7,39,0,1
37,49.88,5,22,2,1
52,74.6,5,17,0,0
21,24.7,5,21,0,0
50,40.43,6,30,0,0
42,22.69,7,0,0,0
58,37.82,8,36,0,1
2,29.72,4,1,0,0
51,57.77,4,1,1,0
14,30.34,4,9,1,0
46,55.77,8,4,1,0
39,53.3,2,9,0,0
32,63.43,6,1,0,0
24,55.07,9,4,0,0
12,53.53,6,9,0,0
28,29.88,7,11,1,0
4,206.93,3,34,0,0
20,47.74,4,30,1,0
31,86.45,5,6,0,0
7,68.41,9,12,1,0
51,49.99,9,0,1,0
44,40.64,5,24,1,0
1,52.57,1,3,1,1
37,62.08,4,15,0,0
58,26.7,4,21,0,0
37,68.79,5,14,1,0
12,40.47,6,24,0,0
10,97.15,9,6,0,0
20,91.17,3,25,0,0
37,43.5,2,3,0,0
42,31.93,3,60,1,0
37,28.66,5,17,0,0
19,59.38,3,20,1,0
40,53.8,5,44,0,0
51,114.16,9,15,1,0
21,38.82,4,28,0,0
42,37.34,6,4,0,0
14,36.08,6,7,0,0
48,65.68,4,7,0,0
7,36.12,2,2,0,0
43,65.05,8,4,0,0
34,49.69,4,10,0,0
16,34.98,7,37,0,0
43,78.77,9,77,0,0
11,85.99,3,7,0,0
8,51.82,4,72,0,1
16,77.68,3,19,1,0
19,87.94,2,4,1,0
55,89.46,5,9,0,0
43,47.84,4,35,0,0
46,90.91,4,7,0,0
9,55.86,4,61,0,0
55,41.31,8,8,0,0
7,77.49,4,14,1,0
56,44.47,4,4,0,0
11,60.16,6,35,0,0
11,72.22,3,20,0,0
32,53.31,1,23,0,0
22,37.36,9,3,1,0
12,60.99,9,19,1,1
37,33.75,6,19,0,1
55,33.48,6,17,0,0
1,79.69,4,6,0,1
27,38.13,6,13,0,0
60,112.01,3,7,1,1
6,50.15,4,5,0,0
26,68.5,3,48,0,0
55,29.53,5,2,1,0
10,26.54,9,19,1,0
57,129.36,9,15,0,0
1,99.37,3,5,0,0
7,107.79,2,12,1,0
17,46.64,5,21,0,0
24,62.76,4,24,0,0
16,57.52,1,5,1,0
43,57.44,4,5,0,0
37,93.9,4,8,0,0
11,86.49,8,21,1,0
46,61.87,3,3,0,0
37,37.64,4,12,1,0
58,92.58,3,53,1,0
46,31.23,7,59,1,0
51,43.41,6,37,1,0
40,43.47,5,0,0,0
20,36.97,7,6,1,0
17,73.2,7,18,2,0
50,45.16,5,1,0,0
12,46.45,5,19,1,0
57,36.19,11,39,1,0
60,58.32,5,10,1,0
6,59.68,5,2,0,0
28,49.15,4,21,0,0
60,54.53,4,29,0,0
44,64.45,7,9,0,0
39,60.12,3,1,0,0
56,67.32,4,30,0,0
13,30.41,8,30,2,0
48,41.39,4,7,1,0
56,55.07,3,61,1,0
11,37.37,5,5,1,0
7,41.09,6,14,0,0
55,24.74,6,42,1,0
28,114.81,4,4,0,0
52,57.86,6,17,1,0
35,46.48,2,8,2,0
50,87.08,4,56,1,0
29,84.85,9,11,0,0
15,53.66,1,31,1,0
29,67.55,8,10,0,0
3,44.7,4,5,1,0
3,79.36,3,4,0,0
43,50.34,5,12,1,0
7,42.72,6,37,1,0
39,53.99,3,7,1,0
9,33.31,6,56,0,0
4,60.48,5,25,1,0
44,47.42,5,11,0,0
3,53.37,4,49,0,0
21,54.08,3,20,0,0
18,59.75,4,63,1,1
45,49.5,6,53,1,0
38,51.75,6,6,0,0
47,55.11,6,7,0,0
34,64.98,4,6,1,0
39,63.32,6,44,1,0
39,65.57,7,4,0,0
31,30.12,4,13,1,1
39,35.25,7,7,0,1
7,90.94,5,17,0,0
14,51.3,5,21,0,0
11,75.03,3,18,1,0
60,50.45,6,8,0,0
49,39.15,3,4,2,1
55,23.22,4,36,2,0
40,25.3,4,14,0,0
33,129.63,5,5,1,0
43,101.93,5,31,0,0
2,82.68,3,19,0,0
44,94.78,6,6,2,0
20,53.46,3,0,1,0
58,37.39,4,3,0,0
4,64.01,4,2,0,0
58,55.53,5,22,0,0
41,40.85,6,8,0,0
12,48.26,5,7,0,0
28,37.51,4,37,0,0
57,73.74,3,12,0,0
2,103.73,7,2,0,0
56,43.09,7,10,0,0
20,68.66,5,3,1,0
50,43.84,4,4,0,0
1,104.04,6,13,0,0
1,86.48,7,12,0,0
34,47.95,5,32,1,0
40,53.75,6,11,1,0
25,49.38,4,12,1,0
6,106.94,8,9,1,0
48,45.6,6,40,0,0
14,80.34,3,10,1,0
58,91.92,2,82,0,0
17,47.94,2,6,1,0
37,82.98,5,2,0,0
11,36.37,2,3,0,0
21,76.23,3,17,0,0
45,67.19,3,7,1,0
52,44.61,3,7,0,0
10,61.52,12,42,3,0
20,35.34,3,6,0,0
16,80.56,5,7,1,0
33,35.2,3,7,0,0
30,82.82,4,19,1,0
57,104.13,2,15,1,0
23,35.49,5,55,0,0
58,85.86,4,14,0,0
22,45.39,5,18,0,0
31,60.51,6,124,1,1
4,73.39,7,3,1,0
5,26.34,7,11,0,0
19,24.38,8,27,1,0
15,36.43,4,14,0,0
41,100.69,4,22,1,0
26,44.13,8,56,0,0
2,78.54,7,45,1,0
31,53.59,7,24,0,0
52,46.99,2,3,1,0
59,91.19,5,14,0,0
5,52.14,4,20,1,0
59,57.36,3,5,0,0
53,29.89,6,2,1,0
44,76.14,3,10,0,0
11,43.7,4,16,0,0
32,52.86,2,18,2,0
29,71.64,3,17,0,0
37,45.26,6,23,1,0
3,47.92,9,6,0,0
54,43.83,4,19,0,0
56,49.27,5,64,1,0
10,58.38,8,26,0,0
42,38.68,5,6,0,1
1,99.1,4,8,0,0
52,79.98,2,2,0,0
2,52.15,7,18,1,0
15,37.01,9,5,0,0
25,47.2,3,20,2,0
48,66.48,2,7,0,0
25,120.44,4,41,2,0
14,69.51,4,5,1,0
18,31.71,4,22,0,0
49,48.72,6,7,1,0
26,40.24,2,64,0,0
32,47.05,5,14,0,0
47,46.42,5,5,0,0
11,40.47,4,7,1,0
17,75.26,4,3,2,0
28,22.03,2,24,0,0
41,69.97,4,23,1,0
4,81.19,6,5,0,0
38,34.7,3,4,0,0
14,59.42,3,8,1,0
59,54.07,8,23,0,0
23,32.45,5,9,1,0
36,92.51,3,7,1,0
12,115.3,3,36,0,1
28,74.45,8,7,1,0
11,34.73,7,39,0,0
5,79.32,7,16,0,0
19,51.94,3,2,0,0
53,41.1,9,16,2,0
9,92.34,9,64,2,1
22,49.79,7,20,1,0
11,39.17,5,35,0,0
48,55.4,2,7,2,0
6,45.28,3,35,1,0
41,31.66,7,11,0,0
25,62.83,5,9,1,0
30,72.39,3,11,0,0
54,44.07,7,23,1,0
18,64.82,3,10,0,0
27,74.54,8,18,2,0
13,33.23,6,4,1,0
33,76.65,5,25,1,0
25,39.13,4,2,0,0
51,74.75,3,39,1,0
47,53.8,2,10,0,0
34,77.11,7,5,1,0
16,25.94,9,35,1,0
41,69.46,7,5,2,0
13,76.95,3,40,1,1
26,61.6,7,6,0,0
12,157.12,6,0,0,0
53,45.15,9,11,0,0
20,66.2,7,4,1,0
48,88.77,5,5,1,0
9,101.85,6,18,0,0
36,47.69,3,14,1,1
58,68.36,8,8,0,0
4,60.8,3,40,1,1
43,30.41,5,32,0,0
45,44.3,4,7,0,0
44,42.75,3,0,2,0
50,47.46,6,51,0,0
29,101.23,3,35,0,0
32,33.25,6,4,0,0
18,53.66,3,45,0,0
11,45.83,6,4,0,0
52,80.6,5,45,2,0
20,47.57,5,4,1,0
34,52.65,2,18,0,0
21,53.47,9,11,0,0
18,37.98,6,22,0,0
6,30.14,3,14,2,0
2,70.41,3,46,0,0
11,42.59,5,0,2,0
41,60.58,4,2,0,0
18,61.91,7,3,1,0
44,102.55,8,35,0,0
52,78.2,2,1,0,0
50,53.6,5,27,1,1
10,66.55,5,34,0,0
32,35.76,3,8,0,0
14,55.07,5,29,0,0
9,38.58,6,7,0,0
28,86.91,5,45,0,0
15,43.42,4,21,0,0
43,67.66,3,0,0,0
27,47.98,5,30,1,0
40,56.86,5,9,0,0
35,96.27,5,30,0,0
49,42.89,3,18,0,0
22,64.35,5,16,1,0
21,52.1,5,0,0,0
19,58.7,5,2,0,0
33,52.62,8,9,0,0
26,61.49,5,3,1,0
10,122.09,6,32,1,0
47,32.82,3,23,2,0
26,42.93,6,24,2,0
41,49.91,2,8,1,0
48,82.11,5,5,0,0
47,54.54,7,0,0,0
19,40.18,3,3,1,0
26,127.59,6,1,2,0
39,28.93,7,5,0,0
49,39.93,4,4,0,0
55,124.93,7,7,1,0
22,29.91,1,7,0,0
25,41.94,2,18,1,0
55,104.5,6,5,1,0
13,35.71,2,19,0,0
50,26.76,5,19,0,0
33,51.58,3,1,1,0
59,45.37,5,10,0,0
27,67.93,3,18,1,1
53,52.31,4,8,0,0
58,31.24,3,46,1,1
31,53.89,7,14,0,0
56,49.72,2,4,1,0
48,53.87,2,20,0,0
15,102.04,3,11,0,0
11,49.2,5,16,0,0
31,55.76,2,1,0,0
44,56.61,6,39,0,1
49,63.0,3,13,1,0
47,98.93,1,31,1,0
7,48.36,6,8,0,0
26,53.02,6,9,0,0
5,45.92,6,9,0,0
21,59.44,5,26,0,0
21,43.14,6,5,1,0
11,23.94,2,27,1,0
60,29.33,8,4,0,0
34,48.6,4,1,1,0
6,65.74,5,43,2,0
57,78.81,6,13,0,0
52,26.76,4,43,0,0
10,123.96,2,2,2,0
13,80.83,9,15,1,0
50,47.14,6,20,0,0
32,56.89,3,27,0,0
25,24.0,4,4,0,0
21,62.64,5,8,1,0
25,46.7,9,27,0,0
26,41.01,6,10,1,0
52,46.46,5,16,1,0
6,34.55,4,6,0,0
45,35.71,6,6,1,0
39,58.26,4,4,0,0
46,45.24,7,11,0,0
35,42.02,6,4,0,0
17,49.54,5,13,1,0
30,68.14,8,59,0,0
26,49.42,2,17,0,0
30,34.26,5,12,2,0
49,36.16,10,4,2,0
9,41.12,6,9,0,0
36,24.69,9,36,1,0
15,50.88,4,30,1,1
40,25.44,5,28,1,0
23,34.1,9,10,0,0
37,52.77,9,57,0,0
25,64.78,4,13,1,0
19,31.77,1,16,0,0
54,63.18,6,26,1,1
40,22.69,5,29,0,1
14,76.79,4,16,0,0
13,40.72,3,18,0,0
30,42.71,7,7,0,0
46,35.36,3,5,0,0
8,82.55,1,33,2,1
12,51.52,6,22,1,0
43,50.7,4,7,0,0
8,23.09,4,28,1,0
14,28.06,9,19,1,0
19,19.01,9,1,0,0
43,104.88,10,10,0,0
14,49.28,3,13,0,0
47,36.69,6,1,0,0
9,36.85,6,17,1,0
14,100.58,6,12,1,0
53,165.41,6,18,1,0
16,75.47,6,22,0,0
29,57.47,6,24,2,0
33,55.22,7,18,1,1
47,59.24,6,1,3,0
21,168.44,8,23,0,0
45,54.38,5,24,1,0
52,57.68,3,5,0,0
9,53.14,4,12,0,0
16,65.8,5,8,0,0
22,45.22,5,10,0,0
45,80.38,6,18,0,0
56,43.03,3,6,0,0
18,23.64,4,6,0,0
53,33.58,4,12,0,0
1,27.92,2,4,1,0
36,49.34,7,25,1,0
11,77.36,3,26,1,0
56,46.04,9,80,0,1
57,66.29,3,79,2,0
17,41.31,4,8,1,0
19,56.22,7,23,0,0
3,58.67,4,0,0,0
27,55.87,6,36,0,0
12,53.98,4,5,0,0
2,84.35,4,6,1,0
13,29.64,4,12,0,0
19,53.19,4,4,0,0
47,50.84,12,16,0,0
53,102.72,6,33,1,0
50,39.99,4,22,1,0
39,109.28,8,18,0,0
48,62.41,4,4,0,0
44,53.22,4,70,0,1
26,88.42,3,8,1,0
10,57.31,3,9,0,0
14,50.71,4,31,0,0
52,32.96,3,10,0,0
18,35.27,4,0,0,0
19,93.08,8,18,0,0
30,96.24,4,22,0,0
52,31.15,3,9,0,0
40,88.86,8,1,1,0
39,81.33,4,2,0,0
25,61.61,3,3,1,0
10,53.94,4,10,0,0
24,30.94,9,43,3,0
21,75.84,3,24,1,0
36,53.04,5,9,0,0
3,45.71,10,40,3,0
9,25.46,3,11,0,0
55,47.06,6,19,3,0
36,58.41,4,69,0,0
36,68.84,4,6,0,0
44,81.64,4,15,0,0
48,59.13,4,38,2,1
4,48.23,4,6,0,0
11,50.55,6,11,0,0
52,33.42,3,125,0,1
51,40.79,4,1,0,0
34,38.2,6,3,0,0
26,58.21,3,2,2,1
19,89.91,8,6,1,0
16,64.42,6,22,1,0
56,30.19,2,48,1,0
43,41.06,3,9,1,0
60,37.09,5,58,0,0
45,54.16,3,3,2,0
42,96.26,8,19,0,0
57,85.24,5,11,0,0
16,45.82,6,19,1,0
22,112.92,7,1,2,0
4,49.1,3,8,0,0
56,22.57,10,0,0,0
23,44.23,4,20,0,0
58,59.92,2,4,1,0
17,32.78,5,45,0,0
50,73.63,5,46,1,0
4,27.91,3,6,0,0
9,31.68,5,100,0,1
45,50.77,4,10,2,0
25,47.63,3,11,0,0
46,105.79,5,8,1,0
36,83.37,2,16,0,0
49,30.16,5,7,1,0
45,45.09,6,10,0,0
9,35.71,4,26,1,0
20,94.13,7,6,0,0
22,119.0,8,8,1,0
17,53.62,5,18,0,0
16,66.04,4,43,0,0
15,96.65,4,1,1,0
10,137.5,1,6,2,0
24,57.43,9,7,1,0
12,75.07,8,3,0,0
59,68.75,4,1,1,0
53,101.74,6,15,0,0
15,40.51,7,11,0,0
17,84.12,6,4,0,0
14,61.55,4,16,0,0
46,39.68,3,11,1,0
48,83.9,6,8,0,0
30,58.11,8,17,0,0
15,100.98,7,3,0,0
31,45.95,1,6,0,0
15,68.71,5,11,2,0
57,28.65,1,5,0,0
32,66.51,2,15,1,0
36,42.52,3,38,1,0
21,54.27,4,3,0,0
39,81.39,2,14,0,0
14,48.93,6,7,0,0
56,27.05,3,4,2,0
6,52.5,2,5,1,1
32,44.59,6,3,0,0
10,56.87,7,5,0,0
22,82.14,9,4,1,0
2,61.9,4,3,1,0
14,41.33,5,13,0,0
14,49.35,8,1,0,0
56,28.15,3,26,0,0
41,45.52,4,16,0,0
24,143.95,10,36,0,0
11,84.32,7,8,0,0
37,44.36,6,36,2,0
23,67.51,5,12,1,0
4,75.39,5,24,1,0
39,32.97,9,6,0,0
19,38.16,1,8,0,0
3,35.26,7,32,0,0
52,52.51,4,42,2,0
52,59.28,3,20,0,0
37,55.73,6,43,0,1
40,42.95,7,47,0,0
31,31.58,4,64,0,0
55,56.6,4,13,2,0
32,30.94,7,35,1,0
60,32.72,7,46,1,0
35,32.97,6,29,2,0
53,36.49,13,6,0,0
19,33.38,7,27,1,0
44,62.59,6,18,1,0
44,46.22,6,25,0,0
55,69.73,4,38,0,0
28,53.54,5,4,1,0
30,46.91,5,21,0,0
27,92.6,10,35,0,0
38,34.13,6,20,2,0
45,48.27,7,9,2,0
17,34.94,3,26,2,0
23,61.22,4,28,1,0
48,40.64,7,9,0,0
43,93.15,2,13,0,1
32,34.78,2,19,0,0
25,54.54,5,4,0,0
29,42.2,6,1,2,1
11,61.38,4,5,0,0
56,81.55,4,2,0,0
41,70.96,6,21,2,0
5,67.62,1,0,1,0
60,32.08,4,80,0,0
15,21.92,5,17,3,0
10,38.33,3,12,1,0
6,67.16,3,12,1,0
34,44.3,4,2,0,0
9,47.11,6,4,1,0
14,95.87,7,10,0,0
4,61.99,4,24,2,0
21,37.5,6,1,2,0
19,53.89,7,72,0,0
1,50.63,6,54,1,0
28,101.12,1,5,1,0
54,32.13,3,20,0,0
40,96.86,1,34,1,0
22,71.43,6,7,0,0
24,37.22,2,50,0,0
56,51.08,2,13,2,0
7,81.34,9,20,0,0
32,38.92,7,20,2,0
30,37.23,4,26,0,0
36,71.32,5,16,2,0
47,29.43,8,48,0,0
1,69.84,5,2,0,0
46,62.19,6,0,0,0
41,35.7,3,16,0,0
14,88.24,6,15,2,0
51,65.46,6,14,1,0
2,118.26,9,16,0,0
21,40.75,6,63,2,1
23,30.61,8,16,0,0
3,37.05,7,16,1,0
10,65.34,3,14,0,0
47,75.31,6,17,0,0
20,85.02,5,18,0,0
6,88.15,6,18,0,0
38,83.1,7,8,1,0
23,41.67,4,12,0,0
6,169.76,9,3,0,0
24,61.05,7,3,0,0
49,50.52,6,12,1,0
4,99.11,8,26,0,0
32,27.94,6,0,1,0
57,150.7,6,8,1,0
49,44.22,6,2,1,0
11,73.51,3,12,1,0
21,60.87,1,12,0,0
43,85.38,4,5,0,0
38,49.71,3,6,1,0
14,59.74,8,32,1,0
38,50.2,2,29,1,0
2,54.3,6,5,0,0
12,95.14,2,13,1,0
12,72.28,5,1,0,0
51,87.03,3,10,1,0
30,64.06,4,5,1,0
36,66.14,3,7,0,0
46,40.21,3,8,2,0
11,134.84,3,10,0,0
46,41.35,2,12,0,0
48,33.42,4,87,1,0
51,60.29,4,12,0,0
47,52.54,6,1,0,0
3,83.27,4,8,0,1
27,64.63,10,8,0,0
17,87.26,3,6,0,0
27,67.15,7,41,1,0
3,50.59,6,2,0,0
14,33.91,6,39,0,1
60,38.21,7,5,1,0
15,35.82,3,12,2,0
18,43.38,5,34,4,0
37,63.97,5,5,0,0
46,18.65,6,30,2,0
51,47.43,3,11,0,0
13,92.31,3,55,1,0
52,48.46,5,11,3,0
28,196.3,5,3,2,0
41,53.27,5,40,0,0
25,50.55,2,55,1,0
34,52.51,4,1,0,0
33,36.72,4,10,0,0
30,30.26,3,2,1,0
35,81.7,5,25,0,0
21,60.68,6,2,0,0
13,65.71,3,19,1,0
34,61.22,6,2,1,0
9,27.27,5,39,1,0
57,55.79,5,36,0,0
13,130.01,6,12,2,0
40,41.89,4,8,1,0
15,65.67,4,12,1,0
56,61.33,3,5,0,0
59,33.44,5,8,0,0
20,94.65,4,47,0,0
15,37.45,3,18,0,0
12,46.26,8,2,0,0
50,70.54,6,27,1,0
41,58.49,4,0,0,0
8,53.28,8,8,2,0
32,107.92,6,39,0,0
41,113.86,7,0,0,0
29,40.09,7,28,0,0
10,46.69,3,14,1,1
49,70.21,4,2,0,0
45,60.13,8,5,0,0
52,39.28,5,11,0,0
16,83.81,3,43,1,1
58,72.02,4,49,0,0
28,41.52,5,4,0,0
5,62.43,7,12,0,0
14,41.54,2,23,1,0
17,42.97,8,8,0,0
39,117.93,8,9,1,0
53,30.05,6,12,0,1
55,51.05,9,8,2,0
7,99.51,4,28,1,0
37,75.53,6,38,3,0
25,67.66,7,33,1,0
10,37.29,2,9,0,0
53,36.33,7,11,3,0
24,47.48,4,6,0,0
54,87.25,6,5,1,0
38,60.5,6,4,0,0
36,28.61,4,22,0,0
12,41.71,2,22,0,0
6,42.88,3,23,1,0
12,48.1,4,14,1,0
12,25.53,5,5,0,0
46,45.72,6,16,0,0
16,48.5,7,10,1,0
16,61.27,5,5,0,0
45,33.57,5,59,0,0
27,74.93,3,5,0,0
19,60.89,6,0,3,0
55,82.73,5,1,0,0
46,62.78,6,15,1,0
32,54.68,7,15,1,0
8,34.21,3,28,0,0
10,30.93,6,1,0,0
20,47.82,3,18,3,0
2,85.7,7,20,0,0
55,48.42,4,16,0,0
48,109.87,3,44,1,1
17,38.14,3,59,1,0
2,38.6,5,2,2,0
5,63.38,6,55,0,0
40,51.33,6,31,2,0
17,49.83,7,19,1,0
28,43.01,10,3,0,0
35,45.13,9,6,0,0
52,47.03,5,8,1,0
60,101.28,2,13,1,0
12,95.82,4,4,2,0
39,73.4,5,39,1,0
55,98.4,7,18,0,0
22,33.68,4,14,0,0
11,119.06,4,11,0,0
9,88.81,4,20,0,0
17,33.27,8,12,0,0
35,106.83,5,16,0,0
40,86.11,4,29,0,1
40,74.62,5,28,1,0
34,27.75,7,2,0,0
42,58.47,5,45,0,0
28,60.8,2,29,1,0
33,55.89,5,26,0,0
45,85.53,6,2,0,0
55,55.32,3,93,0,1
12,40.83,7,15,2,0
48,63.19,4,47,0,0
25,50.36,4,1,2,0
25,56.99,4,5,1,0
56,32.95,3,18,0,1
59,37.0,6,20,0,0
42,30.59,4,19,0,0
57,34.65,4,21,0,1
20,97.68,7,1,0,0
44,62.43,2,3,0,0
59,35.29,6,6,0,0
49,72.24,6,70,0,1
1,89.5,1,21,1,0
22,42.9,5,33,1,0
5,44.46,4,20,0,1
13,43.61,5,7,2,0
30,56.9,4,0,1,0
57,35.76,6,26,2,1
3,70.56,6,27,2,0
3,53.4,3,20,1,0
41,65.35,5,76,0,0
26,67.98,2,10,0,0
40,59.09,6,9,0,0
52,62.43,7,13,0,0
4,38.56,5,4,0,0
6,58.27,5,20,1,0
23,80.67,6,30,0,0
16,39.99,6,5,0,0
28,29.94,8,7,0,0
7,63.46,3,9,0,0
12,110.72,8,4,0,0
4,54.08,4,49,0,0
12,64.5,3,11,0,0
16,104.05,3,11,0,0
45,51.24,5,8,2,0
5,26.5,8,20,0,0
10,58.76,5,26,0,0
9,66.81,6,29,2,0
54,56.48,7,5,0,0
34,37.1,4,34,1,1
58,55.55,5,0,0,0
4,39.48,6,4,1,0
36,52.29,8,19,0,0
19,55.57,1,48,0,0
7,38.03,4,48,0,0
25,72.93,7,29,0,0
58,50.67,5,5,1,0
44,40.48,7,9,1,0
37,63.47,7,10,2,0
15,40.3,3,3,0,0
15,81.18,8,9,1,0
55,34.93,6,14,1,0
47,79.13,5,30,0,0
44,39.69,6,21,2,1
42,29.32,5,2,1,0
40,37.2,5,0,1,0
49,56.56,5,1,1,0
14,30.51,3,3,0,0
53,52.45,7,29,0,0
3,52.06,5,5,0,0
56,36.51,5,47,1,0
58,56.86,7,13,0,0
28,58.99,2,10,0,0
14,63.56,7,42,0,0
55,39.59,4,28,0,0
1,118.8,2,6,0,0
13,50.52,7,16,0,0
11,29.66,4,7,1,0
18,80.36,6,17,0,0
32,65.38,3,15,1,0
26,39.35,2,33,0,0
55,44.95,5,5,0,0
6,51.1,4,46,0,0
23,36.39,5,57,0,0
46,62.28,3,20,0,0
24,65.76,4,14,1,0
22,78.66,3,15,0,0
31,28.35,3,10,2,0
26,51.98,4,30,0,0
21,46.3,5,76,0,0
38,41.49,8,10,0,0
50,76.54,6,5,0,0
54,69.28,5,2,0,0
5,55.19,2,9,0,0
59,53.53,2,1,0,0
24,37.89,3,8,2,0
51,42.53,6,16,1,0
44,112.64,3,4,0,0
35,69.1,7,11,0,0
53,59.12,5,40,0,0
16,68.3,5,21,0,0
2,49.21,5,2,1,0
56,53.07,3,9,1,0
46,54.2,7,29,0,0
22,57.28,7,19,0,0
27,122.69,4,6,0,0
12,25.34,4,36,0,0
8,64.87,5,2,0,0
39,40.16,2,47,2,0
40,56.47,10,10,0,0
23,57.29,4,7,1,0
8,33.14,4,8,1,0
51,40.14,5,2,0,0
44,62.99,5,39,0,1
59,59.54,5,6,0,0
49,40.83,6,18,1,0
49,57.77,5,53,0,0
33,59.76,3,2,0,0
17,75.12,3,12,1,0
42,58.0,6,57,0,0
46,43.81,5,19,0,0
30,76.16,3,16,2,0
5,16.2,5,0,0,0
14,67.91,9,6,1,0
16,49.67,4,18,0,0
18,27.67,4,37,1,0
55,34.97,1,12,1,0
42,37.98,2,25,0,0
54,61.03,1,33,0,0
6,56.47,6,5,0,0
41,47.61,3,91,2,1
21,59.16,7,6,1,0
58,78.45,7,50,0,0
29,80.55,6,44,0,0
16,58.73,7,4,1,0
45,72.12,3,19,1,0
34,90.35,5,8,1,0
41,29.95,4,30,0,0
57,52.6,5,8,0,0
37,80.36,4,13,0,0
3,105.53,6,37,1,0
2,44.48,7,83,1,1
14,26.39,4,14,0,0
45,50.95,5,41,1,0
45,40.45,3,2,0,0
60,37.91,4,7,0,0
44,45.88,8,24,1,0
34,33.82,5,12,1,0
46,40.67,3,65,1,0
52,67.56,4,30,1,0
8,26.43,5,3,1,0
39,39.0,9,1,1,0
22,74.74,6,23,1,0
9,46.83,5,10,0,0
22,68.21,2,33,0,0
18,34.63,4,15,0,0
30,50.14,4,5,1,0
17,40.14,4,51,0,0
10,59.84,4,11,1,0
34,45.94,4,28,0,0
48,37.78,7,10,0,0
3,51.64,6,4,2,0
23,63.25,5,5,1,0
54,81.08,7,2,0,0
48,82.42,6,30,0,0
16,100.88,6,37,0,0
34,25.92,2,8,0,0
57,83.38,2,8,0,0
35,57.12,3,12,0,0
3,60.33,13,20,0,0
35,55.01,9,29,1,0
48,50.61,4,0,0,0
29,94.97,7,12,0,0
20,84.48,6,21,0,0
57,120.25,2,26,0,0
50,73.17,4,4,1,0
44,40.32,4,19,0,0
22,75.67,3,5,1,0
26,50.07,4,18,1,0
2,68.63,4,4,1,0
55,80.58,3,35,1,0
8,55.41,6,1,0,0
15,36.11,4,7,0,0
39,78.88,4,11,1,0
34,59.42,3,16,0,0
36,33.01,3,5,0,0
13,126.17,3,19,0,0
35,66.34,10,15,0,0
43,58.96,5,2,0,1
21,40.94,6,7,1,0
24,55.76,5,11,0,0
40,66.49,6,35,1,0
48,63.15,2,6,0,0
43,77.67,3,12,1,0
21,57.52,3,10,0,0
13,11.85,2,15,0,0
18,48.19,8,2,1,0
4,47.82,5,49,0,1
48,32.43,2,42,1,1
3,40.59,7,76,0,1
48,36.57,3,99,0,1
27,37.9,6,27,0,0
7,58.16,4,12,0,0
33,38.69,7,25,0,0
1,93.77,6,11,0,0
26,53.47,10,7,0,0
1,39.37,4,8,0,0
30,102.74,12,18,2,0
47,47.34,3,6,0,0
12,70.14,4,4,2,0
48,52.68,5,8,1,0
7,68.86,4,33,0,0
28,45.77,11,22,0,0
29,78.01,4,44,0,0
60,49.77,6,23,2,0
4,79.72,2,5,1,0
55,65.44,8,6,0,0
19,45.17,6,4,2,0
23,26.4,1,12,0,0
29,29.3,6,5,0,0
50,66.87,6,3,0,0
6,56.94,7,47,0,0
50,90.49,3,3,2,0
27,43.78,4,3,0,0
35,92.87,4,14,0,0
29,51.09,7,43,0,0
52,74.15,4,26,0,0
1,36.93,6,8,1,0
47,111.22,3,27,1,0
53,49.57,3,1,0,0
9,76.52,6,21,0,0
42,82.97,3,21,2,0
28,57.17,5,2,0,0
21,95.01,7,9,0,0
35,52.1,4,69,0,0
38,62.67,5,16,0,0
42,77.45,5,24,1,0
19,36.45,5,5,0,0
46,64.88,4,3,0,0
30,38.41,2,37,1,0
16,48.32,3,3,2,0
14,20.32,5,51,2,0
3,24.29,4,10,0,0
14,65.65,3,22,0,0
53,25.75,3,6,1,0
34,73.11,6,11,0,0
59,82.5,8,50,0,0
49,31.57,7,53,1,0
4,62.92,4,55,0,0
50,61.2,5,6,1,0
29,77.87,8,4,1,0
16,102.7,7,4,0,0
36,87.05,6,1,1,0
55,70.08,4,9,2,0
3,59.43,6,10,0,0
38,62.17,7,3,0,0
10,55.17,5,8,0,0
32,82.08,3,19,2,1
55,33.37,7,28,0,0
9,136.99,7,29,0,1
14,38.08,9,14,1,0
5,62.19,2,24,1,0
44,61.95,2,75,0,0
10,99.77,1,21,3,0
49,35.46,6,21,0,0
24,55.02,2,30,0,0
12,81.69,6,19,1,0
28,74.04,4,29,0,0
13,54.33,7,13,0,0
59,54.93,4,41,2,1
45,29.52,5,10,0,0
43,83.33,2,0,0,0
6,62.83,5,0,2,0
15,36.93,6,11,1,0
51,31.53,3,35,2,1
6,63.73,5,9,1,0
9,73.48,3,29,0,1
6,36.97,7,2,0,0
29,40.95,4,12,2,1
24,40.0,5,53,0,0
20,43.8,6,1,0,0
32,72.93,5,6,0,0
19,74.16,6,20,0,0
8,47.0,5,94,0,0
19,53.48,3,2,1,0
50,36.79,9,10,0,0
34,63.01,4,15,0,0
1,56.53,3,2,0,0
28,40.49,5,1,1,0
31,98.42,4,11,2,0
28,82.84,2,17,0,0
4,42.72,5,60,1,1
50,66.98,3,0,2,0
32,110.35,2,10,0,0
5,80.63,4,11,0,0
10,59.17,3,20,0,0
59,63.67,2,7,0,0
5,61.5,7,12,0,0
23,73.22,9,41,0,1
54,69.79,2,20,0,1
39,30.56,4,55,0,0
1,103.19,7,51,0,0
25,40.58,3,4,0,0
23,35.41,3,5,1,1
26,67.52,5,1,1,0
44,39.1,5,39,0,0
35,54.58,3,13,1,0
5,44.74,9,60,0,0
43,92.92,6,1,0,0
59,35.62,7,19,0,0
50,64.49,7,53,0,0
50,49.62,5,19,0,0
6,41.84,4,13,1,0
41,123.86,4,8,1,0
7,42.08,3,16,1,0
42,28.67,8,1,2,0
44,59.46,5,1,0,0
2,40.52,9,23,1,0
27,69.83,6,9,2,0
51,47.86,6,10,1,1
38,57.93,8,7,0,0
48,35.19,5,10,0,0
5,41.63,1,16,0,0
30,52.69,4,57,0,0
57,53.82,8,4,1,0
55,50.15,7,51,0,1
28,25.37,2,32,0,0
23,57.27,3,30,0,0
3,54.96,3,12,0,0
56,55.04,2,42,0,0
43,70.58,5,24,0,1
1,61.01,3,55,0,1
6,50.83,5,2,0,0
19,88.13,5,7,1,0
2,45.33,4,18,1,0
38,37.96,5,34,1,0
56,54.31,4,22,0,0
33,75.68,3,18,0,0
31,89.67,5,27,0,0
4,43.04,4,13,0,0
47,54.19,5,26,0,0
12,68.44,3,15,1,0
49,60.15,7,14,1,0
19,44.67,3,19,0,0
5,50.15,2,32,1,0
20,39.48,11,7,0,0
17,38.92,6,4,1,0
19,49.82,9,7,0,0
19,65.63,4,22,0,0
58,63.35,3,2,0,0
8,39.76,3,5,3,1
15,37.14,3,26,1,0
14,41.51,6,3,1,0
53,22.97,5,84,0,0
49,78.0,1,4,0,0
46,41.43,5,29,0,0
17,95.22,4,43,1,0
15,70.25,8,7,0,0
22,87.25,5,5,0,0
7,100.27,9,14,1,0
33,32.96,1,11,0,0
21,24.04,7,14,1,0
42,61.03,6,5,0,0
34,47.09,5,11,2,0
11,48.74,7,8,0,0
34,56.43,4,19,0,0
7,35.65,5,5,1,0
49,35.23,6,2,0,0
20,36.82,2,16,0,1
12,60.78,5,4,0,0
20,66.82,4,0,1,0
22,36.23,5,1,3,0
24,55.66,8,15,1,0
58,54.05,4,15,0,0
36,45.88,2,46,1,1
4,60.74,2,1,0,0
43,41.1,6,27,1,0
18,82.43,6,6,0,0
46,51.82,8,29,0,0
2,109.92,5,13,0,0
7,52.75,5,5,1,0
23,48.57,4,27,1,1
7,51.97,4,23,1,0
32,44.98,8,3,0,0
48,36.7,4,0,0,0
29,24.25,10,27,0,0
3,32.74,4,7,2,0
13,72.13,5,35,0,0
52,102.03,8,13,0,0
29,73.79,3,35,2,0
51,53.39,4,74,0,0
41,35.57,5,6,1,0
59,47.66,6,8,1,0
13,92.28,3,25,0,0
24,40.66,7,43,0,0
19,41.79,5,19,1,0
34,106.51,4,4,0,0
26,29.78,5,19,0,0
1,55.8,1,6,1,0
25,103.93,6,17,1,0
39,35.34,2,28,1,0
50,46.44,7,1,1,0
56,52.32,7,0,0,0
17,63.91,4,22,0,0
9,59.03,3,14,1,0
29,59.32,7,13,0,0
28,49.25,4,15,1,0
28,77.05,6,23,0,0
19,112.66,5,46,0,0
4,75.37,9,0,0,0
4,33.81,6,10,0,0
47,61.36,3,29,2,0
1,106.52,7,36,0,0
9,39.28,7,63,0,0
8,53.74,7,3,2,0
27,19.6,5,27,0,0
23,55.01,6,9,3,0
51,55.91,4,13,0,0
41,43.76,7,3,0,0
19,45.15,6,3,0,0
27,50.96,4,37,1,0
4,67.71,8,5,0,0
7,34.74,4,46,0,0
47,56.37,2,14,1,0
44,86.71,4,1,0,0
40,38.21,8,1,0,0
59,66.26,8,62,0,1
18,51.8,5,15,0,0
44,67.54,8,0,0,0
23,32.86,4,20,0,0
52,46.29,1,25,1,0
42,61.32,11,5,1,0
24,27.15,5,8,0,0
53,49.59,6,6,0,0
51,115.79,7,4,0,0
58,25.46,4,3,1,0
49,33.99,7,17,1,0
9,51.73,5,15,0,0
19,43.7,6,17,0,0
44,162.23,4,14,1,0
30,87.63,4,104,0,0
17,30.95,5,13,0,0
37,29.23,8,38,0,0
54,50.65,5,18,1,1
46,55.7,2,29,0,0
52,95.36,3,36,1,0
59,32.15,9,55,3,0
40,73.21,8,2,1,0
36,63.66,4,49,0,0
56,66.12,2,12,0,0
5,31.67,9,28,1,1
36,57.74,6,4,1,0
42,35.81,5,30,1,1
53,174.06,2,4,0,0
10,52.69,6,5,0,0
24,61.05,3,14,0,0
58,43.97,7,23,1,0
4,47.38,3,2,0,0
58,51.81,8,3,1,0
50,62.7,3,41,2,0
52,76.36,8,13,1,0
42,89.39,5,3,0,0
5,53.7,4,39,1,0
30,46.26,6,28,0,0
60,57.2,2,68,0,0
57,68.55,4,28,0,0
23,43.04,4,59,1,0
44,29.58,3,5,0,0
44,42.63,6,2,0,0
53,94.21,6,14,1,0
26,52.81,6,39,0,0
24,52.28,9,64,0,0
31,41.59,5,15,0,0
17,64.66,1,2,1,0
13,34.45,4,26,1,0
31,35.17,5,4,0,0
55,49.24,2,2,0,0
30,51.09,5,69,0,0
42,50.61,4,12,0,0
43,87.46,7,3,0,0
35,50.13,4,37,0,0
44,41.54,3,11,0,0
12,44.6,4,44,1,0
3,116.27,7,16,0,0
25,65.34,6,20,2,0
15,40.23,7,1,0,0
24,80.29,6,7,0,0
52,57.05,6,1,0,0
5,76.7,8,13,0,0
23,87.63,3,11,0,0
37,40.81,6,11,0,0
47,24.95,6,14,0,0
35,21.61,3,29,1,0
2,49.67,6,18,0,0
35,52.48,3,40,0,0
33,57.98,4,42,0,0
28,77.52,6,37,1,0
44,124.84,2,15,1,0
13,68.17,3,5,1,0
3,29.6,9,15,0,0
37,75.29,6,5,1,0
54,56.64,5,17,1,0
30,81.91,4,41,0,0
15,93.52,4,51,2,1
37,43.38,5,0,0,0
1,40.72,7,3,1,0
15,79.42,4,2,0,0
36,67.24,7,5,0,0
27,42.2,7,5,0,0
49,48.56,6,13,1,0
50,38.82,5,62,1,0
31,77.17,9,34,1,0
38,49.31,3,9,0,0
19,99.29,7,76,1,0
2,82.31,6,6,0,0
34,69.64,5,7,0,0
42,20.36,3,71,1,0
11,53.86,1,50,1,0
47,31.95,4,23,0,0
30,80.84,3,4,1,0
14,70.66,5,5,1,0
26,28.63,4,52,0,1
34,63.6,7,58,1,0
13,53.55,4,2,1,0
55,56.95,8,7,0,0
52,88.33,5,1,1,1
3,41.2,4,25,1,0
40,67.46,3,17,1,0
48,53.23,1,20,0,0
7,46.71,8,25,0,0
49,33.95,4,9,0,0
1,44.33,4,35,2,0
54,67.03,6,79,1,1
15,70.52,8,7,0,0
58,43.9,4,1,1,0
59,158.77,10,9,0,0
16,92.99,1,1,0,0
42,33.09,5,10,0,0
17,61.01,4,13,0,0
50,28.34,3,21,1,0
46,65.13,6,24,0,0
13,84.2,3,28,0,0
38,43.18,7,108,0,1
13,56.77,3,5,2,0
13,51.56,4,8,2,0
20,49.51,9,12,1,0
19,37.6,5,1,0,0
23,51.9,8,82,0,0
40,86.53,3,18,0,0
44,65.03,2,14,0,0
38,67.31,4,2,0,0
22,43.75,6,11,0,0
50,87.87,6,130,0,1
49,66.53,5,13,1,0
25,54.05,4,35,0,0
24,80.19,4,18,2,1
39,42.05,4,1,1,0
50,74.82,1,3,0,0
52,46.95,4,6,0,0
17,38.75,10,20,1,0
45,62.11,5,11,0,0
52,148.74,4,29,1,0
57,34.42,6,7,1,0
27,60.01,3,13,1,0
2,75.13,7,3,0,0
29,35.45,6,27,0,0
52,48.29,4,4,0,0
38,56.88,4,15,0,0
32,50.68,1,16,0,0
26,57.64,7,45,1,0
59,118.38,7,5,0,0
58,60.24,6,40,1,0
51,81.53,5,22,0,0
6,28.96,3,19,0,0
16,51.63,5,17,1,0
41,59.89,6,8,1,0
45,73.46,3,40,1,0
60,27.55,4,2,1,0
42,53.2,4,10,0,0
43,26.43,4,46,0,0
55,37.97,9,8,2,0
56,73.81,6,6,1,0
27,62.07,4,14,0,0
39,100.86,5,64,0,1
45,69.03,4,5,1,0
30,31.76,5,35,0,0
31,39.5,4,5,0,0
47,60.55,4,0,0,0
23,43.51,7,17,0,0
56,72.78,3,46,0,0
38,53.36,5,13,0,0
49,116.55,8,3,0,0
43,18.21,8,16,2,0
17,103.22,2,3,0,0
53,30.13,6,7,1,0
15,42.77,4,2,1,0
25,48.12,5,15,1,0
39,25.36,3,16,0,0
19,73.61,8,22,0,0
57,59.43,6,65,0,0
29,45.79,4,33,1,0
3,95.82,6,25,0,0
40,30.69,7,67,0,0
60,48.81,3,30,0,0
40,91.44,6,63,0,0
34,50.87,6,5,0,0
60,46.98,7,13,1,0
17,66.32,5,16,1,0
3,44.69,3,4,0,1
7,136.07,6,80,0,1
24,49.27,8,13,2,0
53,37.32,4,33,0,1
29,65.39,6,1,0,0
15,72.68,4,25,1,0
5,48.78,7,4,0,0
23,72.24,4,38,0,0
8,47.93,3,11,0,0
44,46.61,7,17,1,0
45,119.3,8,32,0,0
7,46.78,7,64,0,0
8,45.22,4,5,0,0
5,114.88,5,42,0,0
32,88.77,4,40,0,0
11,47.3,9,4,0,0
55,89.26,3,5,0,0
3,62.41,7,49,1,0
50,52.61,6,14,0,0
33,51.58,4,24,0,0
26,52.35,4,4,1,0
19,102.91,3,17,0,0
60,61.94,4,8,0,0
5,32.79,10,15,1,0
8,31.98,3,0,0,0
49,32.25,4,0,0,0
33,72.6,2,36,2,0
27,64.11,3,16,0,0
9,68.75,5,12,0,0
23,38.1,2,1,0,0
16,40.38,3,29,1,1
26,61.71,6,36,1,0
23,127.08,3,6,1,0
52,34.5,3,15,2,0
51,63.83,7,4,1,0
55,33.41,4,30,0,0
38,28.61,5,7,0,0
40,74.64,2,82,0,0
22,73.12,4,22,1,0
57,26.42,9,33,0,0
16,70.23,2,6,1,0
42,52.19,2,14,2,0
56,61.72,4,2,0,0
10,82.11,4,46,0,0
48,50.71,3,9,0,0
11,56.07,3,8,0,0
25,90.61,4,24,0,0
27,22.44,5,14,0,0
9,27.21,1,54,1,1
37,40.05,5,20,2,0
55,46.39,2,5,0,0
7,86.97,5,108,2,1
33,30.89,4,8,0,0
29,38.32,6,14,2,0
36,47.87,6,4,1,0
43,36.02,7,30,1,0
6,81.16,4,7,0,0
4,26.77,7,40,0,0
55,31.01,6,14,1,0
46,44.82,7,5,1,0
18,40.85,7,9,0,0
58,45.27,3,3,1,0
11,58.77,5,5,0,0
1,63.86,8,4,0,0
24,64.76,6,35,1,0
26,40.25,4,8,0,0
33,69.29,2,37,0,0
18,49.91,6,37,0,0
47,101.35,5,7,1,0
20,72.29,5,26,0,0
3,71.42,6,14,0,0
34,74.88,5,10,0,0
51,42.2,7,8,0,0
18,39.09,7,20,2,0
31,50.63,5,19,1,0
11,93.15,4,31,0,0
27,35.89,3,3,0,0
7,79.91,2,36,1,1
6,45.24,4,13,1,0
21,52.63,5,42,1,0
15,54.97,2,17,3,1
11,29.85,3,5,0,0
30,35.49,6,3,1,0
32,73.94,4,17,0,0
54,64.87,6,13,1,0
49,45.33,3,21,0,0
30,49.76,5,57,1,0
12,74.21,1,16,1,0
29,106.58,4,13,0,0
15,79.44,7,13,1,1
41,53.83,3,43,1,0
33,95.96,5,2,0,0
27,74.65,4,35,0,0
40,47.34,4,34,3,0
57,34.95,5,16,0,0
18,22.27,7,23,0,0
9,56.46,7,32,0,0
56,36.39,6,39,0,0
39,45.46,6,22,0,0
45,33.57,2,103,0,1
10,40.09,1,71,1,1
30,84.91,6,5,1,0
51,70.74,5,90,1,1
60,139.78,3,39,0,0
6,24.3,4,0,0,0
42,53.35,2,1,1,0
21,65.56,5,2,1,0
26,83.91,7,26,0,0
12,51.19,6,1,0,0
45,51.99,4,10,0,0
52,69.61,2,5,0,0
22,44.2,5,12,0,0
1,42.21,4,25,0,0
60,65.18,5,7,0,0
12,39.88,2,15,1,0
58,72.29,3,7,1,0
60,31.73,4,7,1,0
17,45.04,7,38,0,0
20,47.41,6,9,1,0
18,77.63,2,9,1,0
38,64.17,5,26,0,0
34,98.43,8,10,1,0
53,101.39,5,18,1,0
15,104.17,8,5,0,0
16,53.4,7,15,0,0
58,52.27,4,4,0,0
15,33.46,4,69,0,0
36,42.67,4,3,3,1
21,37.89,6,17,0,0
59,30.54,3,12,1,0
39,58.98,8,2,0,0
37,121.78,7,2,1,0
14,87.31,5,12,0,0
40,82.41,3,2,0,0
55,32.28,6,6,1,0
38,111.08,4,10,0,0
24,27.78,6,7,0,0
10,38.3,6,2,2,0
19,31.63,6,22,0,0
24,99.23,4,3,0,0
19,79.46,5,42,3,0
33,41.91,3,12,2,0
44,86.15,4,5,0,0
10,47.1,6,2,0,0
8,42.28,6,63,0,1
9,68.26,4,2,0,0
25,22.71,6,20,0,0
44,63.71,7,15,1,0
15,44.84,6,20,0,0
50,52.41,5,12,0,0
8,70.68,2,9,0,0
2,59.8,5,7,1,0
57,42.97,2,19,2,0
59,52.23,2,47,0,0
55,48.97,3,3,0,0
46,43.36,10,42,0,0
10,29.33,7,3,0,0
17,62.21,2,10,0,0
20,95.25,7,44,1,1
8,100.77,5,8,0,0
15,57.07,4,8,0,0
32,45.84,4,26,0,0
19,25.98,6,10,1,0
47,19.05,7,2,1,0
49,94.34,7,129,0,1
57,76.5,7,27,0,0
9,21.03,8,21,0,0
34,43.02,12,16,0,0
32,25.86,5,33,0,1
22,66.91,3,3,0,0
5,64.45,5,3,0,0
4,73.65,2,12,1,0
24,68.71,3,11,0,0
50,25.92,6,7,1,0
7,43.56,4,18,0,0
10,71.01,3,20,1,0
22,46.66,5,9,0,0
34,45.54,4,29,0,0
30,61.29,4,10,0,0
57,65.67,5,11,2,0
35,45.75,5,12,1,0
13,79.81,3,2,0,0
27,66.25,4,61,1,0
57,60.53,4,10,0,0
45,69.88,7,25,0,0
1,45.19,5,35,3,1
52,47.46,4,32,1,0
27,39.05,6,22,1,0
58,55.51,4,11,0,1
58,30.8,2,39,0,0
40,61.1,6,9,1,0
39,50.23,5,12,0,0
16,60.0,7,33,1,0
41,38.95,6,33,0,0
52,68.93,8,2,3,0
40,49.32,4,17,0,0
7,61.26,4,26,1,0
20,96.92,7,16,2,1
22,110.17,6,6,0,0
59,36.82,6,37,1,0
7,53.12,6,15,0,0
15,57.75,4,6,0,0
44,60.81,7,7,0,0
12,33.6,6,58,0,0
11,63.54,6,22,0,0
33,46.74,7,13,0,0
55,65.26,4,38,1,0
20,34.09,6,2,1,0
15,99.79,4,34,0,0
56,73.8,6,13,1,0
48,52.07,4,77,0,1
12,72.41,6,2,0,0
18,61.94,4,16,0,0
46,50.12,6,40,0,0
15,46.08,2,40,0,0
19,48.66,4,15,0,0
11,76.93,5,43,2,1
19,97.0,4,9,0,0
10,37.16,7,15,0,0
46,27.4,2,3,0,0
50,89.6,6,3,0,1
15,48.59,4,12,1,1
57,50.93,12,18,2,0
5,28.77,3,0,2,0
18,61.09,6,3,1,0
7,25.86,4,1,0,0
53,101.56,7,5,0,0
3,39.3,4,5,0,0
23,68.28,5,8,1,0
39,56.49,9,25,0,0
58,80.81,6,36,1,0
40,43.15,4,53,1,0
34,37.61,6,22,0,0
53,123.82,6,21,1,0
22,31.26,4,6,0,0
44,68.75,7,2,1,0
18,39.28,7,4,2,0
48,30.67,4,5,0,0
9,53.71,9,13,1,0
10,66.78,3,9,0,0
20,34.49,6,21,0,0
58,57.33,5,17,1,0
10,41.17,3,39,0,0
22,56.16,4,31,0,0
40,109.85,6,11,0,0
44,52.92,7,16,0,0
32,96.27,4,14,1,0
27,33.35,6,11,0,0
25,52.83,4,8,0,0
2,53.09,5,7,2,0
33,95.59,6,25,1,0
55,80.44,5,13,2,0
27,49.07,7,97,0,0
8,76.26,1,43,2,0
11,67.49,8,37,0,0
15,42.11,5,18,0,0
13,43.21,4,2,1,1
7,44.54,6,23,0,0
55,84.08,7,7,0,0
36,68.8,5,5,2,0
51,65.58,1,2,1,0
25,103.93,7,4,0,0
57,48.47,10,11,0,0
8,33.0,5,15,1,0
50,92.96,4,51,0,0
51,73.45,7,27,0,0
31,27.44,4,23,1,0
5,73.02,3,9,0,0
27,29.87,8,9,0,0
21,33.55,5,8,0,0
49,70.53,3,17,1,0
15,104.78,9,19,1,0
23,111.4,3,12,2,0
33,42.43,6,11,1,0
36,59.39,7,29,2,0
40,70.44,6,20,0,0
16,53.61,2,3,0,0
44,36.62,7,6,1,0
29,27.88,6,1,0,0
21,43.93,4,13,0,0
41,61.0,7,1,1,0
23,44.94,3,9,1,0
24,121.11,4,3,1,0
19,65.81,6,40,0,0
32,74.56,6,4,0,0
19,49.57,6,9,0,0
57,80.81,5,14,0,0
4,72.31,5,13,1,0
53,50.84,3,7,0,0
26,28.65,6,30,1,0
36,70.31,9,0,1,0
37,74.2,6,5,0,0
55,18.37,5,15,2,0
52,86.13,5,7,0,0
34,34.81,4,4,1,0
18,53.65,3,5,0,0
12,111.46,12,37,0,0
42,79.22,4,16,1,0
10,83.5,5,38,1,0
30,51.39,5,5,0,0
30,89.96,4,19,0,0
31,39.17,6,2,1,0
56,45.17,4,12,1,0
53,36.65,3,2,0,0
10,36.5,4,11,0,0
3,101.27,6,2,0,0
51,64.29,3,29,0,0
36,70.02,3,7,1,0
11,90.23,10,14,0,0
7,153.43,6,28,0,0
33,31.34,10,1,0,0
27,31.67,6,8,0,0
51,44.69,7,1,0,0
23,74.45,2,3,0,0
32,41.74,3,9,0,0
9,190.48,2,28,0,0
33,65.78,4,16,0,0
60,55.82,4,5,0,0
7,47.01,2,11,0,0
47,57.88,5,30,0,0
17,61.98,7,7,0,0
35,51.8,6,23,0,0
42,59.64,1,21,0,0
33,111.94,7,5,1,0
60,43.79,1,18,0,0
43,76.52,7,24,0,0
42,59.15,8,8,1,0
31,30.96,5,24,1,0
49,47.57,5,19,0,0
7,38.55,2,40,0,0
17,64.48,4,22,0,0
49,66.92,5,2,0,0
17,67.22,4,0,2,0
19,58.86,4,69,0,1
19,51.34,9,14,1,0
37,45.91,3,5,1,0
53,68.81,8,1,0,0
51,100.75,3,1,0,0
17,72.03,9,64,2,0
4,60.83,4,10,0,0
47,75.75,3,37,1,0
57,40.44,9,41,1,0
19,72.35,8,31,1,0
19,48.76,5,9,0,0
14,43.39,5,28,0,0
43,31.4,5,21,1,0
58,86.04,2,12,0,0
39,52.43,6,15,0,0
55,63.33,3,45,2,0
52,71.88,7,8,0,0
34,51.36,7,28,1,0
15,49.56,3,31,0,0
16,59.99,4,12,2,0
30,46.17,6,31,0,0
8,41.6,8,13,0,0
26,90.02,5,12,0,0
22,46.62,7,8,0,0
53,38.09,4,32,0,0
32,89.82,3,19,1,0
45,50.51,4,79,2,1
25,26.62,2,3,0,0
4,44.92,10,3,0,0
39,56.58,6,62,1,0
33,86.78,5,46,0,1
7,44.39,6,2,0,0
15,43.04,5,22,1,1
5,83.51,4,11,0,0
52,44.77,4,19,0,0
36,41.08,6,8,0,0
59,31.85,5,33,0,0
12,38.59,3,7,0,0
43,82.42,8,31,0,0
26,49.61,5,12,0,0
37,54.5,4,75,0,0
11,87.69,7,1,2,0
23,48.09,5,4,0,0
45,36.18,6,59,0,0
42,95.95,5,65,0,0
58,38.24,2,68,0,0
29,90.45,6,9,0,0
38,41.21,4,25,1,0
27,52.71,9,13,1,0
37,57.98,6,1,0,0
39,31.3,7,61,1,0
36,46.49,3,43,1,0
48,56.06,5,12,1,0
12,39.12,4,29,0,0
42,56.96,5,10,0,0
40,51.15,3,41,1,0
3,40.8,4,46,1,1
14,48.12,6,4,0,0
18,83.32,5,17,0,0
56,47.24,6,13,0,0
23,40.97,8,9,1,0
19,78.63,5,25,0,0
11,69.97,4,2,0,0
60,63.93,6,32,0,0
28,37.57,4,30,0,1
22,47.33,5,27,0,0
55,44.27,2,38,2,0
24,39.17,6,8,1,1
28,35.24,5,10,0,0
22,32.82,6,15,0,0
59,91.42,6,8,2,0
34,92.39,10,3,0,0
14,70.21,7,14,0,0
35,39.61,4,41,0,0
42,18.5,6,20,1,0
22,60.35,6,8,0,0
56,39.97,6,3,0,0
47,48.63,4,16,0,0
56,122.39,1,26,0,0
15,26.47,1,38,0,0
25,44.03,1,14,0,0
14,34.88,8,14,0,0
48,54.0,3,17,1,0
54,78.71,5,1,0,0
46,46.2,4,12,0,0
13,39.81,6,7,1,0
46,43.11,3,8,0,1
1,50.97,3,5,1,1
23,68.95,6,2,0,0
50,44.3,4,11,0,0
26,62.18,4,7,1,0
2,87.82,3,50,2,0
59,53.27,8,6,1,0
22,41.22,4,16,1,0
30,53.11,6,37,1,0
35,35.4,5,9,0,0
16,92.11,5,80,1,1
42,52.33,7,7,0,0
6,43.81,3,10,0,1
24,34.33,6,4,0,0
1,147.77,5,4,0,0
40,59.83,3,62,0,0
43,38.44,6,8,0,0
37,37.15,5,7,1,0
16,90.08,8,5,0,0
60,65.17,8,46,0,0
49,60.08,6,11,0,0
51,69.07,4,7,1,0
31,48.76,4,10,0,0
35,55.69,4,15,0,0
55,74.3,5,143,3,1
34,83.13,8,53,0,0
9,49.69,5,35,0,0
15,52.31,7,45,1,0
46,66.63,7,12,2,0
3,78.32,11,12,2,0
2,45.59,5,18,0,0
60,48.19,9,22,1,0
57,65.23,7,3,0,0
2,44.4,5,4,2,0
16,83.98,3,6,0,0
24,53.13,4,24,0,0
30,52.75,3,23,1,0
58,56.87,4,41,1,0
34,81.4,4,15,0,0
4,33.94,3,23,0,0
58,48.58,3,0,1,0
30,67.35,6,2,0,0
56,43.6,7,8,0,0
44,57.33,2,23,0,0
15,50.35,4,13,0,0
43,98.25,6,10,0,0
31,64.8,2,0,1,0
2,42.17,3,5,0,0
31,106.95,9,3,1,0
7,34.15,5,5,1,0
5,41.24,5,45,0,0
38,44.92,5,18,1,0
51,19.12,5,8,0,0
5,28.16,3,20,0,0
27,53.56,2,4,0,0
42,68.12,5,4,0,0
29,55.54,4,7,1,1
9,76.1,4,6,1,0
5,60.55,4,7,0,0
11,47.87,6,1,0,0
19,56.84,5,1,0,0
27,70.6,7,8,0,0
16,58.1,7,43,0,0
14,61.54,5,6,0,0
24,86.95,5,30,0,0
2,85.66,3,74,0,0
20,34.85,5,9,0,0
50,23.33,9,20,0,0
60,34.99,7,13,1,0
12,45.81,4,18,1,0
36,66.3,6,16,0,0
51,44.2,8,15,1,0
3,27.03,5,13,0,0
45,59.4,8,58,1,1
32,59.99,3,17,0,0
40,44.97,9,26,0,0
29,117.55,3,21,1,0
60,53.38,5,1,0,0
40,37.5,7,13,0,0
13,72.0,3,5,1,0
15,64.39,3,46,1,0
33,58.61,1,10,0,0
59,76.73,5,28,0,0
5,48.65,4,57,0,0
9,58.71,3,39,0,0
2,61.03,3,13,0,0
53,64.66,3,32,1,0
54,102.6,1,85,0,1
39,98.55,6,1,1,0
46,32.18,8,12,0,0
18,67.4,7,27,1,0
42,38.96,6,7,0,0
30,49.28,7,13,1,0
21,45.02,2,21,0,0
49,89.37,6,34,0,0
21,83.88,8,1,1,0
49,46.05,6,16,1,0
56,38.47,8,65,0,1
55,54.39,7,5,0,0
11,35.36,8,27,0,1
5,58.72,5,5,0,0
16,36.95,5,4,0,0
10,55.41,2,16,0,0
4,48.24,3,7,0,0
19,43.39,5,4,0,0
1,59.21,3,6,2,0
15,45.17,5,6,1,0
48,30.16,5,29,1,0
30,53.98,4,4,0,0
49,64.17,7,37,0,0
14,42.32,3,11,0,0
3,60.64,1,22,0,0
15,91.47,3,51,1,0
22,45.93,6,21,1,0
14,91.35,6,23,2,0
9,57.52,8,43,0,0
10,76.68,5,2,0,0
16,30.34,6,89,0,0
19,51.58,3,18,0,0
8,32.74,7,8,1,0
20,79.51,5,1,0,0
52,31.67,6,28,0,0
11,48.71,4,32,0,0
2,46.44,3,43,0,1
39,68.79,6,13,0,0
23,61.87,5,1,0,0
19,48.93,5,2,0,0
13,82.06,2,15,1,0
24,63.42,4,19,1,0
25,49.44,6,31,0,0
60,58.11,5,10,0,0
40,63.98,4,22,0,0
49,53.95,5,4,0,0
20,73.77,1,7,0,0
36,35.17,5,28,1,0
45,46.17,6,8,1,0
33,36.04,3,20,0,0
39,113.41,5,19,1,0
33,51.76,7,5,0,0
35,61.51,8,9,1,0
27,63.99,5,2,0,0
50,38.71,7,13,0,0
26,47.3,4,52,0,0
20,54.81,4,25,0,0
54,37.89,6,4,1,0
6,57.65,7,11,1,0
12,68.55,5,19,0,0
31,106.21,6,14,0,0
39,58.1,5,1,0,0
5,68.0,5,6,0,0
55,45.45,6,5,0,0
14,37.08,5,8,0,0
15,65.07,4,4,0,0
21,63.4,2,2,0,1
2,48.2,2,4,1,0
42,32.56,3,21,0,0
2,55.46,9,1,0,0
11,65.72,6,1,0,0
22,52.2,5,3,1,0
4,93.7,2,33,1,0
54,35.39,5,2,1,0
31,32.63,5,40,1,1
14,61.08,2,2,1,1
55,47.23,5,8,0,0
38,45.66,9,13,0,0
39,39.3,3,4,0,0
14,53.12,3,23,0,0
6,108.95,4,58,1,1
52,49.61,6,4,1,0
28,49.97,4,20,0,0
8,65.54,7,10,0,0
5,39.2,4,17,0,0
21,40.05,2,15,1,1
7,69.93,5,28,0,0
55,65.83,2,4,1,0
22,56.02,4,16,0,0
28,45.33,5,22,0,0
36,43.36,5,16,2,1
7,35.79,5,35,0,0
53,44.58,6,14,0,0
43,45.44,4,80,1,0
59,76.36,10,23,0,0
12,24.74,3,40,0,0
34,33.49,3,67,0,0
11,80.01,7,13,1,0
46,70.51,5,30,1,0
14,31.64,3,9,0,0
25,42.43,5,1,0,0
46,31.79,6,4,0,0
28,36.05,6,2,0,0
17,31.48,2,7,1,0
53,57.02,6,22,1,0
1,68.26,4,6,1,0
38,49.63,4,86,1,1
26,81.49,4,2,0,0
59,76.24,9,17,0,1
34,35.28,5,38,0,0
30,29.89,6,24,0,0
19,57.24,3,30,0,0
23,91.74,4,25,0,0
42,64.61,4,2,0,0
11,72.75,6,12,1,0
56,46.24,6,5,0,0
3,88.54,6,53,0,0
18,22.04,5,5,2,0
14,37.36,7,34,0,0
41,67.85,2,4,1,0
7,60.27,5,11,0,0
37,68.61,5,55,1,0
6,51.3,6,12,1,0
24,48.88,4,5,1,0
22,38.51,4,13,1,1
21,30.0,5,2,0,0
47,31.4,6,5,1,0
31,59.8,3,12,1,0
28,69.76,3,55,1,1
41,45.22,6,12,0,0
22,43.08,5,12,2,1
28,37.91,4,19,0,0
8,71.68,3,3,0,0
3,68.73,3,26,0,0
28,26.24,8,64,2,0
25,82.91,5,6,0,0
37,32.03,3,21,0,0
10,69.74,4,14,2,0
3,30.98,8,4,2,0
19,24.35,7,7,0,0
28,83.92,6,6,0,0
7,155.93,5,25,2,0
39,72.89,5,3,1,0
32,52.63,9,12,1,0
40,55.23,3,4,1,0
58,69.48,7,46,0,0
60,54.11,3,60,1,1
40,65.9,2,24,1,0
12,44.82,6,24,0,0
35,49.94,6,16,0,0
26,28.21,4,81,0,1
22,54.26,3,15,0,0
8,54.99,8,9,0,0
42,107.75,5,7,1,0
2,107.26,3,7,0,0
3,61.87,8,43,0,0
25,43.1,6,34,0,0
11,71.38,9,8,0,0
36,62.04,8,47,0,0
39,59.52,3,10,2,0
11,31.8,3,14,2,0
54,71.19,4,1,1,0
32,100.57,7,21,0,0
51,52.34,6,24,2,0
25,57.91,5,10,0,0
17,56.19,7,36,0,0
38,38.61,4,10,0,0
9,61.85,8,66,0,0
59,79.75,4,4,0,0
1,78.14,2,23,0,0
46,56.89,6,1,1,0
37,39.32,10,10,1,0
13,35.78,4,12,0,0
25,61.98,3,32,1,0
9,48.68,3,32,1,0
20,34.76,6,18,1,0
5,55.68,5,18,0,0
60,113.07,6,13,0,0
49,36.57,5,29,1,0
32,39.08,2,3,0,0
51,64.19,3,12,0,0
35,33.37,5,1,0,0
11,52.95,7,7,0,0
18,46.96,3,10,3,0
35,84.56,4,17,1,0
54,69.43,7,34,0,0
11,43.39,8,1,1,0
58,61.9,5,17,1,0
51,62.71,4,71,0,1
4,51.57,7,64,0,1
27,134.54,5,7,1,0
54,58.44,3,35,0,0
48,136.4,4,14,1,0
40,67.07,4,1,1,0
58,69.41,4,6,3,0
31,162.04,6,34,1,0
21,104.65,6,4,0,0
43,40.75,4,47,0,0
35,59.95,3,3,1,0
17,42.05,10,1,0,0
58,43.22,5,14,0,0
24,70.59,8,7,0,0
54,42.15,4,2,0,0
27,36.59,9,6,0,0
59,49.56,5,2,0,0
46,64.35,5,14,3,0
33,167.77,4,10,0,0
54,83.0,9,4,0,0
34,30.69,5,9,0,0
14,40.66,6,1,1,0
21,51.42,5,13,0,0
51,79.54,5,2,1,0
11,69.52,2,3,1,0
45,40.98,6,5,0,0
12,81.47,3,40,0,1
6,61.87,4,17,1,0
60,26.05,5,6,2,0
43,36.86,6,5,0,0
25,121.08,4,8,0,0
51,61.98,2,11,0,0
52,69.58,4,32,0,0
60,83.21,5,3,1,0
41,52.02,5,6,0,0
56,52.68,4,1,0,0
30,76.02,7,23,0,0
11,40.27,3,57,0,1
41,34.32,7,26,0,0
54,38.94,8,4,0,0
22,54.57,9,6,1,0
6,33.45,5,2,0,0
29,54.65,5,11,0,0
4,64.85,2,5,1,0
44,78.04,3,5,0,0
38,73.9,2,6,0,0
14,143.24,4,13,0,0
40,37.7,4,28,0,0
18,49.21,6,26,1,0
27,76.14,2,50,1,1
35,71.99,8,23,0,0
42,35.53,4,47,1,0
33,61.83,5,44,0,0
59,78.74,6,56,0,0
59,110.82,6,34,0,0
19,98.44,4,60,0,0
24,75.59,7,13,0,0
24,84.65,3,16,1,0
2,44.14,3,6,0,0
41,87.23,5,18,1,0
36,114.48,5,2,0,0
29,52.52,5,1,1,0
54,46.81,9,18,2,0
3,48.02,5,14,1,0
27,51.55,2,3,1,0
10,31.84,5,4,0,0
21,34.17,5,70,1,0
25,30.94,4,33,1,0
25,89.3,4,2,0,0
25,68.98,2,41,0,0
23,34.89,4,1,1,0
11,73.15,3,9,0,0
17,58.28,3,10,2,0
4,72.23,5,28,1,1
59,89.8,6,22,1,0
52,41.08,3,6,0,0
32,71.34,6,39,0,0
55,52.14,5,25,1,0
26,33.84,6,37,0,0
43,65.86,5,25,0,0
51,44.96,2,28,0,0
58,40.82,7,3,0,0
34,75.62,8,35,0,0
13,74.42,6,16,0,0
11,35.57,4,3,1,0
29,31.15,9,18,0,0
16,42.38,5,39,0,0
24,38.88,4,2,0,0
22,94.04,8,73,2,1
53,42.75,3,24,1,0
30,53.88,6,28,0,0
46,59.83,4,16,1,0
30,72.85,5,30,2,0
46,34.12,6,101,0,1
51,121.41,6,1,0,0
40,90.47,4,32,1,0
58,66.98,4,45,0,0
47,68.16,8,15,0,0
45,28.99,8,28,1,0
19,58.22,4,0,1,0
49,55.94,3,9,2,0
10,98.93,3,32,1,0
34,31.28,5,5,0,0
34,34.04,3,19,0,0
14,60.82,6,10,0,0
59,44.39,8,26,0,0
48,146.81,5,26,0,0
2,39.62,3,8,0,0
49,101.15,10,53,0,0
3,22.85,3,2,0,0
37,71.76,7,25,0,0
18,90.7,4,5,0,0
12,29.02,9,2,1,0
28,22.05,3,3,1,0
52,19.75,6,5,2,0
44,58.1,2,4,0,0
4,47.48,8,21,2,0
40,55.28,7,29,0,0
35,97.5,4,10,0,0
12,54.52,4,6,1,0
15,49.89,8,22,0,0
48,39.39,5,1,1,0
15,86.0,8,17,0,0
55,61.24,4,23,2,0
50,45.36,3,24,0,0
30,73.51,3,4,0,0
5,40.7,4,33,0,1
13,42.39,9,10,2,1
50,61.58,3,16,0,0
39,33.16,3,99,1,1
23,32.76,3,15,0,0
12,51.41,4,18,0,0
11,58.18,3,23,1,0
38,46.16,2,12,0,0
20,49.75,3,0,0,0
21,68.37,6,5,0,0
23,39.13,6,6,1,1
44,22.03,3,4,1,0
27,79.74,3,55,1,0
42,30.36,4,28,1,0
56,37.7,5,1,2,0
10,28.04,4,22,2,1
10,60.38,6,1,1,0
22,68.25,6,9,0,0
31,98.84,3,15,0,0
34,101.24,4,13,3,0
41,88.56,7,13,0,0
2,56.32,4,18,1,0
29,61.68,6,17,0,0
18,59.14,5,2,0,0
39,48.13,10,23,0,0
3,71.74,5,18,0,0
26,59.8,3,8,0,0
59,45.85,3,37,0,0
12,74.59,1,10,0,1
5,56.42,9,9,0,0
56,64.29,6,27,0,0
14,40.69,3,6,0,0
53,16.49,11,30,0,0
32,58.68,4,30,0,1
46,30.21,8,2,2,0
46,85.9,3,19,0,0
43,46.35,3,32,0,0
50,32.44,3,19,0,0
10,42.14,1,37,1,0
43,52.0,3,16,0,0
57,83.82,5,24,0,0
1,89.73,5,15,1,0
53,55.46,2,7,0,0
53,42.3,5,13,0,0
1,65.65,4,7,2,1
50,45.26,7,13,0,0
44,88.68,11,33,1,0
16,37.41,2,14,0,0
45,119.81,4,33,0,0
36,62.33,3,11,0,0
21,46.86,4,1,0,0
26,79.59,5,24,1,0
30,68.31,3,6,0,0
13,71.95,3,3,0,0
18,64.48,7,4,0,0
56,62.22,5,35,0,0
21,86.79,3,1,0,0
38,43.26,5,9,0,0
43,83.65,6,48,0,0
8,45.95,6,26,2,0
41,71.05,5,16,3,0
40,100.7,4,4,1,0
14,88.29,1,4,0,0
19,51.86,11,25,0,0
50,28.22,7,16,0,0
34,77.63,10,82,0,0
16,36.24,4,79,0,0
15,59.85,5,13,0,0
49,46.68,8,6,0,0
27,75.98,7,19,1,0
17,40.36,4,12,1,0
37,34.01,2,21,0,0
3,23.56,5,3,0,0
9,60.27,3,23,2,0
40,47.07,5,7,0,0
31,40.92,5,19,0,0
9,52.03,5,19,0,0
36,61.83,3,18,1,0
43,67.17,8,29,0,0
32,31.42,7,29,0,0
6,72.27,2,22,0,0
22,75.0,2,1,0,0
59,18.95,8,41,0,0
43,67.52,5,22,0,0
25,72.86,3,3,0,0
35,44.31,3,18,1,0
10,34.05,7,12,1,0
8,58.1,3,5,0,0
28,32.49,5,81,0,0
54,82.3,9,11,1,0
54,55.36,4,18,0,0
42,101.44,4,34,1,0
44,42.78,2,7,1,0
37,72.24,7,13,0,0
20,57.94,6,92,0,0
42,41.12,5,35,1,0
43,38.82,4,7,0,0
32,72.13,4,1,0,0
60,78.04,9,2,0,0
49,75.88,4,50,1,0
4,44.71,5,28,1,0
39,44.5,7,6,0,0
24,165.87,5,14,1,0
46,66.87,6,28,1,0
19,70.54,2,22,1,0
56,63.8,6,26,0,0
8,78.08,8,21,1,0
40,58.11,8,14,0,0
14,47.52,7,39,0,0
29,31.09,6,4,0,0
9,24.52,6,23,0,0
29,39.16,8,62,0,0
21,24.48,7,21,1,0
58,36.18,5,32,2,0
39,55.79,5,12,0,0
43,42.16,5,58,0,0
34,67.69,8,2,0,0
42,40.75,3,1,1,0
13,64.04,4,24,0,0
13,45.22,6,41,1,0
43,15.93,5,24,1,0
45,113.81,5,5,0,0
1,47.03,5,0,0,0
11,42.36,3,30,0,0
21,29.26,8,2,0,0
54,67.29,4,9,0,0
50,81.08,9,14,0,0
29,42.92,5,11,0,0
29,45.87,5,28,1,0
42,72.87,4,13,0,0
21,40.34,4,23,0,0
35,96.43,5,31,0,0
57,75.23,5,14,0,0
54,60.1,4,15,0,0
31,35.32,7,13,0,0
48,67.82,5,5,0,0
41,31.75,4,12,1,0
12,61.04,10,11,0,0
50,25.91,5,3,1,0
6,81.85,4,5,1,0
13,96.69,6,8,0,0
56,40.67,3,19,0,0
56,85.92,5,7,0,0
13,31.69,6,0,1,0
33,49.05,6,10,0,0
13,64.14,5,2,0,0
31,58.17,6,1,0,0
29,50.18,4,5,1,0
12,68.83,7,11,1,0
1,74.75,6,10,0,0
14,54.57,5,40,1,1
45,49.27,8,38,0,0
43,36.52,6,6,0,0
40,49.22,5,38,0,1
58,44.0,5,0,0,0
51,77.03,5,5,0,0
30,55.16,5,9,1,0
41,86.04,8,30,0,0
21,27.16,2,30,1,0
17,95.41,7,27,0,0
39,43.48,5,6,0,0
17,78.02,3,16,0,0
51,47.02,6,11,0,0
43,67.36,7,23,0,0
26,52.42,5,32,1,0
8,63.91,4,5,0,0
11,56.55,7,9,1,0
57,104.35,6,0,1,0
44,50.4,6,46,0,0
21,76.41,3,1,1,0
52,61.75,6,11,0,0
59,32.66,7,38,0,0
27,70.75,8,1,1,0
13,65.96,5,8,0,0
13,35.93,6,26,0,0
7,26.56,5,6,1,0
46,70.26,5,7,0,0
13,56.98,3,0,0,0
50,45.8,5,15,1,0
13,51.56,3,10,1,0
55,75.93,5,7,1,1
55,38.54,8,11,0,0
20,44.45,1,32,1,0
53,59.27,8,14,0,0
59,67.07,5,21,0,0
46,63.53,1,17,0,0
51,137.8,3,2,0,0
34,65.57,5,2,3,0
50,81.64,4,8,0,0
34,18.7,2,5,0,0
22,118.54,6,1,0,0
31,88.49,5,57,0,0
58,27.93,7,71,1,1
6,32.13,5,11,0,0
37,51.17,4,15,0,0
52,61.4,6,19,1,0
1,74.09,4,43,0,0
30,68.43,7,18,0,0
46,33.58,6,15,0,0
24,59.43,5,1,1,0
26,75.34,3,13,0,0
33,49.95,4,52,0,1
18,50.2,5,10,1,0
32,81.01,4,26,1,0
55,41.56,4,4,0,0
8,41.24,7,3,1,0
26,72.96,5,9,2,0
5,47.64,4,17,0,0
56,78.2,5,8,0,0
17,35.81,4,15,1,0
49,48.66,6,4,0,0
60,46.7,8,14,0,0
20,97.9,5,6,0,0
45,41.79,6,135,1,1
53,64.62,5,22,1,0
30,54.23,4,1,0,0
13,47.14,5,13,1,0
54,86.56,2,2,1,0
48,72.25,6,2,0,0
14,72.23,6,1,1,0
39,52.17,6,65,0,0
25,52.65,8,57,0,0
22,83.33,6,7,0,0
37,95.48,5,8,1,0
54,49.05,1,11,2,0
56,46.38,4,17,0,0
23,32.47,6,5,0,0
6,36.14,7,31,0,0
6,70.17,7,22,0,0
14,27.47,7,6,2,0
3,69.82,3,30,0,0
40,48.6,6,11,0,0
5,37.99,2,35,1,0
32,51.97,7,5,1,0
41,38.37,4,1,0,0
7,31.32,3,6,1,0
16,50.25,6,1,0,0
12,75.03,4,35,0,0
52,48.15,8,13,0,0
47,31.19,7,10,0,0
1,85.0,5,24,0,0
25,36.19,7,33,0,0
29,65.12,5,13,0,0
1,107.63,7,20,0,0
6,23.99,5,28,2,0
34,24.61,7,5,1,0
33,79.77,7,10,1,1
1,104.04,3,62,0,0
47,76.59,2,25,1,0
7,61.6,6,72,0,1
5,114.05,6,7,4,1
47,70.76,5,1,0,0
60,40.91,3,12,0,0
55,128.04,7,84,0,1
33,64.44,4,28,0,0
28,57.54,4,16,0,0
60,29.15,5,2,3,0
40,88.95,3,11,0,0
47,39.88,3,23,0,0
19,37.32,4,27,1,1
29,30.73,8,13,0,0
1,56.11,7,9,0,0
13,40.45,5,32,0,0
22,38.98,6,14,0,0
18,37.58,7,2,0,0
22,47.41,3,1,1,0
7,32.16,9,9,2,0
50,65.2,3,44,0,0
53,39.55,3,8,1,0
19,37.86,6,18,0,0
7,29.2,5,56,0,0
15,112.62,6,35,1,0
36,49.82,2,13,0,0
6,45.29,3,12,0,0
35,37.57,4,27,0,0
29,93.91,6,0,0,0
6,62.18,4,8,1,0
14,76.84,8,18,1,0
6,68.36,8,17,0,0
4,72.03,2,11,0,0
53,46.69,5,3,0,0
16,71.06,2,65,0,1
8,79.63,5,15,0,0
25,74.63,11,39,1,0
25,73.28,5,37,0,0
9,54.4,8,22,0,0
23,50.43,3,55,0,0
59,68.63,6,62,0,0
42,65.47,4,0,2,0
22,56.9,5,33,1,0
57,79.35,2,9,0,0
54,60.7,1,0,2,0
9,37.75,5,3,1,0
35,36.71,4,4,0,0
41,66.23,2,17,0,0
27,43.91,6,8,0,0
26,108.58,7,33,0,0
36,58.22,4,4,0,0
59,40.77,5,78,0,0
56,33.7,3,184,0,1
34,93.0,7,7,0,0
58,28.92,6,13,1,0
6,56.24,9,7,0,0
58,66.95,7,5,1,0
23,27.52,2,1,1,0
29,34.28,5,7,0,0
18,38.96,6,29,0,0
38,126.29,4,37,1,0
5,53.87,3,1,1,0
41,62.94,5,7,0,0
7,106.93,7,48,0,0
1,47.97,7,9,0,0
58,22.28,5,14,0,0
35,20.2,3,35,2,0
44,36.26,4,34,1,0
2,70.69,7,18,1,0
34,104.52,1,15,0,0
9,68.7,4,10,1,0
6,42.23,3,18,4,1
40,37.96,11,12,1,0
54,117.77,9,28,1,0
49,160.8,3,24,1,0
2,56.65,6,19,0,1
10,71.12,6,29,0,0
59,58.41,7,2,0,0
53,49.04,4,12,0,0
37,54.74,5,2,0,0
24,30.5,4,1,0,0
14,39.05,3,35,1,0
44,62.12,5,5,0,0
12,92.72,3,7,0,0
17,55.64,7,5,0,0
30,164.02,5,14,2,0
55,38.64,3,21,0,0
16,60.46,2,9,0,0
29,79.49,4,5,1,0
16,45.19,5,43,2,0
15,87.88,4,3,0,0
2,132.11,1,0,0,0
40,33.62,4,10,0,0
13,48.19,3,44,0,0
32,31.2,3,17,1,0
8,30.84,2,3,1,0
6,91.03,3,12,3,0
17,75.13,3,43,1,0
11,39.83,4,8,2,0
21,74.9,2,4,1,0
17,28.14,6,39,0,0
4,57.07,4,40,0,0
51,47.65,7,25,0,0
18,57.57,3,66,1,0
36,46.55,7,40,0,0
30,42.83,5,43,0,0
7,80.61,5,7,0,0
60,52.72,4,15,1,0
11,64.98,4,4,2,0
38,39.84,3,5,2,0
11,26.51,6,43,0,0
44,47.54,6,1,0,0
35,32.08,4,25,0,0
33,49.33,4,68,0,1
60,79.64,7,47,1,1
26,40.55,5,16,0,0
4,96.52,5,12,0,0
26,59.6,4,4,1,0
5,135.35,4,21,1,0
2,56.05,5,11,0,0
28,66.23,3,30,1,1
13,23.21,6,20,0,0
53,41.22,4,2,0,0
57,45.3,3,7,0,0
44,107.45,4,28,0,0
10,39.94,4,2,0,0
22,87.94,6,7,2,0
2,94.61,7,33,1,1
4,36.07,6,11,2,0
8,69.96,7,19,0,0
3,55.36,5,24,1,1
7,69.89,5,2,1,0
36,57.08,3,14,0,0
57,47.27,5,0,0,0
38,34.42,2,12,0,0
33,80.52,5,3,1,0
47,32.25,5,14,0,0
14,79.26,3,43,0,0
21,43.94,8,19,0,0
29,100.63,2,22,1,0
22,82.07,5,13,1,0
5,78.88,5,6,0,0
52,56.53,2,20,0,0
7,69.57,4,5,0,0
19,56.57,5,17,0,0
15,54.68,5,11,1,0
53,84.46,4,15,0,0
38,56.42,9,35,0,0
25,59.57,6,48,1,0
60,105.01,5,22,1,0
23,105.34,6,7,1,0
3,26.7,4,50,1,0
33,20.29,5,3,1,0
26,83.89,3,0,1,0
17,90.63,7,5,0,0
31,44.51,4,54,2,0
31,95.97,4,59,0,1
18,41.68,5,0,0,0
38,45.74,6,5,1,0
11,100.09,4,9,0,0
29,39.21,6,40,0,0
55,49.97,2,22,0,0
24,54.14,4,18,0,0
50,80.92,2,25,1,0
38,37.57,4,9,1,0
50,36.3,3,30,2,0
50,46.4,5,8,1,0
22,47.09,3,28,0,0
12,62.79,4,1,1,0
13,37.41,5,9,1,0
42,55.29,7,32,0,0
18,45.1,5,44,2,0
45,53.06,3,37,1,0
48,78.2,4,33,0,0
19,93.59,2,12,0,0
58,57.48,3,64,0,0
10,96.13,3,21,1,1
13,30.56,4,2,0,0
28,64.03,8,19,0,0
25,101.55,6,33,2,0
9,51.24,3,0,0,0
42,86.7,3,2,1,0
18,53.04,2,21,0,0
20,62.95,4,15,1,0
19,51.27,6,8,0,0
32,30.26,7,47,0,0
2,58.17,1,0,1,0
13,68.17,4,49,0,0
2,40.59,8,4,0,0
49,50.65,6,7,0,0
53,45.91,6,6,0,0
8,72.74,5,14,0,0
1,76.42,3,20,1,0
41,48.53,6,10,1,0
33,40.73,8,4,1,0
18,84.71,3,9,0,0
3,52.21,6,2,1,0
20,94.14,4,21,0,0
57,37.65,6,2,0,0
59,63.4,4,39,0,0
14,38.61,1,10,1,1
14,41.2,4,0,0,0
24,77.88,7,11,0,0
41,33.28,3,15,1,0
50,65.3,6,16,2,0
3,78.31,7,2,0,0
22,56.99,2,13,0,1
58,53.11,5,36,0,0
48,73.72,3,9,1,1
52,25.31,5,5,2,0
34,98.41,2,15,1,0
12,65.54,6,5,0,0
12,59.22,4,21,0,0
32,47.84,2,24,0,0
39,61.12,6,29,0,0
2,107.45,6,25,2,0
46,80.17,4,23,2,0
21,34.0,4,14,2,0
54,37.13,5,14,0,0
46,58.77,6,2,1,0
34,36.03,4,5,0,0
28,37.08,4,8,1,0
37,59.01,5,9,0,0
19,57.59,3,20,1,0
40,58.93,5,21,0,0
3,64.57,5,5,0,0
42,41.01,6,13,0,0
23,41.14,6,16,0,0
15,42.5,1,68,0,1
52,114.55,5,6,0,0
42,39.41,7,25,1,0
17,39.24,6,25,0,0
47,19.29,5,1,0,0
19,54.1,8,35,1,0
18,42.5,9,38,1,0
9,78.85,4,73,1,1
21,50.65,4,9,0,1
6,47.72,4,10,2,0
46,54.7,2,3,0,0
8,35.61,4,9,0,0
17,36.93,5,8,0,0
5,71.75,7,21,0,0
54,40.91,6,33,0,0
29,41.03,4,22,0,0
11,67.35,4,16,0,0
56,93.06,5,1,0,0
59,51.28,3,11,0,0
54,78.6,5,12,0,0
8,29.05,3,4,2,0
8,59.5,4,26,0,0
4,131.33,2,15,1,0
50,55.49,3,27,1,0
59,60.81,5,85,1,0
18,31.22,4,10,1,0
60,38.24,5,18,0,0
10,55.51,3,36,0,0
9,30.82,6,6,0,0
35,57.33,5,5,0,0
33,73.3,4,22,1,0
52,34.84,7,11,0,0
55,45.81,8,5,1,0
54,43.94,9,1,1,0
5,35.87,8,14,0,0
40,50.71,8,9,2,1
52,49.29,3,16,1,0
48,168.17,5,7,0,0
10,28.77,6,27,0,1
34,37.33,4,32,1,0
37,27.6,6,56,2,0
38,54.4,6,46,0,0
10,52.18,3,14,0,0
39,60.44,4,12,0,0
32,48.29,5,14,1,0
11,91.62,5,32,1,0
52,61.45,8,16,0,0
53,97.6,4,29,0,0
10,88.67,3,14,0,0
43,43.35,6,19,1,0
23,30.49,3,67,0,0
44,72.57,6,10,0,0
20,49.2,5,55,1,0
26,64.74,7,25,0,0
19,49.7,6,1,0,0
9,70.65,7,5,1,0
1,30.46,5,41,1,0
9,81.93,4,4,0,0
35,57.13,6,1,1,0
31,51.01,8,16,0,0
44,88.81,3,16,0,0
47,33.43,5,32,0,0
31,20.64,7,9,0,0
49,41.8,1,9,2,0
9,58.08,2,6,0,0
50,67.95,3,20,0,0
11,88.14,6,26,0,0
38,92.11,9,17,0,0
35,63.12,9,24,2,0
10,70.37,8,33,1,0
6,32.8,4,2,1,0
22,69.16,7,21,0,0
8,69.9,3,28,1,0
38,71.83,5,3,0,0
5,28.15,5,7,1,0
17,51.9,4,3,0,0
2,72.77,4,21,2,1
4,23.13,6,15,0,0
24,50.13,4,14,2,1
45,43.33,4,5,0,0
10,61.81,7,3,1,0
41,53.42,5,17,0,0
31,42.98,4,3,0,0
54,40.44,4,14,1,0
19,59.86,3,18,1,0
41,35.01,7,44,3,0
2,50.48,3,14,0,0
9,41.07,6,55,0,0
58,55.24,7,1,1,0
29,33.76,7,8,0,0
27,49.02,3,16,1,0
2,50.35,3,21,0,0
35,82.0,4,6,1,0
50,69.35,5,34,1,1
28,116.02,4,2,0,0
24,56.21,5,16,2,0
24,68.26,8,0,0,0
53,36.33,8,0,0,0
52,102.26,5,28,1,0
12,102.42,8,17,0,0
26,55.29,3,4,0,0
3,77.35,8,0,1,0
50,49.88,3,3,2,0
35,40.34,5,25,0,0
1,54.07,4,16,0,0
17,77.08,3,4,0,0
3,64.17,6,7,1,0
6,58.55,2,31,1,0
41,109.09,4,4,0,0
46,63.36,9,19,2,0
14,120.43,7,14,0,0
47,75.72,3,11,0,0
23,69.91,5,40,1,0
19,74.6,3,7,0,0
50,43.88,3,27,0,0
60,44.53,5,6,1,0
33,53.48,2,4,0,0
56,126.22,7,5,0,0
5,60.26,10,33,0,0
5,45.58,4,23,1,0
47,78.92,7,44,2,0
10,60.54,4,24,1,0
42,53.87,4,17,1,0
58,40.99,3,10,0,0
43,33.65,6,7,0,0
24,74.19,5,0,0,0
28,43.81,7,2,0,0
23,29.89,7,3,2,0
57,84.28,3,3,0,0
22,42.61,3,3,1,0
50,56.81,4,11,0,0
44,45.16,3,60,1,0
55,108.2,5,18,0,0
13,46.15,4,4,0,0
7,90.93,3,24,0,1
15,101.76,3,27,0,0
49,59.13,7,6,1,0
14,39.84,4,36,2,1
43,25.74,8,4,2,0
51,60.07,4,14,0,0
24,104.01,5,137,0,1
59,40.97,1,7,1,0
11,87.2,8,9,0,0
48,46.45,10,1,2,0
33,79.39,8,52,3,0
42,88.02,5,14,0,0
53,53.3,6,7,0,0
33,74.38,3,34,0,0
48,55.67,6,20,0,0
30,42.1,3,20,0,0
28,26.07,4,6,0,0
45,28.54,2,30,1,0
4,35.27,6,17,1,0
48,110.44,4,7,0,0
3,60.26,3,38,2,0
32,58.46,2,4,0,0
31,53.56,3,2,0,0
33,37.06,5,56,0,0
13,54.23,9,1,0,0
29,34.99,6,19,1,0
8,66.86,2,14,0,0
40,29.75,6,5,0,0
1,48.67,4,2,0,0
49,74.1,4,11,1,0
30,70.0,3,40,1,0
22,57.34,7,26,0,0
24,55.11,5,11,1,0
48,94.43,4,3,0,0
27,57.79,6,20,0,0
6,41.15,4,8,0,0
3,64.01,4,25,1,0
37,52.32,4,5,1,0
56,50.18,5,16,1,0
32,61.63,5,1,1,0
43,37.73,5,1,2,0
37,33.31,6,7,0,0
55,42.21,7,35,0,0
10,24.18,7,9,0,0
60,101.85,6,19,1,0
59,111.34,5,2,1,0
50,58.24,5,16,0,1
1,37.39,4,38,1,0
47,73.12,6,24,1,0
52,65.31,5,61,0,0
46,107.98,3,4,2,0
10,32.78,8,3,0,0
51,34.03,3,10,0,0
3,31.87,6,29,1,0
34,47.76,5,1,1,0
23,35.07,8,54,0,0
60,63.29,4,22,0,0
16,126.09,3,8,0,0
36,95.32,5,3,1,0
2,29.77,2,16,0,0
34,65.33,8,74,0,0
13,60.45,5,1,0,0
10,79.21,8,63,0,1
4,55.56,6,17,0,0
49,46.66,9,2,0,0
19,47.5,7,23,0,0
11,23.33,3,4,0,0
53,47.27,1,37,1,0
48,51.06,5,5,0,0
8,74.93,5,1,0,0
29,60.36,3,23,0,0
17,45.15,3,1,1,0
10,82.91,3,7,0,0
9,59.17,6,15,2,0
55,32.56,3,18,0,0
32,41.55,4,15,0,0
24,41.18,11,9,0,0
55,57.0,6,91,1,1
53,37.27,6,16,0,0
52,78.29,5,11,1,0
10,62.2,7,49,1,0
39,47.4,5,13,0,0
58,53.4,8,1,1,0
12,45.24,3,21,0,0
1,58.0,7,21,0,0
57,49.69,4,22,0,0
7,86.36,3,17,1,0
59,30.04,2,14,0,0
43,44.59,4,21,0,0
26,59.11,5,2,1,0
58,23.86,8,38,0,0
40,76.82,5,10,0,0
3,63.15,5,6,0,0
45,74.19,5,3,1,0
46,18.94,5,17,1,1
29,82.53,9,18,2,0
9,101.8,8,8,0,0
53,69.93,5,4,0,0
59,86.69,4,2,0,0
52,58.41,4,28,0,0
1,63.41,4,71,1,1
55,61.21,4,4,1,0
5,177.82,7,51,0,0
57,54.67,5,9,0,0
40,46.8,3,16,0,0
15,44.66,2,21,0,1
21,98.18,2,1,0,0
29,46.31,9,13,0,0
29,73.59,4,43,1,0
4,45.67,2,5,1,0
4,93.26,2,19,0,0
46,76.09,6,13,1,0
17,69.6,5,23,0,0
13,112.88,7,14,0,0
46,32.96,4,0,0,0
19,124.24,6,6,0,0
57,100.63,3,20,0,0
12,86.41,2,2,1,0
33,58.69,3,69,0,0
5,87.92,5,11,0,0
40,63.36,5,10,1,0
38,67.68,4,7,0,0
28,155.69,5,11,0,0
5,44.49,5,7,1,0
53,39.57,6,7,1,0
43,56.06,10,55,1,0
12,37.04,4,16,1,0
20,40.67,4,26,0,0
60,57.94,4,27,1,0
60,61.81,8,25,1,0
32,112.91,5,0,0,0
27,41.02,6,5,0,0
60,65.49,6,11,0,0
9,28.77,7,36,1,0
13,75.19,4,1,0,0
37,66.17,5,1,0,0
5,37.16,6,2,0,0
58,63.35,7,0,0,0
25,42.98,8,9,0,0
50,16.67,3,3,0,0
11,26.91,2,42,1,0
7,25.43,4,8,2,0
45,63.22,4,2,1,0
13,45.64,4,65,1,1
26,57.66,4,8,0,0
53,60.38,6,29,0,0
13,52.35,1,1,0,0
55,50.59,3,40,1,0
50,79.44,6,12,0,0
4,33.27,8,17,0,1
10,57.51,5,36,1,0
21,66.7,4,7,1,1
25,66.57,4,3,1,0
23,35.3,3,27,0,0
52,36.37,3,5,1,0
40,31.09,4,17,0,0
4,35.8,4,19,0,0
37,65.21,2,13,0,0
1,67.25,6,7,1,0
47,46.82,4,35,1,0
27,47.85,1,29,1,0
60,33.45,1,9,1,0
21,86.67,1,2,1,0
9,16.09,7,14,0,0
30,90.35,6,1,0,0
1,94.71,6,13,1,0
12,45.09,4,3,0,0
22,66.54,5,11,1,0
27,74.91,5,5,0,0
43,53.45,7,6,1,0
54,51.12,8,14,0,0
34,71.97,5,4,1,0
37,37.84,4,16,1,0
3,48.53,4,20,0,0
25,79.12,5,18,0,0
15,66.66,4,37,0,0
42,53.98,5,17,1,0
41,71.06,5,1,0,0
35,42.63,5,32,0,0
59,53.89,4,28,0,0
53,102.91,3,5,0,0
27,147.98,8,3,0,0
44,49.2,7,76,0,0
55,85.48,3,22,0,0
14,39.3,7,46,2,1
44,54.78,2,3,0,0
44,48.56,3,38,0,0
34,43.4,9,2,1,0
3,82.69,4,12,0,0
38,52.58,6,39,1,0
22,67.03,3,1,1,0
29,123.95,4,1,0,0
16,44.11,4,5,0,0
57,74.71,1,3,0,0
45,43.51,7,4,0,0
36,52.25,2,18,1,1
56,91.04,8,2,1,0
56,51.25,2,5,1,0
47,55.24,7,47,0,0
22,61.87,3,34,1,0
29,41.26,5,19,0,0
37,40.86,7,16,0,1
14,87.44,3,2,0,0
27,87.12,2,3,1,0
50,93.99,4,27,0,0
8,42.94,6,10,0,0
26,66.84,4,26,1,0
23,109.55,4,21,0,0
7,86.22,4,24,0,1
24,39.89,4,36,0,0
12,64.16,5,6,0,0
1,31.13,3,7,1,0
29,69.46,9,72,1,1
19,82.05,4,5,1,0
54,66.63,5,23,2,0
2,46.14,4,3,1,0
33,45.44,5,10,0,0
42,89.53,4,5,0,0
12,41.74,6,4,0,0
40,73.32,6,7,2,0
53,119.16,6,11,0,0
22,67.32,5,14,1,0
26,43.79,8,25,0,0
41,76.73,2,28,0,0
12,24.83,8,8,0,1
32,57.11,6,7,0,0
58,38.56,3,5,0,0
29,50.46,7,56,0,0
22,23.5,4,9,1,0
26,85.01,3,14,1,0
53,32.07,2,39,0,0
57,56.64,2,2,1,0
7,64.86,4,25,0,0
38,73.68,3,52,0,0
48,36.11,5,6,1,0
60,51.28,5,41,1,0
7,54.19,6,57,0,0
1,54.7,3,11,0,0
22,57.74,5,1,0,0
9,85.24,6,32,2,0
7,42.79,7,7,0,1
53,39.92,9,11,0,0
9,91.96,3,71,2,0
47,106.71,7,0,0,0
47,110.97,7,76,0,0
54,52.83,6,12,1,0
38,52.83,4,32,1,0
30,41.41,8,8,0,0
11,43.73,3,0,0,0
36,48.09,4,5,0,0
25,65.48,3,17,0,0
9,48.32,4,0,1,0
10,38.38,5,39,1,0
15,30.38,6,16,0,0
40,103.34,5,18,0,0
21,54.15,3,1,1,0
38,58.0,5,34,0,0
49,22.77,4,15,0,0
42,33.91,5,5,0,0
5,68.46,1,0,1,0
49,30.08,7,35,1,0
2,39.93,4,12,0,0
45,52.89,8,3,0,0
48,29.3,4,12,0,0
13,74.63,2,32,1,0
52,53.25,7,108,1,0
2,45.43,4,18,2,0
19,54.73,3,14,0,0
48,46.76,8,15,2,0
4,93.62,5,30,1,0
20,77.11,4,51,0,0
59,152.52,7,26,0,0
55,54.48,4,2,0,0
2,132.62,6,10,1,0
45,39.38,3,13,0,0
16,89.47,6,12,0,0
28,56.16,4,3,0,0
20,57.77,3,5,1,0
42,58.14,7,15,0,0
54,75.33,4,30,0,0
5,56.77,5,35,3,1
7,24.21,6,3,0,0
1,49.74,5,20,0,0
11,53.11,2,11,0,0
36,58.08,3,99,1,0
34,78.77,4,31,1,0
8,52.28,3,22,0,0
29,43.12,5,57,0,0
22,84.83,6,11,0,0
17,65.08,5,96,0,1
26,55.89,4,20,0,0
26,50.25,8,25,0,0
32,47.3,3,21,0,0
40,41.51,3,2,1,0
16,34.79,7,5,0,0
1,71.15,5,37,0,0
37,69.0,2,42,0,0
43,44.77,6,3,0,0
4,37.03,5,2,3,1
4,42.58,3,26,0,0
29,64.37,2,13,1,0
7,85.25,4,40,0,0
18,33.16,5,49,0,0
11,71.88,4,104,0,1
21,98.62,5,16,0,0
6,72.23,2,27,1,1
24,40.32,3,5,1,1
11,34.55,3,1,1,0
31,50.68,9,3,0,0
51,97.11,8,18,0,0
43,73.68,9,11,1,0
21,50.03,5,30,0,0
48,89.3,5,9,1,0
35,45.96,2,26,1,1
22,45.75,3,12,1,0
49,49.69,4,28,0,0
26,34.12,6,28,1,0
26,40.74,11,20,0,0
54,29.59,6,39,1,0
26,38.52,2,35,1,0
6,193.82,5,70,0,0
39,75.54,5,25,0,0
10,48.02,4,4,0,0
47,48.55,8,51,1,0
56,38.22,4,1,0,0
49,89.22,8,22,0,0
8,40.97,5,1,0,0
55,57.05,3,12,0,0
40,49.76,5,1,0,1
15,58.06,3,18,0,0
22,32.57,9,6,2,0
31,62.46,5,8,0,0
28,34.23,4,23,2,0
40,55.09,5,1,1,0
44,94.38,5,13,2,0
56,71.1,4,5,1,0
57,57.98,5,22,0,0
4,25.88,5,2,0,0
47,107.38,4,58,0,0
25,85.76,3,7,0,0
33,48.51,5,7,2,0
1,70.25,4,1,0,0
54,99.11,3,23,0,0
8,65.16,7,2,0,0
19,67.66,6,21,0,0
49,60.82,4,27,0,0
52,49.8,5,24,0,0
23,41.6,4,17,1,1
39,57.8,8,15,0,0
18,50.66,4,36,1,0
7,106.92,6,4,0,0
29,50.96,6,1,0,0
34,127.07,4,6,0,0
42,36.04,6,3,1,0
38,117.72,4,11,0,0
37,82.52,3,24,1,0
50,26.37,7,1,1,0
11,42.76,3,5,2,0
23,42.25,3,2,0,0
1,36.81,5,28,0,0
4,76.52,6,31,2,0
41,58.93,5,13,1,0
19,62.23,7,19,0,0
28,18.24,5,9,1,0
22,38.09,2,1,0,0
6,50.78,3,2,0,0
31,161.24,4,28,1,0
3,52.09,7,21,0,0
60,52.18,4,8,0,0
33,59.09,6,2,2,0
49,102.85,8,16,0,0
33,78.44,5,48,3,0
27,82.75,4,25,0,0
21,68.28,5,12,1,0
13,39.39,4,10,0,0
49,107.67,8,10,2,0
17,22.36,8,9,0,0
13,74.58,2,8,0,0
7,27.12,6,7,0,0
2,111.2,6,35,0,0
23,49.25,8,30,0,0
7,38.12,8,14,0,0
39,69.42,6,3,0,0
3,31.98,2,2,0,0
30,57.36,6,11,0,0
10,63.4,7,4,1,0
7,52.64,2,17,0,0
50,67.3,5,9,1,1
29,67.7,4,23,0,0
22,59.63,3,2,0,0
56,101.7,3,8,1,0
13,36.99,3,18,2,0
3,49.43,6,17,0,0
58,73.41,4,3,0,0
21,35.94,5,39,1,0
32,19.18,4,5,1,0
17,60.73,4,21,2,0
45,89.3,4,1,2,0
57,65.02,2,43,0,0
24,51.55,5,15,0,0
6,43.65,6,3,2,0
11,43.0,5,2,0,0
34,89.96,2,10,0,0
40,140.94,4,11,0,0
19,72.74,2,12,1,0
49,45.7,4,3,1,0
39,67.26,4,5,0,0
14,55.86,4,56,0,0
26,50.84,5,6,1,0
37,43.51,4,7,1,0
1,37.09,6,2,0,0
30,46.38,2,107,1,0
23,32.04,10,12,0,0
38,75.01,2,14,1,0
58,83.81,6,45,0,0
1,47.07,8,8,0,0
56,82.62,5,2,0,0
30,79.72,7,48,0,1
2,95.16,7,26,0,0
31,58.69,7,4,0,0
45,59.76,6,5,0,0
23,25.33,5,3,0,0
13,67.96,6,3,0,0
1,36.2,8,12,0,0
60,35.57,2,9,1,0
27,86.27,6,20,1,0
43,82.29,5,1,0,0
9,85.67,6,36,0,0
16,90.36,5,56,0,0
38,71.39,5,11,1,0
34,26.21,7,80,1,1
20,29.63,6,52,1,0
38,75.09,6,23,0,0
20,46.62,4,1,1,0
60,67.42,3,13,0,0
50,58.2,5,3,2,0
1,39.05,3,128,0,1
27,32.8,5,2,1,0
53,36.23,3,10,1,0
11,71.95,10,26,0,0
37,34.52,3,4,0,0
8,23.26,6,3,0,0
35,71.31,6,10,0,0
41,70.87,2,29,0,0
45,61.15,4,17,1,0
29,30.59,6,18,2,0
44,119.84,10,21,0,0
57,41.96,7,19,1,0
2,58.08,7,0,0,0
37,48.4,2,0,0,0
1,51.06,7,1,0,0
41,71.69,4,2,0,0
44,68.37,7,4,1,0
45,28.91,5,5,1,0
19,57.75,7,9,0,0
26,34.23,2,4,0,1
50,23.34,3,1,3,0
16,20.51,8,7,2,0
42,62.68,4,1,0,0
37,53.98,6,22,0,0
52,69.77,5,9,0,1
52,64.95,4,23,0,0
58,62.13,4,47,0,0
58,38.83,5,9,0,0
48,66.27,4,6,1,0
6,34.08,5,37,0,0
53,44.48,8,17,0,0
16,54.13,4,19,0,0
39,88.17,11,5,0,0
55,75.17,6,18,0,0
22,66.39,3,1,3,0
48,112.16,2,69,1,0
35,124.09,4,11,1,0
33,60.5,5,36,0,0
5,83.08,5,8,1,0
32,57.18,6,95,0,0
27,56.97,4,16,0,0
38,46.89,5,17,0,0
2,42.83,7,1,2,1
4,79.66,5,0,0,0
7,87.39,2,27,0,0
31,56.32,3,6,0,0
16,50.81,2,41,0,0
34,47.11,4,23,0,0
29,52.35,5,60,2,1
22,43.55,6,9,0,0
33,62.24,6,7,0,0
35,38.13,4,3,0,0
28,57.27,5,4,1,0
6,64.2,11,1,0,0
34,81.38,5,3,0,0
5,29.75,4,1,0,0
56,56.62,7,3,1,0
28,25.9,7,39,0,0
4,41.91,6,12,0,0
46,79.3,6,1,1,0
42,58.32,11,45,0,0
26,39.39,10,8,0,0
48,56.71,7,8,0,0
15,52.22,5,29,1,0
28,79.27,3,10,1,0
38,65.19,12,6,0,0
60,55.04,9,6,1,0
47,82.74,5,25,1,0
41,35.01,4,20,0,0
25,44.28,12,1,0,0
60,24.18,3,15,0,0
20,152.6,7,6,0,0
22,35.6,8,3,0,0
14,47.79,6,12,1,0
55,25.73,6,17,0,0
31,74.04,4,6,1,0
44,38.51,3,68,1,0
53,60.13,4,6,0,0
36,47.73,8,13,0,0
3,61.8,5,66,1,0
3,43.16,7,10,0,0
1,119.45,4,5,0,0
32,50.84,3,1,0,0
2,70.77,4,23,1,1
22,45.41,8,12,0,0
57,47.35,7,2,0,0
46,45.71,5,93,1,1
17,83.43,3,3,1,0
44,44.36,2,22,0,0
7,28.25,6,3,1,0
45,74.34,7,7,1,0
18,48.06,6,12,1,0
14,41.72,4,35,0,1
1,25.21,6,9,0,0
34,74.81,7,51,0,0
13,83.65,4,21,0,0
46,21.81,4,30,0,0
19,46.56,5,11,1,0
22,62.57,6,23,0,0
5,54.79,2,16,1,0
42,52.93,6,36,1,0
29,49.9,4,47,0,0
19,61.99,4,9,0,0
5,85.35,3,40,0,0
47,46.99,6,1,1,0
38,34.16,5,11,1,0
46,51.58,6,6,1,0
19,49.19,8,64,0,0
54,74.7,4,20,1,0
47,76.94,4,38,0,0
23,31.37,2,20,0,0
1,30.58,4,28,1,1
59,40.82,7,10,2,0
17,70.53,2,3,2,1
34,95.5,7,18,1,0
24,34.08,3,13,1,0
13,45.73,5,7,1,0
18,30.47,5,17,0,0
20,43.67,5,9,1,1
27,82.12,4,62,1,0
47,35.43,4,1,0,0
11,41.84,4,2,0,0
46,41.61,4,4,0,0
9,50.54,4,1,1,0
25,33.24,1,4,1,0
57,57.49,4,33,1,0
13,57.58,6,14,0,0
14,39.48,4,6,1,0
54,58.63,2,16,0,0
49,30.53,5,47,0,0
21,28.3,7,3,1,0
16,83.57,3,20,1,0
19,37.19,8,6,0,0
8,78.36,5,20,0,0
37,53.57,2,2,2,0
51,67.58,4,7,0,0
34,101.28,5,29,0,0
38,31.36,4,6,1,0
56,53.99,7,1,0,0
18,45.31,4,8,0,0
42,46.34,4,52,1,0
15,55.75,3,18,0,0
60,36.31,4,33,0,0
30,38.15,8,16,0,0
20,48.3,10,3,3,0
32,34.79,5,14,1,0
58,50.9,7,21,0,0
42,75.41,7,26,2,0
2,39.4,4,5,2,0
38,59.17,5,3,0,0
27,55.84,9,2,1,0
13,46.18,4,52,0,0
50,120.16,7,35,1,0
41,63.62,4,23,0,1
2,40.43,3,1,0,0
34,60.57,4,9,2,0
59,63.01,3,6,0,0
37,60.28,7,17,2,0
10,73.96,5,2,0,0
27,61.5,2,62,0,0
41,37.88,9,23,0,0
21,70.8,6,3,0,0
54,107.56,6,6,1,0
23,93.85,5,13,0,0
46,21.82,2,5,0,0
33,42.4,8,4,0,0
17,58.57,2,14,2,0
37,36.86,2,12,0,0
51,51.67,5,14,1,0
55,107.58,5,81,2,1
30,101.63,4,11,0,0
15,45.35,3,12,0,0
3,29.5,6,6,0,0
54,41.11,5,4,0,0
8,65.33,4,26,1,0
11,97.16,4,47,1,0
36,96.99,5,5,2,1
47,63.27,1,5,0,0
36,50.41,6,13,1,0
21,51.86,4,3,0,0
54,147.06,6,10,1,0
57,28.39,4,3,0,0
28,72.67,7,39,0,0
7,42.45,4,3,0,0
11,37.44,5,7,0,0
28,74.18,3,139,1,1
8,78.1,5,9,0,0
36,64.41,5,11,0,0
39,52.24,6,9,1,0
29,68.39,4,14,0,0
6,39.22,4,18,1,0
25,65.8,6,25,0,0
18,36.71,10,29,0,0
22,45.51,5,11,0,1
54,43.89,6,4,0,0
59,43.5,2,6,2,0
31,57.17,5,7,1,0
9,60.49,5,70,0,0
15,42.63,6,17,0,0
26,29.97,5,1,1,0
58,42.48,7,24,0,0
45,54.28,5,25,0,0
37,56.16,3,20,0,0
48,44.64,5,14,0,0
32,56.75,5,52,0,0
46,89.31,2,37,0,0
27,92.38,2,2,0,0
60,32.5,6,23,0,0
18,49.82,5,3,1,0
36,57.55,4,0,0,0
27,31.31,3,30,0,0
28,107.92,9,4,2,0
55,59.84,5,13,1,0
5,46.09,3,6,0,0
32,93.25,4,12,0,0
6,72.5,5,4,1,0
18,84.59,5,7,0,0
6,43.3,7,28,0,0
60,80.52,9,6,3,0
25,37.92,6,11,0,0
9,62.6,2,57,1,0
51,77.01,6,37,1,0
26,77.62,3,42,1,0
39,48.15,4,5,1,0
12,28.57,3,7,0,0
28,45.25,14,73,1,0
13,96.11,7,37,1,0
34,42.6,4,28,1,0
17,62.28,8,2,1,0
26,45.49,7,1,1,0
11,66.71,5,16,0,0
40,61.94,3,31,2,0
53,61.28,6,21,1,0
10,32.85,3,4,0,0
36,32.73,2,1,1,0
33,38.78,10,47,1,0
52,49.99,6,41,0,0
58,50.61,6,128,0,1
54,30.8,4,2,1,1
1,133.77,6,34,0,0
46,29.28,5,8,1,0
9,68.17,9,11,0,0
33,86.07,2,10,1,0
22,45.24,6,28,1,0
21,37.18,5,7,1,0
5,41.97,3,14,0,0
37,113.15,4,15,1,0
38,54.06,3,31,1,0
34,47.98,8,2,0,0
56,48.86,3,6,1,0
37,30.09,6,16,0,0
9,91.99,6,46,0,0
44,45.55,5,6,1,0
15,47.2,5,6,0,0
51,49.51,3,1,0,0
59,40.29,1,11,0,0
47,35.97,8,10,0,0
6,26.82,7,9,0,0
3,60.66,10,29,0,0
35,46.86,6,30,0,0
14,37.23,6,23,0,0
48,81.56,7,40,1,0
23,82.22,8,53,0,0
54,19.73,2,2,0,0
1,46.42,5,52,1,0
58,38.47,3,8,0,0
16,64.97,7,13,1,0
25,48.95,6,9,0,0
4,92.1,4,37,0,0
47,27.69,5,7,0,0
57,44.22,3,8,1,0
33,26.1,4,31,0,0
40,43.11,6,18,0,0
33,34.44,4,2,2,0
8,69.31,3,25,1,0
58,62.95,6,23,0,0
50,43.73,4,3,1,0
47,31.24,2,51,0,0
25,72.79,1,5,1,0
2,56.78,7,33,2,0
39,46.57,3,2,0,0
26,120.05,6,4,0,0
22,109.11,5,36,0,0
45,60.16,3,9,1,0
33,22.99,2,37,1,1
17,45.9,6,80,1,0
2,28.48,3,9,1,0
44,96.08,7,58,0,0
16,95.22,5,59,1,1
25,52.42,4,52,0,0
10,73.89,7,7,2,0
32,78.09,2,46,1,0
43,61.62,6,19,0,0
55,70.45,7,54,1,0
31,137.28,5,10,0,0
52,52.15,7,34,0,0
54,36.38,3,21,0,0
39,51.18,4,6,1,0
30,49.06,4,7,0,0
35,69.02,7,13,1,0
28,124.19,5,49,1,0
47,60.31,5,16,0,0
60,99.05,5,5,2,0
40,24.51,3,20,1,0
3,75.58,5,8,1,0
45,48.39,9,2,2,0
18,63.91,3,35,1,1
53,91.24,9,47,0,0
35,90.64,7,13,1,0
8,45.04,6,1,0,0
1,83.22,4,13,1,0
33,60.87,6,28,0,0
27,50.17,8,11,0,0
17,66.99,8,29,0,0
21,33.11,2,4,1,0
24,17.56,5,19,0,0
38,74.6,5,19,0,0
49,42.96,4,19,1,0
27,109.45,6,8,0,0
26,50.18,5,7,0,0
57,27.13,7,66,0,0
44,49.09,6,8,0,0
31,78.5,4,8,1,0
60,39.79,3,26,0,1
40,67.92,3,10,0,0
26,41.91,6,50,0,0
1,74.25,6,9,1,0
55,24.98,6,7,0,0
45,110.65,5,5,0,0
50,52.59,8,14,0,0
41,41.36,5,4,0,0
60,74.11,12,45,0,0
45,54.68,6,29,1,0
59,46.56,7,24,1,0
16,47.1,3,19,0,0
17,42.54,5,39,0,0
31,70.28,2,25,1,0
1,77.99,6,1,0,0
6,62.17,3,1,0,0
28,49.7,3,27,0,0
41,127.61,6,10,0,0
9,40.87,3,0,0,0
27,60.77,4,23,0,0
38,33.29,5,14,1,0
29,43.53,2,1,1,0
31,24.44,3,45,2,0
8,80.61,4,30,0,1
16,25.86,5,13,0,0
12,26.83,4,8,2,0
57,61.67,4,2,1,0
9,98.43,3,11,1,0
17,86.04,5,34,0,0
14,73.85,4,32,2,0
24,31.72,2,18,1,0
6,71.72,4,5,0,0
23,45.15,6,1,0,0
57,22.77,5,29,0,0
22,50.07,4,14,0,0
5,71.48,8,49,0,0
3,40.48,6,48,0,0
54,81.42,9,74,0,1
28,63.14,6,4,0,0
20,38.28,1,9,0,0
51,46.07,10,1,0,0
59,32.52,6,36,0,0
27,61.54,5,9,2,1
24,81.26,2,59,2,1
52,42.16,3,11,1,0
58,75.05,5,3,1,0
54,66.29,6,42,0,0
8,49.0,8,0,0,0
38,26.21,7,24,0,0
32,19.01,5,9,0,0
27,60.67,3,38,0,0
58,79.27,6,9,0,0
36,62.33,6,9,0,0
56,34.12,5,12,0,0
28,59.66,3,28,1,0
49,53.17,7,13,0,0
32,86.02,3,49,0,0
3,38.22,3,19,1,0
42,23.98,5,11,0,0
59,97.16,1,11,2,0
29,73.64,5,13,0,1
31,52.47,3,45,0,0
52,45.85,5,25,0,0
60,27.03,3,2,1,0
59,48.32,10,6,2,0
57,104.36,6,15,1,0
41,46.91,5,81,1,1
7,54.54,3,19,0,1
53,75.98,3,5,0,0
8,26.1,6,6,1,0
11,70.13,8,40,0,0
53,59.62,5,7,0,0
22,94.88,6,4,1,0
17,45.35,5,19,0,0
43,83.79,4,3,2,0
50,32.62,2,20,0,0
19,43.76,4,1,0,0
51,83.92,2,5,1,1
32,60.31,6,1,0,0
17,61.56,3,12,2,0
57,58.12,5,19,2,0
41,68.24,7,31,2,0
1,94.06,2,20,1,0
3,69.15,5,50,1,1
54,65.41,4,10,0,0
23,33.79,9,0,0,0
13,33.99,5,30,1,0
19,50.35,6,24,0,0
57,40.38,3,9,0,0
2,46.2,2,42,0,0
22,62.22,4,9,1,0
40,51.73,5,9,2,0
59,53.77,5,17,0,0
13,84.4,4,5,0,0
39,30.58,5,44,1,0
54,81.11,5,40,1,0
42,46.64,7,3,0,0
6,68.76,6,3,0,0
58,94.05,4,7,0,0
39,57.29,5,42,0,0
39,64.69,3,12,1,0
44,75.86,5,1,0,0
8,80.15,5,19,1,0
13,139.73,6,17,2,0
14,46.47,8,3,1,0
56,57.5,6,3,0,0
13,85.57,7,21,2,0
5,46.51,6,66,1,0
37,51.77,5,1,0,0
34,61.02,5,9,0,0
9,52.01,2,3,1,0
31,36.32,6,3,0,0
23,60.95,2,57,0,0
55,160.02,2,0,0,0
14,66.8,4,27,0,0
42,79.67,2,13,0,0
2,46.88,6,56,0,0
6,38.34,8,31,0,0
24,52.72,5,37,0,0
27,34.64,2,30,1,0
37,83.97,10,4,0,0
12,102.23,4,1,1,0
27,259.4,5,48,0,0
23,32.71,5,38,0,0
49,59.93,5,27,0,0
50,85.82,3,7,1,0
50,31.93,6,27,0,0
36,54.68,7,2,1,0
8,26.14,4,22,0,0
15,30.48,7,18,0,0
45,38.8,1,1,0,0
47,53.93,5,0,1,0
49,91.24,6,7,1,0
7,101.93,3,41,1,0
28,30.61,3,19,0,0
41,55.26,3,32,0,0
16,41.33,2,6,1,0
45,42.06,6,2,0,1
53,99.74,5,41,0,0
7,69.02,5,34,0,0
24,103.77,4,6,0,0
23,91.08,4,19,0,0
13,48.35,4,1,2,0
54,49.96,6,13,1,0
40,148.42,6,1,1,0
45,87.61,6,14,0,0
8,39.5,5,14,1,0
49,82.71,5,8,0,0
39,53.66,12,71,0,1
46,121.65,4,32,0,0
16,46.69,5,23,0,0
17,54.48,2,7,0,0
7,106.0,3,23,0,0
16,45.95,8,15,1,0
31,27.81,8,13,0,0
24,160.85,6,7,0,0
6,143.5,5,42,1,0
10,46.14,4,9,0,0
11,68.09,5,2,1,0
23,110.41,7,34,0,0
54,66.65,3,16,0,0
60,30.96,4,23,1,0
51,35.22,5,13,0,0
48,93.31,10,22,0,0
5,42.21,6,11,1,0
37,59.57,6,3,0,0
60,54.25,7,10,1,0
29,57.89,3,2,0,0
53,126.67,3,13,0,0
36,65.02,2,20,0,0
31,57.65,6,5,4,0
26,56.77,4,16,0,0
3,53.28,4,5,0,0
50,75.28,2,21,0,0
33,23.12,6,28,0,0
9,64.1,4,24,0,0
20,48.13,2,31,0,0
28,77.65,3,0,0,0
33,64.35,10,20,1,0
9,44.76,6,5,0,0
59,47.5,4,64,1,1
26,57.93,4,54,1,0
33,43.64,7,7,0,0
20,66.06,6,21,0,0
18,61.15,10,0,0,0
26,67.79,3,16,0,0
50,35.66,7,4,0,0
21,75.85,6,7,0,0
30,31.51,3,24,0,0
47,90.02,5,36,1,0
52,46.47,5,18,1,0
59,75.39,4,26,1,1
59,50.52,4,13,3,0
5,67.68,5,49,0,0
53,70.89,3,27,0,0
11,50.88,5,34,5,1
14,153.44,6,28,0,1
57,43.06,4,4,1,0
11,48.68,2,3,2,1
38,74.32,3,10,0,0
54,39.51,6,34,0,0
59,45.25,5,3,0,0
47,66.03,7,25,0,0
34,110.6,7,19,0,0
6,40.5,5,2,0,0
43,59.57,4,5,1,0
18,88.33,4,11,0,0
18,49.68,4,41,0,0
50,28.8,2,14,0,0
27,53.77,5,5,0,0
54,64.66,3,13,1,0
55,60.08,8,16,1,0
49,38.01,7,16,2,0
25,144.95,9,12,0,0
44,61.2,3,6,1,0
30,51.71,4,2,2,0
25,52.46,4,4,0,1
29,49.07,8,79,0,0
5,57.1,3,23,0,0
54,29.24,4,2,0,0
20,53.49,6,14,1,0
31,54.01,6,83,1,0
22,38.33,9,61,0,0
59,69.31,9,19,0,0
56,95.64,6,4,0,0
47,66.25,8,3,0,0
44,31.04,5,13,1,0
5,42.99,3,6,1,1
18,71.75,4,27,1,0
44,56.54,5,55,0,0
26,37.48,8,7,1,0
37,43.91,3,0,1,0
23,68.43,3,11,0,0
7,77.55,2,16,0,0
25,44.21,5,31,0,0
13,40.35,3,41,0,0
23,74.09,9,21,1,0
14,77.97,3,28,0,0
17,35.9,5,13,0,0
53,17.92,11,2,0,0
46,41.4,1,37,0,0
38,54.76,2,18,0,0
21,30.58,8,11,0,0
47,56.17,8,40,2,0
22,72.06,8,64,0,0
49,116.5,3,9,1,0
20,39.73,6,52,0,0
56,41.53,6,31,0,0
39,72.37,3,5,1,0
14,59.01,5,28,0,0
39,51.75,3,18,1,0
37,51.07,8,3,0,0
43,21.38,2,39,0,0
19,24.92,6,4,3,0
5,75.78,6,1,0,0
9,45.79,5,4,1,0
45,33.78,4,19,0,0
58,27.65,10,46,0,0
13,38.95,6,5,0,0
8,64.87,4,10,1,0
26,70.95,6,2,0,0
48,25.19,5,17,0,0
10,40.05,2,60,1,0
21,72.16,5,21,0,0
27,75.09,7,28,0,0
7,47.45,2,37,1,1
58,36.11,8,13,0,0
31,55.15,7,60,0,0
2,34.07,6,2,0,0
47,55.2,4,23,0,0
40,87.28,4,35,0,1
54,81.32,3,2,0,0
20,34.43,5,13,0,0
50,48.4,3,14,0,0
57,99.67,11,2,1,0
15,78.97,5,26,0,0
9,31.39,4,18,1,0
1,65.97,9,0,0,0
57,46.38,3,11,0,0
25,40.4,5,21,0,0
51,99.14,10,1,0,0
49,107.72,2,2,0,0
50,29.27,5,32,0,0
59,78.12,7,46,0,0
41,135.24,5,45,0,0
50,76.83,5,41,0,0
60,27.29,5,7,1,0
31,62.25,2,8,1,0
6,48.94,7,5,0,1
31,28.41,6,130,0,1
10,53.6,9,28,1,0
45,35.87,10,13,0,0
42,60.56,4,23,2,0
21,65.29,5,89,0,1
19,34.83,1,12,0,1
23,66.08,2,5,0,0
47,41.42,5,43,1,0
8,45.77,2,24,0,0
25,91.62,4,19,0,0
45,23.79,4,3,1,0
58,57.89,7,17,0,0
45,34.05,3,28,0,0
22,39.42,7,22,0,0
27,65.09,6,13,1,0
59,59.55,4,14,1,0
11,37.17,4,6,1,0
12,31.15,6,35,0,0
6,51.05,4,0,0,0
4,98.72,3,24,1,0
14,39.44,2,12,0,0
39,70.89,6,49,0,0
10,48.66,3,9,0,0
12,45.37,3,3,0,0
31,56.15,6,40,0,0
1,46.36,5,42,0,0
43,58.69,4,21,0,0
34,29.97,2,49,0,0
45,34.12,1,38,1,0
56,62.95,4,2,0,0
21,62.09,7,13,0,0
28,42.25,6,47,0,0
17,62.75,3,33,2,1
35,79.36,2,20,1,0
43,27.37,6,47,0,0
5,59.81,3,21,1,0
51,44.08,4,2,1,0
6,44.06,5,51,1,0
15,122.54,5,2,0,0
6,49.66,3,1,0,0
45,77.37,4,12,2,0
22,53.52,3,37,0,0
31,42.26,11,39,0,0
30,36.35,4,0,0,0
56,63.16,6,37,0,0
9,49.5,5,41,1,0
5,106.28,4,125,1,1
50,50.54,6,19,0,0
47,37.05,6,16,0,0
58,73.17,5,14,1,0
45,52.4,5,5,0,0
40,55.49,7,38,1,0
56,60.23,3,34,0,0
22,25.58,3,8,0,0
6,110.68,2,52,0,0
57,78.14,4,57,2,0
3,53.67,6,49,0,0
25,73.78,4,13,1,0
39,41.84,4,31,1,0
19,73.95,6,4,1,0
59,55.06,2,72,1,0
8,32.78,3,9,0,0
9,42.59,6,2,0,0
10,45.51,7,16,1,0
5,35.79,3,19,0,0
35,100.75,7,48,0,0
3,89.7,4,2,0,0
48,36.67,5,39,0,0
48,37.08,1,3,0,1
55,43.24,3,2,1,0
17,47.33,3,27,1,1
30,22.23,3,16,2,0
45,48.64,6,12,0,0
54,91.07,5,8,2,0
46,56.94,6,8,0,0
23,30.96,4,1,2,0
22,29.0,5,19,0,0
49,110.06,1,23,0,0
18,75.82,7,26,1,0
48,62.89,3,6,1,0
24,108.08,6,9,0,0
48,56.48,4,5,0,0
55,93.88,1,1,0,0
28,101.69,3,91,2,1
38,63.57,6,41,1,0
56,72.1,5,30,1,0
30,55.05,5,19,1,0
8,48.85,6,26,0,0
56,44.88,6,21,0,0
6,49.83,9,24,0,0
39,48.57,3,3,0,1
50,50.7,2,49,1,0
38,49.49,6,34,0,0
32,51.77,6,5,0,0
20,87.87,6,5,0,0
3,25.94,4,13,1,0
26,43.54,6,6,0,0
39,76.44,4,6,0,0
35,86.77,4,28,2,0
27,50.57,5,19,0,0
59,40.77,5,10,0,0
27,23.28,5,32,2,0
17,25.72,8,31,0,0
14,53.81,7,19,0,1
16,90.34,5,95,0,1
51,36.99,8,0,0,0
39,59.26,7,7,1,0
49,56.67,6,25,0,0
2,56.92,6,10,1,0
44,76.68,6,50,0,1
2,64.96,5,7,1,0
54,156.13,5,8,0,0
46,28.91,6,11,0,0
1,53.42,4,28,0,0
20,39.86,4,1,0,0
5,72.31,3,88,0,1
26,50.09,3,13,0,0
9,43.73,7,4,0,0
25,65.29,6,9,0,0
47,69.73,3,24,0,0
11,60.41,5,3,0,0
25,62.35,5,35,1,0
4,32.7,4,8,1,0
12,48.3,4,64,0,0
52,20.87,5,2,1,0
8,58.14,6,69,0,1
16,38.44,5,55,0,0
46,30.12,4,69,0,0
59,48.33,7,37,0,0
35,35.22,4,20,0,0
44,50.33,6,32,2,1
57,67.56,7,12,1,0
30,65.82,4,53,0,0
29,70.28,5,4,1,0
2,72.72,7,76,1,1
16,53.42,8,40,0,0
9,55.4,2,15,0,0
31,65.57,5,19,0,0
22,72.39,4,24,0,0
34,49.95,5,1,0,0
7,90.25,5,21,0,0
41,65.96,4,2,0,0
34,33.01,5,13,1,0
44,31.77,5,5,0,0
58,41.63,8,45,1,0
17,46.6,5,2,0,0
20,60.69,7,3,0,0
41,108.05,3,64,0,0
22,22.14,3,50,0,0
59,45.3,6,13,2,0
18,107.69,9,5,0,0
39,24.49,4,25,1,0
51,83.82,5,3,1,0
13,59.98,8,28,0,0
5,41.07,4,15,1,0
24,100.0,2,12,1,1
51,49.73,5,10,0,0
21,73.79,3,70,0,0
41,51.12,5,3,0,0
10,46.09,2,9,0,0
46,35.19,2,13,0,0
53,38.78,5,40,2,0
59,71.79,4,14,0,0
1,59.48,3,7,2,0
37,51.38,6,9,1,0
35,44.84,7,2,1,0
50,54.84,2,38,0,1
50,61.81,3,7,0,0
27,44.0,8,45,2,0
26,62.53,5,13,0,1
48,67.81,3,0,0,0
21,48.5,6,43,1,1
59,52.23,6,39,1,1
22,73.77,8,66,0,0
14,37.63,6,13,0,0
45,75.68,6,6,2,0
39,86.69,3,9,2,1
47,33.63,5,10,1,0
58,98.45,5,9,0,0
56,65.99,5,12,0,0
57,45.24,2,24,1,1
35,55.16,6,22,0,0
39,98.78,5,39,1,0
29,86.88,3,6,2,0
51,36.77,5,11,1,0
54,38.82,4,23,1,0
17,37.13,3,15,1,0
48,144.11,6,26,0,0
51,155.77,6,2,0,0
40,42.09,5,6,0,0
6,83.81,3,50,0,0
5,65.87,4,2,0,0
10,71.53,2,10,0,0
46,95.88,8,8,1,0
20,58.55,2,21,1,0
14,29.53,6,21,1,0
20,49.76,3,21,0,0
44,71.69,7,2,0,0
32,55.1,6,22,3,0
50,76.74,5,11,0,0
44,60.3,5,12,0,0
44,31.13,3,1,2,0
52,62.44,5,6,2,0
55,62.85,5,9,2,0
39,58.35,5,13,0,0
36,44.34,5,30,1,0
40,33.65,5,4,1,1
58,89.89,6,17,0,0
31,80.52,6,12,1,0
28,51.27,5,3,2,0
22,31.63,4,30,1,1
32,78.13,4,37,0,1
28,42.68,9,21,0,0
18,32.13,6,15,3,1
32,78.72,7,6,0,0
59,46.35,4,7,0,0
13,102.73,2,5,0,0
41,69.67,7,36,0,0
33,36.36,4,17,0,0
2,44.24,6,17,0,0
56,50.82,7,1,3,0
32,101.96,5,17,1,0
50,46.67,7,13,0,0
33,94.35,2,1,0,0
47,55.5,2,23,0,0
4,49.21,3,55,1,0
51,15.57,7,42,0,0
32,51.74,5,23,0,0
35,39.12,6,27,0,0
59,90.31,2,9,0,0
12,165.96,4,20,2,0
45,86.73,6,3,1,0
20,78.49,2,70,0,1
13,65.1,4,3,0,0
43,53.69,6,12,0,0
15,70.14,5,4,0,0
42,36.89,5,4,0,0
48,49.61,4,13,2,1
25,46.84,3,5,2,0
45,35.8,6,28,0,0
47,70.91,11,54,0,0
18,71.07,4,1,1,0
59,42.11,3,17,0,0
43,44.78,5,18,1,0
55,70.65,6,8,0,0
46,45.9,6,5,1,0
26,44.84,3,1,0,0
44,66.11,5,12,1,0
10,82.2,4,18,1,0
44,84.3,6,20,0,0
10,47.44,6,13,0,0
2,58.91,3,14,0,0
37,46.05,2,4,0,0
39,48.87,3,3,0,0
18,98.98,5,6,1,0
60,56.66,3,21,2,0
1,42.8,4,13,1,0
40,39.04,6,2,0,0
11,56.38,6,19,2,0
17,61.46,9,49,2,0
9,40.96,5,16,1,0
51,45.74,2,13,0,0
60,68.72,5,5,1,0
30,38.49,5,71,1,1
45,35.2,4,6,1,0
57,72.75,3,45,0,0
2,36.84,8,26,0,0
59,38.53,3,14,0,0
3,69.55,3,23,1,0
23,105.39,7,18,0,0
25,18.99,3,17,0,0
17,82.69,3,5,2,0
19,61.13,7,44,1,0
45,43.33,4,15,1,0
46,30.9,4,60,0,0
23,41.65,7,29,0,0
50,51.65,3,60,0,0
34,78.67,8,5,0,0
5,36.38,8,37,0,1
52,48.26,7,3,1,0
8,52.47,5,16,0,0
17,76.23,5,5,2,0
49,25.7,6,14,1,0
48,55.99,3,50,1,0
41,58.17,1,41,0,0
3,97.2,6,3,0,0
45,55.24,7,19,1,0
29,34.82,5,1,1,0
23,38.97,7,3,0,1
39,34.07,7,0,1,0
43,31.85,7,6,1,0
5,35.86,7,15,1,0
6,12.41,6,33,1,0
48,70.27,1,28,1,0
53,42.24,8,89,1,1
21,70.32,3,31,0,1
31,68.13,7,10,0,0
38,48.13,3,26,1,0
7,38.85,5,4,0,0
3,78.31,6,14,1,0
13,30.13,3,5,0,0
8,44.42,2,13,0,0
47,45.55,5,1,1,0
23,47.67,3,2,1,0
43,35.69,5,15,1,0
20,42.27,1,5,0,0
36,64.66,6,16,1,0
43,79.79,9,0,0,0
31,48.14,8,28,0,0
45,50.04,2,40,1,0
15,71.15,5,5,0,0
48,62.16,2,8,1,0
18,91.04,4,46,1,0
6,65.3,3,5,0,0
60,63.68,2,18,1,0
50,59.27,6,32,1,0
33,57.59,2,24,0,0
57,77.16,6,10,1,0
40,60.36,8,1,0,0
19,77.16,4,28,1,0
13,113.76,5,12,0,0
23,44.97,9,17,0,0
6,46.85,2,20,0,0
13,52.73,2,2,0,0
47,63.26,2,16,1,0
35,95.89,3,6,1,0
24,97.41,4,36,0,0
42,50.15,7,18,1,0
25,49.8,5,10,0,0
17,83.9,4,32,1,0
15,24.54,6,11,0,0
59,45.1,3,1,0,0
48,45.65,5,65,0,0
26,25.16,2,7,0,0
18,98.13,4,28,0,0
6,42.88,8,6,0,0
47,87.55,2,29,0,0
47,52.64,3,22,0,0
29,56.15,7,23,0,0
35,41.39,5,46,0,0
46,36.59,6,69,1,0
35,50.12,5,6,0,0
30,56.33,4,3,0,0
16,75.69,3,21,1,0
31,43.82,7,3,0,0
2,68.18,9,13,1,0
35,39.78,5,12,1,1
24,33.79,5,36,1,0
2,59.16,6,7,0,0
45,109.16,8,26,2,0
18,72.17,4,12,1,0
48,38.57,5,30,1,0
10,53.83,4,18,1,0
52,65.91,9,6,2,0
50,41.0,6,4,0,0
1,59.64,5,47,0,0
1,27.11,7,15,0,0
38,19.47,3,8,0,0
52,40.06,5,24,2,0
11,59.7,5,80,1,1
11,97.37,6,57,1,0
39,25.37,5,21,0,0
10,67.96,9,6,0,0
4,46.37,8,26,1,0
60,53.76,8,10,0,0
59,45.08,7,3,0,0
47,32.52,7,1,0,0
7,36.91,8,1,1,0
20,43.47,2,36,1,0
55,44.81,5,4,1,0
60,81.01,2,3,0,0
8,49.62,6,29,0,0
37,75.62,7,20,0,0
53,93.9,8,6,0,0
4,27.91,5,43,0,0
54,43.44,5,42,1,0
2,42.07,4,3,1,0
39,45.88,10,9,0,0
9,46.58,5,74,0,0
13,46.54,7,2,1,0
51,99.1,4,25,0,0
44,66.82,7,20,0,0
53,65.84,2,5,1,0
42,114.45,4,5,0,0
10,22.38,3,39,2,1
5,62.38,5,18,0,0
55,37.75,1,6,1,1
55,45.48,7,18,0,0
45,52.06,5,6,0,0
18,35.02,4,50,0,1
45,34.26,8,13,0,0
51,58.59,6,36,2,0
21,71.72,8,25,0,0
45,33.76,8,2,0,0
49,28.31,5,14,0,0
19,27.07,7,23,1,1
30,63.12,6,37,0,0
43,48.12,3,11,1,0
60,64.66,8,61,0,0
4,127.01,5,3,0,0
25,29.29,7,30,0,0
26,81.01,8,17,0,0
3,72.87,5,4,0,0
24,66.6,2,1,0,0
12,53.11,5,18,0,0
36,38.36,6,21,0,0
47,43.09,5,9,0,0
49,26.31,2,3,0,0
55,39.58,5,18,1,0
54,47.04,4,18,1,0
5,41.24,4,39,1,0
37,76.71,2,5,0,0
6,64.08,6,19,0,1
49,77.94,4,18,0,0
24,61.73,6,21,1,0
30,24.16,3,34,1,0
12,50.72,5,25,0,0
3,45.97,4,21,0,0
15,24.33,6,2,0,0
30,47.47,5,17,2,1
54,43.54,4,2,0,0
39,102.43,7,22,1,0
40,95.32,6,13,1,0
51,40.01,7,49,1,0
37,24.83,3,1,0,0
28,59.42,6,40,2,0
16,69.64,7,17,0,0
21,44.78,1,28,0,0
14,65.2,4,18,0,0
38,34.48,4,12,0,0
2,91.27,5,13,0,0
27,34.83,5,115,0,1
4,33.04,5,39,0,0
33,37.01,3,2,1,0
56,51.45,7,16,0,0
60,29.71,1,32,1,0
32,54.56,8,38,0,0
16,49.47,5,6,0,0
8,75.65,7,27,0,0
54,54.32,6,14,2,0
26,53.63,4,29,1,0
39,30.81,6,1,2,0
49,100.46,5,0,2,1
20,26.64,3,10,0,0
36,49.74,4,28,2,1
23,69.66,4,20,1,0
27,61.22,1,3,0,0
6,60.05,4,6,0,0
38,73.93,5,1,0,0
11,88.03,5,1,0,0
33,64.81,5,9,0,0
57,62.77,2,11,0,0
59,57.33,2,4,0,0
52,33.74,3,6,0,0
56,85.71,6,26,1,0
58,33.4,7,0,0,0
23,67.47,8,73,0,0
41,37.24,3,0,2,0
2,55.62,6,15,1,0
9,46.02,4,26,0,0
3,37.55,4,30,1,0
21,50.1,5,82,1,1
8,42.64,4,27,0,0
40,69.23,5,2,0,0
9,61.67,5,15,2,0
48,79.49,8,10,0,0
39,27.19,7,20,1,0
53,34.0,4,23,0,0
44,40.16,2,9,0,0
11,72.29,1,17,2,0
13,40.2,6,38,0,0
53,49.74,5,31,0,0
41,28.28,3,42,0,0
53,54.85,7,2,1,0
54,68.6,7,23,1,0
49,130.76,5,13,1,0
51,62.51,4,3,1,0
42,96.76,1,8,1,0
55,42.56,7,2,0,0
43,35.18,7,8,1,0
17,71.64,4,0,0,0
23,61.62,4,25,1,0
16,86.52,3,18,0,0
59,53.77,6,49,0,0
46,77.01,8,9,0,0
28,69.8,8,19,3,0
3,56.05,5,26,0,0
49,53.66,7,2,0,0
3,63.29,4,25,1,0
28,28.04,9,21,0,0
42,81.04,4,5,2,0
58,90.92,4,15,0,0
44,44.24,5,48,0,0
46,71.65,6,40,0,1
22,27.3,5,3,0,0
38,42.9,8,7,0,0
41,34.59,2,2,0,0
13,27.61,5,0,0,0
51,41.64,4,3,1,0
44,78.03,5,8,0,0
24,66.87,6,38,1,1
17,63.08,6,11,2,0
22,54.01,7,44,0,0
33,37.77,6,2,1,0
11,65.37,2,11,1,0
42,111.01,5,8,2,0
52,40.41,5,8,0,0
59,106.66,3,1,0,0
43,44.89,5,6,0,0
10,51.93,3,1,0,0
57,48.03,6,38,0,0
49,51.49,5,83,0,1
50,65.15,3,45,1,0
57,30.72,4,11,0,0
2,44.23,3,13,2,0
33,81.49,3,22,0,0
58,37.48,6,2,1,0
46,86.41,5,50,0,1
40,38.4,4,14,1,0
54,46.55,6,7,1,1
59,48.63,7,21,0,0
39,65.32,3,26,2,0
54,80.86,5,5,1,0
37,63.02,7,9,0,1
35,63.06,6,45,0,0
26,36.33,4,10,0,0
31,63.38,3,19,0,0
42,180.17,6,10,1,0
13,64.69,8,15,1,0
43,87.99,4,4,1,0
36,59.88,4,15,0,0
47,64.76,5,48,0,0
26,34.29,5,7,2,0
37,54.77,7,4,1,0
52,33.51,8,1,0,0
53,31.29,7,36,0,0
17,47.93,5,10,0,0
8,57.43,7,24,0,0
9,90.27,6,8,0,0
45,61.26,4,16,0,0
39,51.15,5,22,0,0
18,113.1,2,20,1,0
45,71.18,2,1,0,0
18,28.15,6,39,0,0
39,49.46,6,1,0,0
58,53.79,5,34,1,0
39,39.39,6,32,0,0
30,49.13,8,7,0,0
19,43.36,7,1,1,0
6,43.25,6,11,1,0
40,78.4,5,83,0,1
60,39.5,4,9,1,0
28,65.49,3,10,0,1
13,88.9,2,8,0,1
19,58.95,5,10,0,0
59,42.45,5,9,1,0
59,30.81,5,11,0,0
45,130.47,9,32,1,0
49,77.47,6,46,0,0
39,49.14,5,41,0,0
26,54.17,3,7,1,0
49,27.93,5,15,0,0
10,30.66,5,14,0,0
34,45.9,5,0,0,0
37,48.77,6,4,0,0
11,83.83,4,33,0,1
20,40.27,4,1,0,0
49,52.83,4,15,0,0
37,35.23,4,14,0,0
26,56.73,2,31,0,1
26,66.09,7,24,0,0
24,69.38,3,8,0,0
12,93.53,4,29,0,0
37,26.78,4,10,1,0
56,38.58,7,63,0,1
47,55.31,6,33,0,0
45,69.38,7,7,0,0
6,85.31,4,20,1,0
37,81.55,3,21,0,0
52,34.01,4,10,1,0
47,59.98,4,21,0,0
18,27.65,7,16,0,0
40,51.47,5,22,0,0
8,78.72,1,15,0,0
5,63.62,6,8,1,0
20,70.42,4,7,2,0
40,95.65,3,3,1,0
7,115.96,2,5,0,0
46,33.87,5,29,0,0
30,87.46,9,1,1,0
56,84.48,5,22,1,0
10,47.06,6,5,0,0
17,63.95,3,33,1,1
57,64.94,4,18,1,0
3,40.78,8,12,2,0
2,51.29,3,11,2,0
2,61.21,12,7,0,0
15,50.59,5,15,0,0
43,69.34,4,0,0,0
55,72.21,10,65,2,1
7,64.6,6,27,1,0
32,45.26,2,80,0,0
8,52.9,4,128,0,1
27,41.75,2,1,1,0
18,75.21,5,2,2,0
51,70.47,7,0,1,0
30,60.54,7,43,0,0
30,27.89,7,17,1,0
30,39.02,2,18,3,0
49,52.94,6,31,1,0
22,52.51,4,10,2,0
11,25.2,7,19,0,0
52,47.75,5,21,2,0
50,36.66,3,8,0,0
20,90.73,3,39,0,0
24,61.66,5,31,0,0
22,44.14,8,19,0,0
52,63.75,4,1,1,0
52,63.91,4,25,0,0
56,63.7,4,23,1,0
50,78.36,6,24,0,0
28,70.38,7,34,0,0
54,84.95,6,12,0,0
36,37.0,5,1,0,0
17,49.82,1,5,1,1
32,68.26,5,8,1,0
37,41.63,5,7,1,0
39,81.84,6,55,0,0
49,58.54,4,33,0,0
43,59.87,5,2,1,0
40,62.96,4,23,0,0
17,21.65,5,24,0,0
32,24.77,9,31,1,0
22,60.75,6,8,0,0
10,44.19,5,2,2,0
36,34.46,4,15,0,0
21,56.53,3,3,0,1
21,33.43,3,5,0,0
2,112.59,5,31,0,0
20,61.65,3,12,0,0
47,25.9,1,28,0,0
24,64.1,5,10,1,0
41,38.51,3,6,1,0
3,54.81,5,17,2,0
10,72.76,5,58,0,0
11,95.13,3,31,1,0
57,20.81,9,13,0,0
45,53.83,9,21,1,0
31,99.47,2,30,0,0
1,42.2,4,27,1,0
23,39.48,5,11,0,0
3,73.34,4,33,0,0
53,25.94,3,19,0,0
24,46.79,3,5,0,0
12,29.82,2,12,1,0
55,58.37,6,0,0,0
4,41.63,3,0,0,0
32,65.3,5,35,1,0
34,41.43,4,11,1,0
13,76.12,7,36,0,0
59,58.83,7,46,0,0
36,99.63,7,28,0,0
6,87.35,4,10,2,0
58,65.35,5,59,0,0
1,102.14,4,37,2,0
2,26.13,7,17,0,1
26,71.63,5,5,2,0
17,79.07,4,2,1,0
44,93.17,2,8,1,0
36,57.94,3,2,0,0
19,52.46,8,4,1,0
12,45.39,5,11,0,0
50,77.18,3,8,2,1
6,62.45,3,16,0,0
37,32.13,2,46,0,0
19,48.69,5,14,1,0
48,68.3,4,7,2,0
9,61.61,2,46,0,1
58,82.42,4,23,1,0
12,59.63,1,6,0,0
58,62.32,4,2,4,0
16,44.44,2,11,1,0
55,82.31,6,30,0,0
9,55.02,8,46,1,0
26,63.01,4,13,1,0
24,84.67,7,23,3,0
53,36.3,2,39,0,0
23,89.28,2,11,0,0
37,45.91,7,85,2,1
24,31.87,5,39,1,1
3,104.81,2,12,1,0
33,36.14,6,24,0,0
46,90.76,7,18,1,0
33,69.8,7,12,0,0
17,27.91,6,4,1,0
57,55.24,6,14,1,0
46,41.56,5,55,0,0
42,63.0,3,12,0,0
23,54.57,8,47,0,0
14,69.02,8,30,0,0
25,100.83,1,20,0,0
14,42.55,8,30,0,0
5,57.29,1,8,1,0
17,23.19,6,1,0,0
20,37.3,7,64,0,1
8,52.6,5,3,0,0
24,35.47,4,13,0,0
23,100.15,5,41,1,0
43,99.86,8,14,0,0
39,49.87,3,12,1,0
55,73.18,5,22,1,0
16,81.83,5,0,0,0
51,66.5,4,5,1,0
43,73.79,5,18,0,0
22,55.69,4,22,0,0
13,42.11,6,13,1,0
49,63.65,4,36,0,0
60,54.74,3,64,2,0
44,50.09,3,23,1,0
22,71.03,4,5,1,0
20,67.39,3,0,0,0
1,38.94,3,14,1,0
23,33.9,5,1,1,0
30,35.02,6,52,0,0
24,87.54,6,6,0,0
37,54.86,10,28,0,0
43,39.45,6,50,0,0
38,72.61,5,20,1,0
49,68.67,3,25,1,0
57,48.27,2,24,1,0
57,43.97,3,5,0,0
2,59.97,6,19,0,0
6,34.59,7,25,0,0
23,44.59,7,18,0,0
55,49.26,6,17,1,0
46,17.74,9,10,0,0
12,62.42,4,3,0,0
35,54.39,3,34,0,0
55,39.32,3,12,0,0
3,40.28,5,1,1,0
42,71.37,6,19,0,1
47,59.7,4,29,0,0
49,38.65,2,2,0,0
16,64.24,6,12,0,0
28,113.65,6,28,0,0
35,51.24,3,0,0,0
24,43.44,6,2,0,0
55,87.21,6,2,0,0
29,53.91,4,16,2,0
16,45.49,6,16,1,0
41,120.64,5,40,0,1
38,71.17,6,28,3,1
25,45.87,9,64,3,0
56,64.73,7,24,0,0
14,57.66,4,3,2,0
47,62.43,4,13,0,0
1,54.94,7,11,0,0
59,100.27,6,11,0,0
42,42.25,7,24,0,0
29,28.63,4,23,0,0
36,49.14,8,54,0,0
43,26.37,5,17,0,0
60,75.18,3,4,0,0
48,63.1,2,13,0,0
50,21.18,6,6,1,0
50,32.23,4,70,0,0
57,79.27,2,18,3,0
20,47.88,9,19,1,0
14,58.45,3,17,1,0
1,44.76,7,45,0,0
53,50.04,4,18,0,0
27,75.93,7,4,0,0
37,73.15,4,6,0,0
6,44.8,7,23,0,0
3,34.62,7,8,1,0
46,35.04,5,11,2,0
43,50.1,10,8,0,0
44,56.8,4,9,0,0
3,82.72,6,7,0,0
16,57.79,3,0,0,0
9,57.47,4,9,0,0
6,55.41,3,8,0,0
39,44.39,10,15,0,0
19,37.34,5,8,0,1
47,52.12,4,15,2,0
34,62.02,6,19,0,0
44,52.57,8,51,0,1
13,35.89,3,1,0,0
21,36.81,7,8,0,0
15,33.77,6,8,0,0
45,109.58,4,11,1,0
26,58.93,4,16,1,0
39,54.84,5,6,0,0
19,54.81,4,0,0,0
32,82.92,6,0,0,0
15,134.03,4,14,1,0
11,43.42,4,59,0,1
13,79.35,5,15,1,0
31,50.23,5,13,0,0
12,58.05,6,10,1,0
19,50.02,4,2,0,0
40,58.51,6,7,1,0
30,75.46,3,30,1,0
34,29.77,3,0,2,0
55,72.2,4,10,1,0
43,74.48,7,11,1,0
57,22.04,5,1,1,0
50,49.37,4,1,2,0
55,51.48,6,71,1,0
5,48.49,5,10,2,1
22,50.18,3,37,0,0
35,63.67,5,10,0,0
11,35.54,2,38,0,0
12,70.9,3,5,0,0
43,59.23,2,5,2,0
51,59.2,3,7,1,0
40,54.56,6,2,2,1
26,86.82,6,10,0,0
58,74.62,5,4,0,0
18,59.83,8,63,0,0
52,59.53,7,24,1,0
47,72.61,6,12,1,0
55,45.04,5,11,1,0
54,31.51,5,18,0,0
37,73.51,6,4,0,0
52,36.38,3,20,1,0
54,53.0,6,39,1,0
59,81.71,7,8,2,0
14,22.34,4,15,2,0
44,50.23,7,9,0,0
42,35.48,7,43,0,0
12,50.96,7,6,0,0
10,73.37,5,0,0,0
55,59.98,7,11,0,0
3,35.16,5,7,0,0
15,27.98,5,47,0,0
58,59.53,8,24,0,0
21,28.37,5,12,0,0
3,73.58,6,43,0,0
5,82.13,2,1,0,0
54,85.45,3,9,1,0
42,40.33,6,5,0,0
51,30.84,6,7,0,0
32,89.97,4,43,0,0
44,69.17,4,33,0,0
59,74.0,3,2,0,0
25,74.21,2,2,1,0
1,53.84,4,5,0,0
32,35.17,7,39,1,0
54,66.33,8,38,0,0
3,58.02,4,23,1,0
25,60.94,4,46,1,0
48,145.76,3,44,1,0
40,36.98,4,11,1,0
26,48.47,3,1,1,0
36,29.73,7,11,1,0
29,86.59,3,0,1,0
2,32.79,3,22,0,0
54,39.87,7,14,1,0
17,52.68,6,113,0,1
49,65.96,4,13,0,0
26,56.2,6,13,0,0
3,77.02,2,3,0,0
20,84.72,7,32,0,0
40,72.04,3,30,1,0
2,67.95,5,7,0,0
55,31.25,7,36,0,0
31,108.52,7,7,1,0
38,59.78,5,25,0,0
18,106.87,6,41,2,0
46,64.29,6,1,0,0
51,48.52,5,13,0,0
56,52.81,2,14,1,0
5,54.8,8,10,1,0
13,66.29,6,19,0,0
50,55.69,3,18,0,0
41,60.86,5,23,0,0
49,53.71,7,51,1,0
13,40.62,3,1,1,0
14,51.14,2,10,0,0
60,50.84,4,8,1,0
32,69.05,4,10,0,0
42,60.04,5,25,0,0
20,31.4,5,23,0,0
43,48.46,5,41,0,0
7,53.22,10,7,1,0
13,76.92,3,47,0,0
22,52.74,7,12,0,0
20,66.2,4,6,1,0
48,54.83,5,36,0,0
49,44.14,8,11,1,0
5,91.02,5,9,1,0
32,36.73,7,11,0,0
31,39.93,5,91,0,0
55,40.21,7,22,1,0
3,50.16,5,14,1,0
17,93.56,3,3,0,0
13,70.28,8,69,0,0
58,48.19,3,24,1,0
15,43.73,8,6,0,0
52,62.06,2,0,0,0
9,18.79,4,71,0,1
50,80.74,6,7,0,0
21,49.22,11,11,0,0
30,41.67,2,12,0,0
49,60.6,6,7,0,0
21,51.43,8,13,0,0
59,61.93,7,6,0,0
18,57.65,9,20,0,0
3,71.89,6,33,1,0
27,43.6,6,5,1,0
29,48.02,2,24,0,0
53,36.95,8,31,1,0
49,37.69,4,92,2,0
20,88.8,5,24,0,0
17,88.21,3,23,0,0
26,37.8,7,35,0,0
59,45.45,8,115,0,0
29,34.83,7,1,1,0
27,51.12,5,31,1,0
7,69.63,5,3,1,0
39,41.79,4,10,0,0
55,47.19,4,45,1,0
41,33.83,5,13,0,0
21,30.33,5,29,1,1
23,145.84,3,31,2,0
55,66.85,3,7,0,0
11,52.19,3,3,0,0
7,43.89,7,4,0,0
10,67.23,5,0,1,0
19,93.24,3,23,0,0
58,88.87,5,31,0,0
4,53.24,8,11,1,0
35,33.74,7,27,0,0
20,40.23,3,12,1,0
17,25.65,5,42,1,0
17,87.43,7,24,0,0
4,57.07,8,1,1,0
54,34.53,3,30,0,0
3,79.95,4,72,0,1
29,49.29,9,2,1,0
1,58.58,3,12,1,0
17,54.81,6,20,0,0
14,77.59,4,1,1,0
55,42.88,3,29,1,0
2,46.34,7,16,3,0
55,45.23,4,4,0,0
53,73.1,5,18,2,0
53,55.35,3,20,3,0
11,49.97,3,52,0,0
35,112.06,10,50,0,0
19,32.43,7,12,0,0
6,57.03,5,40,2,1
57,61.82,6,82,1,1
28,88.65,3,9,0,0
24,42.07,5,3,0,0
57,52.08,6,15,1,0
40,85.74,5,7,0,0
25,115.69,3,27,1,0
44,92.99,4,5,0,0
56,68.99,7,38,2,0
57,122.4,4,2,0,0
36,34.89,2,9,3,0
42,109.58,2,22,1,1
24,35.71,6,23,0,0
47,92.86,3,8,2,0
17,23.94,8,4,1,0
31,100.69,10,11,0,0
53,44.48,4,29,1,0
29,54.65,7,1,1,0
53,75.68,1,6,1,0
11,39.09,7,18,0,0
27,80.39,6,15,1,1
1,41.33,2,17,0,0
45,51.4,6,33,0,0
12,123.72,2,2,0,0
11,58.11,6,2,0,1
46,45.08,6,13,4,0
22,39.1,5,1,0,0
8,43.71,3,12,0,0
32,27.22,4,26,1,0
7,17.62,7,7,0,0
54,74.67,2,42,0,0
22,25.44,7,6,0,0
28,74.17,8,25,1,0
52,30.95,4,69,1,0
57,31.39,3,18,0,0
42,41.24,5,3,1,0
16,64.14,9,5,1,0
60,147.22,3,1,0,0
15,57.85,1,7,1,0
39,66.17,4,2,0,0
1,66.57,3,5,0,0
35,95.02,7,4,1,0
56,67.57,6,49,1,1
47,50.67,7,18,0,0
6,34.93,6,37,1,0
7,41.83,3,6,0,1
42,32.19,1,26,0,0
29,146.81,6,4,0,0
15,74.97,5,4,1,0
49,53.39,6,71,0,1
34,39.59,8,37,0,0
9,53.17,6,15,0,0
60,82.4,4,5,1,0
52,91.58,4,30,0,0
35,60.68,2,28,0,0
38,39.84,6,12,0,0
33,41.59,5,68,0,1
43,56.06,4,5,1,0
33,71.15,3,22,1,0
26,26.89,4,34,0,0
3,121.17,3,2,0,0
34,41.96,3,27,0,0
11,71.07,6,148,0,1
43,52.8,3,17,0,0
51,44.69,5,7,2,0
46,55.7,5,17,1,0
16,68.02,3,17,0,0
7,58.8,7,11,0,0
37,114.23,6,2,0,0
45,35.7,5,7,0,0
16,86.04,3,3,0,0
22,73.04,11,15,1,0
25,69.24,3,11,0,0
48,35.37,6,43,1,0
51,58.73,7,11,0,0
17,50.18,7,20,0,0
27,90.46,3,33,0,0
21,56.83,6,41,0,0
33,54.47,4,17,2,1
17,46.93,8,65,1,0
37,52.79,5,28,0,0
26,69.73,5,4,0,0
46,33.89,7,15,1,0
55,52.73,7,13,0,0
38,30.83,6,7,0,0
50,76.91,3,40,0,0
12,87.42,5,6,0,0
3,43.08,3,35,0,0
36,85.84,4,49,1,0
22,109.62,3,5,1,0
11,63.99,7,9,0,0
42,57.33,6,2,0,0
42,112.83,5,12,0,0
45,65.11,7,1,0,0
51,71.29,3,13,0,0
3,72.03,3,2,0,0
29,62.84,3,7,0,0
5,46.65,5,35,1,0
32,17.35,6,29,2,0
27,55.3,4,10,0,0
15,67.79,8,2,1,0
42,57.81,6,19,1,0
57,25.06,6,11,1,0
60,29.65,4,9,0,0
52,46.15,4,0,0,0
3,38.35,4,41,0,0
22,57.66,4,7,0,0
23,90.03,5,29,0,0
11,99.38,7,51,1,1
15,55.84,6,1,0,0
25,72.39,4,8,2,0
41,56.43,3,3,1,0
15,52.6,4,17,0,0
46,50.9,3,1,0,0
53,57.3,2,57,0,0
43,56.58,3,9,1,0
33,34.94,5,4,0,0
32,41.68,7,19,1,0
51,58.72,4,52,0,0
33,33.94,8,1,1,0
4,58.48,4,13,0,0
8,68.49,4,163,0,1
55,68.67,4,51,0,0
4,27.59,4,57,0,1
36,46.81,4,5,0,0
48,105.58,5,24,0,0
12,57.67,9,11,0,0
33,47.26,8,11,1,0
5,38.72,1,29,1,0
14,38.78,6,60,0,0
27,26.1,4,14,4,1
16,107.34,8,29,3,0
52,27.06,4,10,0,0
36,82.89,7,47,1,0
24,83.3,3,9,0,0
12,82.98,7,5,0,0
55,34.89,5,20,0,1
16,33.15,7,23,0,0
56,90.47,5,6,1,0
10,57.9,3,3,2,0
56,53.24,5,15,2,0
49,76.46,6,31,0,0
43,35.69,4,55,0,0
42,86.69,3,2,0,0
15,55.23,9,8,0,0
19,50.34,2,7,0,0
48,36.53,5,2,0,0
38,48.28,3,19,0,0
9,51.58,4,15,0,0
30,46.79,7,24,0,0
4,51.96,7,30,0,0
15,43.4,3,6,0,0
9,37.57,5,24,0,0
60,84.69,2,5,0,0
35,131.42,9,21,0,0
60,109.47,4,2,0,0
57,43.83,6,7,0,0
60,38.31,4,7,0,0
1,75.31,9,24,0,0
39,35.95,8,11,2,0
8,61.44,5,14,1,0
45,34.52,8,18,0,0
46,40.86,3,68,2,1
30,55.19,5,13,0,0
22,32.21,4,10,0,0
10,47.01,6,42,1,0
3,99.04,6,34,0,0
29,58.92,1,25,0,0
29,62.42,4,16,0,0
27,140.29,4,6,0,0
18,60.4,6,3,1,0
20,49.06,8,13,0,0
16,39.62,6,5,1,0
11,119.12,6,7,0,0
50,45.06,4,34,1,0
15,59.5,4,44,0,1
45,89.27,5,29,2,0
8,35.0,2,15,2,0
24,73.71,3,5,0,0
27,46.2,2,5,0,0
27,26.35,4,43,1,1
55,36.7,6,6,0,0
37,97.79,3,2,1,0
55,60.51,4,12,0,0
29,44.12,5,4,1,0
3,49.25,7,7,0,0
46,29.72,3,4,1,0
50,58.61,5,18,0,0
10,36.19,4,42,0,0
14,65.61,6,10,0,0
42,49.76,4,0,1,0
45,48.87,2,6,0,0
29,87.72,4,10,2,0
34,76.7,4,5,2,0
4,60.33,4,6,0,0
27,54.01,6,116,1,1
8,57.62,3,22,0,0
13,45.66,5,16,0,0
55,197.26,3,13,0,0
44,55.63,6,93,0,0
20,49.72,3,6,0,0
23,47.46,6,7,1,0
32,46.54,7,46,0,0
28,50.55,6,3,0,0
42,70.93,7,35,1,0
37,50.54,4,4,0,0
25,64.12,5,6,2,0
12,38.34,4,13,0,0
32,52.92,6,13,1,0
18,57.8,6,9,1,0
43,52.21,5,16,0,0
54,56.96,5,30,1,0
14,97.26,7,16,1,0
22,54.76,7,48,0,0
29,19.11,6,31,0,0
34,57.21,7,5,0,0
23,72.35,3,10,1,0
59,137.5,3,7,0,0
36,36.08,7,9,0,0
30,45.55,9,16,0,0
6,83.0,5,2,1,0
17,37.76,5,54,0,0
48,56.77,11,3,0,0
47,48.44,3,15,0,0
27,80.17,4,26,0,0
22,53.81,3,7,0,1
21,88.47,4,17,0,0
12,97.82,8,8,0,0
1,64.21,1,4,0,0
21,43.37,5,48,0,0
46,88.73,5,10,0,0
11,40.43,5,4,2,0
10,48.57,6,9,0,0
47,48.59,7,1,1,0
55,77.23,8,25,0,0
52,30.62,6,15,0,0
36,66.72,7,11,0,0
13,57.07,4,3,1,0
41,76.92,4,10,0,0
51,37.04,3,21,1,0
7,30.92,3,5,0,1
32,21.35,3,25,0,0
42,93.26,4,7,0,0
58,94.08,2,9,1,0
5,118.23,6,2,0,0
16,52.66,6,10,1,0
32,50.87,5,33,1,0
45,72.48,7,7,1,0
38,73.65,5,50,0,1
4,30.25,6,3,0,0
44,52.64,6,28,0,0
57,58.38,7,4,0,0
56,67.36,9,5,0,0
34,58.51,3,8,1,0
35,29.88,5,1,0,0
55,71.29,3,9,0,0
8,40.72,7,10,1,0
34,48.31,4,96,0,0
4,29.22,3,2,0,0
55,39.52,4,60,2,0
37,54.53,5,10,0,0
40,50.17,6,38,1,0
14,39.69,6,5,0,0
43,85.13,3,1,0,0
33,119.96,3,31,0,0
39,59.08,8,8,0,0
46,21.88,5,16,0,0
21,40.23,7,47,1,0
47,72.74,8,40,2,0
29,58.12,4,17,0,0
25,50.8,4,27,1,0
56,72.61,5,4,1,0
13,60.08,5,7,0,0
2,91.59,6,9,1,0
35,42.21,2,48,0,1
2,64.45,4,6,0,0
19,37.78,8,54,0,1
25,29.54,6,65,0,0
35,29.07,1,13,1,0
39,36.2,8,5,0,0
42,88.04,6,13,0,0
11,19.45,4,26,3,0
48,26.25,3,19,0,0
23,49.88,4,1,0,0
32,59.28,3,20,1,0
41,57.71,5,28,1,0
44,53.14,3,4,1,0
23,40.75,6,2,1,0
57,77.17,5,9,0,0
10,62.76,6,6,1,0
60,89.13,3,23,0,0
16,60.75,4,20,0,0
55,90.64,11,4,1,0
30,49.88,5,8,1,0
2,39.48,5,16,0,0
5,48.38,5,4,0,0
56,42.66,7,16,1,1
23,93.41,4,12,1,0
9,94.52,2,27,2,0
38,36.81,4,29,2,0
32,51.34,6,13,0,0
16,65.64,4,3,0,0
24,37.24,7,3,2,0
9,37.79,9,68,0,0
42,99.11,9,6,1,0
54,83.56,4,2,0,0
6,32.36,1,38,1,0
24,34.23,2,36,0,0
25,65.86,6,5,1,0
11,95.84,2,2,0,0
55,73.15,8,2,1,0
6,40.5,2,25,1,0
18,44.92,3,17,0,0
4,27.85,4,1,1,0
59,108.71,3,7,0,0
39,28.1,5,33,2,0
17,58.7,6,2,0,0
58,46.8,5,18,1,1
10,100.7,7,57,1,0
21,93.85,4,12,0,0
37,32.18,10,12,0,0
49,45.22,4,0,0,0
37,58.72,4,29,0,0
58,61.64,2,12,2,0
29,40.07,3,13,0,0
53,94.76,3,2,0,1
39,44.72,7,18,0,0
26,72.08,7,25,0,0
59,57.01,5,12,1,0
27,21.86,3,51,1,0
32,126.55,3,48,0,0
48,101.55,5,1,0,0
33,103.27,4,33,2,0
19,72.18,4,3,0,0
55,152.51,6,20,1,0
56,40.11,5,3,0,1
33,37.05,4,39,0,0
14,42.12,3,16,1,0
59,40.49,7,1,0,0
34,71.12,5,19,0,0
14,71.6,4,56,0,0
31,53.62,4,38,0,0
29,47.67,5,40,0,0
31,44.93,4,1,0,0
43,47.5,3,8,0,0
37,61.33,5,77,1,1
8,44.65,4,2,1,0
29,79.2,4,23,0,0
24,46.43,3,25,0,0
46,67.82,9,14,1,0
46,92.32,4,1,2,0
55,72.87,4,20,0,0
18,50.61,5,23,2,0
60,131.29,6,7,0,0
31,83.57,4,18,0,1
22,65.38,5,14,0,1
56,78.33,4,8,1,0
16,64.72,3,27,0,0
32,34.93,3,12,0,0
9,82.7,4,49,1,1
24,29.97,2,11,0,0
6,48.88,3,23,0,0
46,66.0,4,3,0,0
9,29.72,4,1,0,0
41,46.59,4,40,2,0
43,45.64,7,3,2,0
21,68.21,9,9,2,0
4,51.68,1,20,0,0
13,34.34,2,22,0,1
36,136.36,3,19,0,0
56,124.17,6,1,0,0
6,24.3,7,36,1,0
49,56.53,3,1,1,0
4,64.81,7,4,2,0
28,83.56,7,0,0,0
2,51.16,2,32,0,1
9,72.29,7,2,0,0
12,39.82,5,7,2,0
11,74.21,5,29,0,0
59,67.72,6,8,1,0
56,59.85,9,28,1,0
4,57.61,6,10,2,0
16,81.58,7,37,2,0
43,60.38,2,40,0,0
32,67.86,5,1,1,0
1,50.45,3,3,0,0
24,44.48,7,10,0,0
34,73.89,7,11,1,0
29,41.45,3,29,0,0
8,127.42,4,11,0,0
2,90.48,7,33,0,0
3,44.77,6,2,0,0
46,41.48,2,20,1,0
26,48.28,2,3,0,0
57,61.66,5,1,0,0
26,83.11,6,24,1,0
45,83.23,9,2,0,0
2,119.1,3,29,1,0
13,56.54,3,7,0,0
1,51.0,5,52,2,1
39,55.85,6,13,0,0
13,49.05,6,1,0,0
9,41.41,9,8,0,0
52,76.21,7,37,0,0
46,46.31,6,4,0,0
3,55.37,6,55,0,0
15,44.05,8,20,0,0
51,27.95,6,2,0,0
52,70.83,7,2,1,0
16,32.6,10,32,1,0
22,61.51,9,11,0,0
26,28.06,4,5,1,0
31,135.42,1,45,3,0
13,119.61,2,74,1,0
55,29.34,6,19,1,0
48,49.25,8,30,1,0
52,31.43,4,8,0,0
16,35.41,4,78,1,0
15,68.44,5,44,0,0
46,29.51,3,12,0,0
45,78.0,4,65,0,0
16,49.17,5,33,0,0
14,59.9,9,53,0,0
15,43.73,7,41,0,0
6,30.68,3,13,2,1
4,81.54,6,2,0,0
48,66.19,6,4,0,0
7,59.45,6,19,1,0
53,34.37,7,13,1,0
32,72.79,6,7,0,0
51,52.39,3,100,0,0
17,59.79,5,1,0,0
11,77.87,5,6,0,0
1,90.9,4,27,1,0
18,95.05,13,17,0,0
36,54.11,4,3,2,0
14,47.76,2,41,0,0
50,90.39,4,4,0,0
51,53.16,5,105,0,1
40,23.05,2,43,0,1
13,43.46,5,1,0,0
48,47.0,4,27,0,0
20,99.71,5,11,0,0
41,100.22,3,21,1,0
43,27.94,3,18,2,0
3,60.11,7,9,0,0
42,52.3,8,6,0,0
54,45.11,8,9,2,0
26,53.74,4,37,0,0
58,70.17,7,28,1,0
50,51.4,7,8,0,0
48,48.75,1,20,2,0
22,38.53,8,7,0,0
16,111.66,8,39,1,0
1,59.93,8,57,1,0
29,55.94,3,35,1,0
34,53.95,3,4,0,0
36,57.22,8,5,0,0
50,52.44,5,2,0,0
59,47.06,5,34,0,0
18,84.55,3,7,2,0
4,41.97,2,17,0,0
6,102.07,2,1,1,0
5,31.4,3,92,0,1
47,31.49,2,12,0,0
10,50.81,2,17,0,0
54,54.38,2,2,0,0
24,74.35,7,31,1,0
60,62.76,4,17,0,0
27,36.27,6,57,0,1
18,63.96,6,16,0,0
11,99.3,2,6,0,0
23,42.14,5,4,0,0
21,21.59,4,37,0,0
19,19.45,6,53,2,0
30,49.12,7,10,0,0
3,91.51,5,10,0,0
27,36.0,2,25,0,0
4,38.67,6,20,0,0
56,156.36,5,31,0,0
4,40.02,3,10,1,0
22,42.49,5,21,0,0
21,25.56,5,57,0,0
56,41.34,1,15,0,0
56,62.95,6,32,0,0
53,55.61,7,21,1,0
27,53.31,9,29,2,0
47,34.04,6,69,1,0
31,84.96,3,28,1,0
59,20.61,4,21,1,0
37,38.16,5,15,4,0
35,92.09,3,11,0,0
60,87.69,3,36,1,0
15,60.6,4,6,0,0
10,68.94,4,50,0,0
15,35.11,6,2,0,0
41,32.92,1,139,0,1
47,27.13,3,9,1,0
37,63.74,6,17,3,0
12,99.19,3,23,0,0
11,54.77,4,4,0,0
29,52.09,5,24,0,0
24,55.24,7,45,1,0
46,78.24,4,27,1,0
5,92.26,3,11,0,0
10,23.66,5,1,1,0
57,77.64,3,24,0,0
28,63.62,7,25,0,0
15,62.8,7,14,0,0
53,30.99,7,9,1,0
7,71.79,4,31,1,0
20,86.38,7,5,0,0
43,49.12,3,16,0,0
39,55.69,5,21,0,1
9,45.25,6,4,0,0
59,70.7,2,9,2,1
43,41.16,4,12,0,0
34,61.26,5,32,0,1
54,73.17,7,6,0,0
20,32.83,4,7,0,0
49,54.86,6,22,0,0
3,52.85,7,4,0,0
33,61.97,7,12,0,0
3,48.21,8,10,0,0
10,67.12,2,12,0,1
43,36.9,3,4,1,0
53,79.23,6,12,0,0
42,50.8,5,35,0,0
51,74.33,3,55,1,0
28,34.07,4,14,1,0
4,79.04,4,38,0,0
41,106.5,2,6,2,0
7,81.68,6,26,0,0
16,58.37,4,27,1,0
51,49.24,3,1,2,0
51,62.77,4,14,1,0
27,37.88,1,17,0,0
27,67.91,5,30,0,0
51,44.57,7,36,0,0
15,50.07,5,2,0,0
26,54.66,5,6,0,0
59,37.57,6,3,0,0
43,82.15,2,66,1,1
13,89.26,7,11,3,1
7,39.17,7,5,0,0
10,63.44,4,19,0,0
48,76.41,3,11,0,0
49,71.08,5,17,0,0
22,62.92,6,27,0,0
19,37.47,6,12,0,0
37,46.85,3,26,1,0
31,44.65,5,4,0,0
12,75.32,3,18,0,0
56,27.67,4,39,1,0
56,48.16,4,20,1,0
60,54.49,3,30,0,0
3,57.42,5,26,0,0
9,70.37,5,45,3,0
5,27.25,6,26,0,0
1,57.79,6,25,0,0
5,66.17,5,6,0,0
16,35.11,1,10,1,0
30,94.38,7,4,0,0
49,131.62,4,41,0,0
6,52.28,5,36,0,0
46,48.37,6,1,0,0
8,23.63,7,12,0,0
33,50.55,4,82,1,1
24,94.48,2,18,0,0
28,49.01,5,18,0,1
53,48.9,6,37,0,0
56,50.82,4,3,0,0
22,67.76,5,75,0,1
37,51.47,5,17,0,0
32,48.02,6,81,1,0
52,35.49,2,26,0,0
36,36.16,4,11,0,0
17,93.98,2,42,1,1
5,82.94,3,15,3,0
21,33.86,4,12,0,0
20,43.98,4,5,2,0
3,51.17,4,28,0,0
26,38.55,4,8,0,0
10,53.61,5,18,0,0
54,80.75,7,12,1,0
7,31.49,7,13,0,0
3,55.22,3,4,0,0
18,76.91,10,6,0,0
11,41.95,10,20,0,0
29,45.35,4,55,0,0
49,44.79,4,1,1,0
25,42.05,7,25,0,0
23,41.17,2,3,1,0
31,99.61,7,17,0,0
15,35.12,1,8,1,0
10,54.27,7,54,0,1
39,44.36,7,5,0,0
51,60.81,6,19,1,0
13,120.83,3,39,1,0
21,57.08,5,4,0,0
2,72.92,7,8,0,0
50,80.18,5,0,1,0
38,52.38,2,1,0,0
23,167.71,3,51,0,0
35,68.43,5,2,0,0
25,53.23,4,3,2,0
35,26.76,3,7,0,0
23,29.5,4,8,1,0
26,122.69,5,21,0,0
24,36.24,8,9,1,0
15,33.36,5,22,1,0
42,66.05,3,6,1,0
49,52.22,5,18,1,0
26,75.78,4,42,2,0
46,54.28,4,28,0,0
29,41.25,7,0,0,0
25,25.2,1,83,0,1
31,45.33,5,2,0,0
56,21.12,5,9,0,0
60,21.86,5,3,3,0
14,94.14,7,35,2,1
8,38.8,4,3,0,0
6,58.78,5,12,0,0
57,53.34,4,8,2,0
31,69.76,8,15,0,0
40,56.38,4,17,0,0
21,57.5,6,9,0,0
14,58.24,3,14,1,0
18,93.69,6,7,1,1
58,91.83,4,13,0,0
39,32.02,5,23,0,0
19,65.09,4,0,0,0
25,52.96,4,27,0,0
31,14.57,4,47,0,0
14,146.78,11,52,0,0
12,33.12,6,42,0,0
7,45.22,8,21,1,0
16,63.06,6,9,0,0
30,36.39,3,45,1,1
57,70.96,3,4,1,0
49,70.84,7,9,0,0
20,93.92,4,71,0,1
38,37.33,3,1,0,0
46,63.55,2,63,0,0
38,38.83,6,17,1,0
44,33.56,4,14,1,1
27,30.29,8,29,1,0
3,77.84,6,56,1,0
22,49.67,4,62,0,1
7,94.87,5,2,0,1
49,51.8,2,1,0,0
28,114.58,6,45,1,0
6,32.91,4,6,1,0
34,58.0,5,17,1,0
51,43.88,4,14,1,0
52,56.3,4,5,0,0
10,59.58,4,31,0,0
21,88.44,4,44,1,0
33,23.33,4,35,0,0
23,39.8,9,32,0,0
46,96.74,8,11,1,0
5,51.25,4,96,0,1
28,47.81,5,37,0,0
36,27.69,3,8,1,0
27,41.81,5,32,0,0
34,90.86,4,15,1,0
29,184.85,5,16,0,0
55,76.21,7,55,0,0
15,87.54,6,13,1,0
6,73.25,4,35,0,0
7,42.05,5,24,0,0
14,108.67,3,11,1,0
28,55.75,5,4,0,0
35,38.17,2,29,0,0
32,42.98,4,4,0,0
15,80.41,5,4,1,0
10,107.37,6,6,1,0
2,50.7,4,7,1,0
38,64.84,2,18,2,0
52,37.45,7,0,1,0
48,65.51,4,14,1,0
42,83.47,7,5,0,0
24,40.32,6,20,0,0
17,97.76,3,14,0,0
34,35.48,5,3,0,0
16,92.07,8,4,0,0
3,120.76,4,26,0,0
51,60.67,4,0,3,0
8,66.71,3,2,1,0
21,77.65,7,15,2,0
4,84.69,12,13,0,0
50,67.06,5,16,1,0
55,79.54,3,72,0,1
30,98.34,5,15,1,0
28,77.68,5,6,0,0
11,40.55,8,19,0,0
1,87.55,11,17,1,0
20,62.35,1,22,0,0
19,103.02,7,13,1,0
19,58.64,4,9,0,0
30,39.13,7,91,0,1
4,43.41,4,16,1,0
36,64.57,5,10,2,0
22,68.2,5,33,0,0
8,38.28,10,45,0,0
36,112.93,6,3,0,0
25,104.53,6,2,1,0
51,53.76,4,25,0,0
49,64.21,8,15,1,0
60,116.03,3,47,0,0
29,67.95,9,35,0,0
12,32.51,5,5,0,0
29,44.81,5,9,0,0
44,40.29,2,3,0,0
47,40.34,10,19,0,0
38,82.6,3,40,0,1
36,50.74,5,5,0,0
38,61.51,5,12,1,0
1,42.09,3,9,0,0
60,37.63,4,18,0,0
42,47.42,4,46,1,0
11,43.59,7,21,1,0
5,51.13,2,37,0,0
4,49.44,2,50,1,0
50,99.04,4,27,0,0
5,69.9,7,67,2,1
43,81.39,8,4,2,0
47,56.49,6,11,0,0
6,53.72,8,2,0,0
18,50.47,5,4,2,0
14,47.51,3,4,2,0
33,18.49,4,12,0,0
53,94.51,6,26,1,0
51,94.59,3,42,0,0
17,67.38,5,3,0,0
36,58.43,4,47,2,0
53,61.94,8,53,0,0
51,101.07,3,3,0,0
8,31.14,2,53,0,1
19,79.37,4,15,0,0
9,55.98,4,21,0,1
9,55.51,5,20,0,0
31,34.2,9,3,0,0
30,79.23,2,8,0,0
36,22.29,5,22,0,0
39,55.2,8,2,0,0
36,51.69,9,10,0,0
12,108.68,3,37,0,0
24,71.65,8,2,0,0
43,56.31,6,16,1,0
54,24.47,8,1,1,0
35,35.49,5,3,0,0
14,70.25,5,48,0,0
56,58.54,2,3,4,1
10,67.45,10,33,2,0
14,52.03,5,11,1,0
51,31.98,7,27,3,1
54,63.7,7,41,1,0
23,76.66,6,43,0,1
31,54.56,7,5,1,0
7,68.17,6,23,0,0
16,53.81,3,30,0,0
60,67.55,5,5,0,0
59,45.83,7,16,0,0
49,44.61,5,15,0,0
6,80.58,2,6,0,0
54,30.7,2,25,0,0
56,41.26,5,33,0,0
17,45.48,5,4,0,0
28,29.24,3,1,0,0
29,80.23,6,7,0,0
60,99.6,5,2,0,0
6,65.46,6,8,0,0
27,37.92,6,2,1,0
60,43.09,3,4,1,0
35,61.62,6,14,2,0
37,48.95,9,4,1,0
46,75.85,5,5,1,0
59,46.99,5,88,1,1
50,78.7,6,32,2,0
47,56.04,4,25,2,0
1,48.41,3,1,0,0
44,129.55,4,8,1,0
11,50.67,5,0,1,0
12,29.15,6,19,0,0
22,42.81,5,13,0,0
42,45.96,11,19,2,0
28,32.18,6,6,0,0
24,55.83,2,18,0,0
32,40.79,5,14,0,0
9,35.43,2,24,0,1
31,62.27,5,36,0,0
16,111.99,7,80,0,1
40,90.32,3,11,2,0
19,48.62,8,0,2,0
4,61.78,5,12,0,0
41,49.16,4,7,0,0
11,45.91,5,23,0,0
58,60.4,6,27,0,0
27,53.63,4,34,1,0
41,72.83,4,14,0,0
41,55.18,10,5,0,0
15,51.4,4,43,1,0
15,54.87,7,2,1,0
45,42.48,6,8,0,0
29,76.98,5,3,2,0
33,68.22,9,1,0,0
30,68.31,6,8,1,0
47,184.34,6,2,0,0
20,21.96,7,1,0,0
18,133.26,7,17,0,1
7,68.78,5,43,0,0
43,94.07,6,7,0,0
45,44.37,2,22,0,0
4,117.17,3,12,0,0
2,102.27,4,1,1,0
8,55.26,3,65,0,0
2,21.34,5,27,0,0
50,44.0,5,2,0,0
37,61.69,10,3,0,0
53,43.39,6,11,2,0
22,133.06,8,12,0,0
12,29.68,6,22,0,0
6,89.79,3,2,1,0
42,47.85,6,6,1,0
50,51.97,5,4,2,0
38,66.19,6,46,1,1
5,65.13,3,3,0,0
43,27.86,6,33,0,0
10,47.21,9,5,1,0
49,48.8,5,34,1,0
30,59.78,4,1,1,0
13,42.35,4,11,1,0
16,30.91,9,29,2,0
26,57.64,2,0,1,0
15,67.73,2,20,2,0
28,59.69,6,7,0,0
27,65.07,5,91,1,0
21,31.61,7,19,3,0
10,57.31,7,1,3,1
8,97.01,4,1,0,0
20,57.3,4,14,0,0
23,48.28,4,33,0,0
22,49.49,11,8,1,0
26,42.93,3,16,0,0
58,44.87,5,0,0,0
37,44.7,4,39,0,0
41,57.72,3,16,0,0
34,73.04,5,35,0,0
58,41.59,4,7,0,0
14,78.01,1,3,1,0
55,61.65,9,26,1,0
16,72.0,3,72,0,0
17,40.99,6,15,0,0
43,52.19,4,3,0,0
37,51.6,5,14,1,0
53,46.92,5,4,1,0
31,33.15,9,7,1,0
44,91.62,4,3,0,0
51,40.65,3,107,1,1
28,45.74,5,39,0,0
40,44.31,3,56,0,0
38,61.64,6,14,0,0
14,66.44,8,20,1,0
55,36.19,4,8,1,0
56,45.9,4,4,0,0
15,46.91,3,30,0,0
34,92.72,8,6,0,0
22,71.73,5,3,0,0
29,51.39,5,53,0,0
46,118.47,7,61,0,0
1,75.95,4,6,2,0
24,28.54,3,1,1,0
4,26.61,6,20,0,0
1,61.62,5,5,1,0
29,88.64,7,1,2,0
46,31.21,9,21,0,0
23,108.06,6,10,0,0
56,47.36,4,11,0,0
6,62.66,4,19,0,0
23,61.35,2,11,1,0
51,24.38,4,35,0,0
19,86.2,3,19,0,0
18,27.46,6,1,0,0
28,25.53,4,14,1,0
22,52.86,6,5,0,0
53,27.27,7,39,0,0
47,60.49,3,22,1,0
56,35.97,7,2,0,0
9,37.37,7,52,1,0
29,71.16,3,10,0,0
20,75.03,6,16,2,0
1,56.7,5,5,0,0
3,29.35,2,23,0,0
43,41.27,4,72,0,0
31,48.04,4,81,0,0
17,42.96,4,18,0,0
45,54.49,4,39,1,0
39,23.19,2,20,2,0
53,62.82,4,28,3,0
28,45.88,6,31,0,0
58,42.39,5,9,0,0
12,66.34,8,38,1,0
50,66.02,5,19,0,0
18,28.61,3,6,0,0
14,56.11,6,20,1,0
46,60.36,5,19,0,0
22,55.05,4,6,0,0
7,79.34,4,44,0,0
4,45.61,5,68,1,0
17,58.41,4,5,2,1
52,31.65,3,18,0,0
45,49.97,6,2,0,0
25,156.31,7,18,0,0
42,91.26,7,33,0,0
46,108.23,7,23,1,0
4,68.09,2,24,0,0
14,51.95,2,16,0,0
43,68.49,3,1,0,0
1,82.2,5,35,0,1
52,60.99,4,9,0,0
52,130.43,5,8,1,0
21,66.07,4,28,2,1
6,39.7,6,15,0,0
57,36.58,6,8,0,0
35,66.62,6,20,1,0
6,49.33,3,49,0,0
54,152.68,6,42,1,0
38,59.92,3,2,1,0
40,61.13,8,29,1,0
32,61.49,4,44,0,0
11,67.48,2,12,1,0
48,44.39,7,16,0,0
55,43.33,4,6,0,0
51,42.01,2,7,2,0
27,52.61,3,10,0,0
11,36.83,7,14,1,0
25,49.7,4,8,0,0
35,47.31,2,3,0,0
10,73.79,6,2,0,0
25,64.83,3,19,0,0
54,57.67,6,8,1,0
28,78.12,5,18,1,0
45,53.1,4,22,0,0
58,52.01,8,3,2,0
1,17.75,6,22,0,0
19,79.73,6,3,0,0
41,41.93,2,16,1,0
2,48.3,4,59,1,1
51,68.64,3,40,0,0
37,59.64,3,24,5,0
47,29.89,4,2,0,1
52,38.66,5,37,1,0
36,43.35,2,32,0,0
26,105.66,4,36,1,0
49,52.47,6,3,0,0
48,40.02,5,23,2,0
12,68.83,4,4,0,0
38,35.38,5,40,1,0
3,131.56,5,90,0,0
59,41.57,4,4,1,0
51,59.86,7,38,0,0
37,83.22,4,28,0,0
51,30.72,4,1,0,0
39,22.6,2,20,1,0
18,32.81,5,5,0,0
25,79.44,3,6,1,0
48,47.89,9,17,1,0
58,56.05,7,0,0,0
54,94.12,1,9,0,0
36,29.51,3,8,0,0
28,69.59,5,27,1,0
52,105.7,3,68,1,1
36,93.19,2,19,0,0
17,99.53,8,48,2,0
6,54.64,3,15,1,0
34,69.2,8,18,2,0
4,62.67,5,14,0,0
53,64.36,5,1,0,0
34,37.67,4,5,0,0
37,34.76,5,8,0,0
15,35.56,4,32,0,0
28,61.66,4,53,0,1
41,21.2,5,53,1,1
45,50.84,4,0,0,0
24,71.26,2,39,1,0
20,124.87,5,65,0,0
55,53.42,8,2,0,0
43,24.46,2,14,1,0
13,86.63,4,3,0,0
37,75.43,5,26,0,0
3,36.67,6,10,1,0
2,60.33,4,37,0,0
60,127.18,8,124,0,0
50,30.12,7,30,0,0
9,123.61,5,47,0,0
35,61.93,4,20,0,0
32,37.09,2,8,1,0
51,63.3,4,2,1,0
11,41.39,3,4,1,0
4,169.33,5,36,0,0
46,56.13,6,3,0,0
9,80.87,10,24,2,0
35,40.51,4,33,0,0
15,44.97,4,6,1,0
32,29.08,5,5,1,0
7,22.38,5,7,1,0
8,57.17,9,22,1,1
58,44.24,2,1,1,0
7,63.89,9,15,0,0
31,55.67,5,29,0,0
28,46.18,3,63,1,1
15,71.65,4,13,0,0
17,63.63,4,6,0,0
29,60.52,6,20,1,0
60,67.53,4,20,0,0
4,29.67,8,48,0,0
53,48.06,6,30,0,0
46,38.04,7,10,0,0
17,41.13,3,22,0,0
60,38.78,5,42,0,0
2,67.39,2,9,0,0
9,45.16,7,16,0,0
13,33.79,9,5,1,0
36,80.94,4,19,0,0
35,60.91,5,6,2,0
25,38.75,6,46,0,0
43,25.58,5,3,0,0
39,57.55,5,27,0,0
6,44.0,4,11,2,0
45,42.62,3,23,1,0
55,37.71,3,31,0,0
56,66.09,3,10,0,0
40,150.52,5,29,0,0
51,53.22,7,1,0,0
17,45.9,5,8,0,0
55,53.91,8,15,1,0
2,39.61,6,0,0,0
15,75.3,4,8,0,0
58,46.86,7,7,2,0
13,73.39,5,15,1,0
17,66.38,7,56,0,0
36,45.15,3,22,1,0
1,46.54,5,8,1,0
20,37.78,2,32,1,0
45,47.31,5,2,0,0
11,73.06,5,29,1,0
21,56.97,7,34,0,0
41,89.26,4,15,0,0
49,26.42,6,24,1,0
2,39.53,2,20,0,0
52,42.42,5,26,4,0
2,59.18,3,2,1,0
20,97.41,4,3,0,0
56,63.26,7,10,1,0
13,130.24,6,32,1,0
47,41.07,8,2,1,0
38,72.76,5,53,1,0
21,58.21,6,4,0,0
34,94.75,6,33,0,0
50,53.51,4,19,0,0
53,72.94,8,33,0,0
30,85.76,5,28,1,0
4,23.36,8,35,0,0
1,79.5,9,3,0,0
35,73.9,6,48,0,0
60,31.9,5,11,1,0
38,52.06,9,25,0,0
11,61.23,4,6,1,0
39,61.88,3,5,0,0
58,32.99,5,50,0,0
2,94.92,5,7,0,0
36,119.43,3,7,0,0
60,54.62,7,4,1,0
48,26.72,5,36,0,0
50,101.8,5,2,0,0
21,60.68,6,2,1,0
35,30.37,2,2,2,1
55,69.18,6,2,0,0
59,74.38,6,25,2,0
3,77.17,3,5,0,0
19,91.29,2,9,1,1
1,110.0,6,24,0,0
45,58.79,5,15,0,0
58,55.31,1,22,0,0
39,26.78,4,2,0,1
2,61.02,3,15,1,0
5,50.67,4,5,0,0
50,59.03,6,15,0,0
17,29.3,3,14,1,1
15,76.64,4,4,1,1
42,81.58,3,74,0,0
36,39.08,2,1,0,0
58,66.12,5,4,1,0
21,41.6,7,21,2,0
7,23.93,6,22,1,0
44,32.66,8,14,0,0
45,47.55,4,135,2,1
8,52.11,9,1,0,0
27,58.34,6,48,1,0
49,53.43,6,9,0,0
3,72.56,5,29,0,0
12,46.32,4,0,1,0
34,34.26,7,33,0,0
53,49.33,7,41,1,0
5,33.22,5,6,2,0
4,33.29,6,15,2,0
40,48.67,4,11,2,0
54,70.65,2,26,0,0
45,33.63,4,1,0,0
40,29.74,6,12,0,0
25,57.58,5,0,0,0
2,98.62,8,9,1,0
48,48.48,3,2,0,0
39,57.01,3,12,0,0
19,24.68,2,34,0,0
59,87.26,6,13,2,0
40,56.2,11,18,1,0
21,64.46,6,7,2,0
56,45.07,5,15,0,0
56,71.29,4,16,0,0
9,51.2,8,2,2,0
56,72.64,3,69,0,0
45,25.89,7,16,1,0
56,40.75,6,18,2,0
37,57.52,3,49,0,0
48,50.55,5,26,1,0
39,43.88,5,22,1,0
50,62.3,3,4,0,0
9,88.84,2,50,1,0
13,41.9,2,12,1,0
26,92.08,7,0,1,0
50,53.44,5,23,1,0
57,60.32,7,88,0,0
7,54.27,4,44,1,1
13,22.66,4,20,0,0
36,68.46,5,47,0,0
9,49.74,3,23,0,0
49,49.34,6,6,0,0
57,47.44,3,8,0,0
53,58.33,5,1,0,0
13,70.85,8,3,0,0
15,53.45,6,3,0,0
23,65.98,5,6,0,0
37,36.42,3,28,0,0
59,23.4,7,2,1,0
3,40.85,4,12,0,0
15,99.82,5,29,1,1
25,60.66,4,11,0,0
23,62.32,6,15,0,0
5,75.22,7,22,0,0
38,37.82,4,65,2,0
48,57.34,2,7,0,0
4,127.54,6,31,2,0
42,39.16,7,7,0,0
45,109.78,4,16,0,0
49,26.92,9,4,1,0
26,85.1,4,3,0,0
52,119.03,6,4,0,0
51,65.66,4,0,0,0
58,129.57,9,5,1,0
13,68.73,8,32,0,0
47,27.91,3,6,0,0
25,58.41,4,21,0,0
46,34.13,3,4,1,0
47,89.31,3,24,3,1
34,63.19,2,14,2,0
36,39.73,9,3,1,0
28,50.12,3,48,1,0
42,24.41,6,1,1,0
47,107.44,4,9,1,0
17,50.86,3,48,1,0
50,47.19,5,2,0,0
29,54.77,4,17,0,0
31,59.56,3,13,1,0
50,77.17,2,16,0,0
50,47.3,7,53,1,0
48,73.6,6,5,1,0
6,46.98,3,32,2,0
28,61.78,3,10,0,0
34,91.9,6,17,0,0
10,56.69,5,7,1,0
31,76.33,4,6,0,0
48,87.27,8,1,0,0
33,50.72,4,7,0,0
2,36.03,4,13,0,0
6,37.49,7,4,0,0
25,35.31,3,2,0,0
4,45.39,4,45,1,0
60,73.49,5,6,1,0
11,84.66,3,8,1,0
30,68.05,7,27,0,0
23,54.8,5,18,0,0
52,36.85,4,24,0,0
52,69.91,5,21,2,0
47,60.93,3,6,0,0
59,65.56,4,25,0,0
36,61.61,3,9,0,0
18,42.2,4,30,1,0
29,33.98,5,5,1,0
38,33.25,5,13,0,0
3,40.48,3,11,0,0
15,57.94,5,51,0,0
6,81.65,4,16,0,0
21,58.78,3,8,0,0
39,67.26,5,26,2,0
35,76.3,12,0,0,0
2,61.2,8,16,0,0
8,78.43,7,24,0,0
39,73.06,4,23,2,0
50,64.58,3,43,0,0
42,63.0,10,4,0,0
12,46.95,11,6,0,0
18,70.37,6,10,0,0
24,48.82,3,31,0,0
55,29.1,1,1,1,0
45,28.34,8,49,0,0
39,79.66,4,22,1,0
37,67.22,6,8,0,0
13,46.8,6,11,3,0
51,65.11,2,13,1,0
34,42.21,3,36,0,0
40,36.25,6,11,0,0
38,71.0,6,19,0,0
13,43.51,5,8,0,0
37,55.21,1,40,0,0
50,41.89,3,1,0,0
7,39.98,3,4,1,1
21,122.2,4,6,0,0
29,84.99,7,17,2,0
54,120.97,1,47,0,0
30,51.5,4,8,0,0
14,33.85,4,8,0,0
30,41.42,2,43,0,0
42,36.85,3,4,0,0
53,44.77,6,1,0,0
34,55.05,5,10,0,0
40,87.79,9,25,1,0
48,110.09,5,1,2,0
50,45.36,10,31,1,0
53,26.25,3,22,1,0
37,35.38,6,43,2,0
45,56.05,6,70,2,1
35,15.81,7,28,1,0
48,39.85,6,1,0,0
47,34.73,5,13,1,0
55,38.25,7,33,0,0
53,73.45,6,3,0,0
57,105.67,9,4,0,0
45,59.54,4,13,0,0
51,23.59,6,25,0,0
10,30.12,3,22,0,0
52,89.77,3,43,0,0
8,82.49,6,38,0,0
41,68.57,5,37,0,0
58,43.52,8,53,0,0
60,42.84,5,20,0,0
43,58.7,6,12,1,0
55,130.23,1,1,2,0
31,45.7,4,24,2,0
44,44.04,2,3,0,0
52,55.17,2,28,1,0
2,30.67,6,7,0,0
9,66.64,6,10,2,0
5,55.05,5,8,1,0
34,34.13,6,86,1,0
14,33.61,3,3,0,0
13,47.32,6,21,0,0
57,53.09,7,15,1,0
32,65.18,3,1,0,0
57,48.78,2,41,0,0
57,33.94,6,13,0,0
49,72.6,8,10,0,0
46,77.64,4,1,1,0
14,54.92,4,17,0,0
51,50.42,3,70,0,1
39,36.08,5,77,2,1
49,61.32,4,15,2,0
21,28.11,2,3,0,0
14,37.53,7,45,2,0
39,61.33,6,4,0,0
19,68.85,6,92,0,0
12,45.83,2,63,0,1
13,44.94,1,14,0,0
26,49.99,3,2,2,1
57,24.47,7,13,1,0
2,51.13,4,3,0,0
36,58.79,4,37,2,0
13,39.38,4,1,0,0
35,24.52,7,1,0,0
12,37.14,5,32,0,0
16,51.06,6,16,2,0
57,63.12,7,5,0,0
8,72.74,5,33,0,0
32,59.9,6,4,0,0
32,63.3,5,7,0,0
9,82.23,5,4,0,0
51,87.36,4,26,2,0
18,50.24,9,18,0,0
17,30.18,7,24,0,0
20,39.27,8,191,0,1
34,44.5,6,13,0,0
31,50.46,2,24,0,0
11,51.6,3,76,0,1
26,83.04,4,9,0,0
19,63.68,4,87,0,0
18,45.5,4,13,0,0
46,28.97,3,5,1,0
7,113.28,3,25,0,0
26,116.85,9,1,3,0
1,69.33,6,1,1,0
24,48.79,5,52,0,0
46,31.32,5,3,1,0
11,50.86,6,3,0,0
12,29.67,6,6,0,0
36,45.57,10,1,0,0
22,48.64,2,15,1,0
59,38.08,8,14,0,0
27,74.25,7,41,0,0
14,38.05,10,42,0,0
24,47.83,5,11,1,0
18,119.63,4,48,1,1
49,66.78,3,21,0,0
44,81.58,5,16,0,0
1,43.34,3,3,1,0
55,34.67,6,19,0,0
52,55.97,6,63,1,1
29,41.94,4,42,0,0
30,69.16,4,3,0,1
44,57.34,4,1,0,0
43,96.94,6,8,0,0
7,55.52,9,25,1,1
17,70.11,7,128,1,1
27,81.66,5,60,0,0
5,67.49,7,0,0,0
4,52.37,6,9,1,1
16,99.23,6,13,0,0
30,94.0,4,5,3,0
4,40.99,4,6,0,0
33,118.16,3,47,1,0
57,37.14,5,19,1,0
18,54.6,3,11,0,0
31,51.44,4,85,0,0
29,69.06,4,3,0,0
14,48.82,3,28,0,0
21,67.83,5,38,0,0
6,39.29,8,15,0,0
54,21.84,8,52,1,1
17,56.37,3,15,0,0
53,27.84,7,0,1,0
40,59.48,5,7,1,0
24,41.96,6,27,0,0
48,39.52,4,48,0,1
4,50.51,5,14,0,0
12,56.15,2,9,0,0
14,60.35,5,18,0,0
46,22.89,3,22,2,0
15,39.05,1,19,1,0
30,72.89,7,1,0,0
46,55.45,9,7,0,0
36,81.76,6,36,1,0
57,184.29,9,9,1,0
38,70.51,8,1,0,0
56,64.58,4,37,1,0
11,65.21,2,11,2,0
50,38.28,3,17,2,0
19,68.18,6,56,1,0
39,51.21,5,23,0,0
11,61.11,4,16,1,0
18,46.63,6,37,0,1
51,84.64,8,4,1,0
53,44.16,5,2,0,0
42,38.4,5,4,0,0
51,35.3,5,4,2,0
45,54.56,5,10,0,0
25,36.65,8,12,0,0
25,71.53,2,9,0,0
25,50.37,3,1,1,0
39,66.32,3,50,0,0
17,55.26,7,5,1,0
49,88.79,3,1,1,0
49,53.97,4,5,3,0
5,39.97,5,1,1,0
25,48.0,3,12,0,0
22,75.07,8,12,0,0
46,33.56,5,14,0,0
14,70.25,4,2,1,0
25,66.05,2,2,1,0
3,51.41,3,2,0,0
23,41.98,6,15,0,0
51,57.15,6,1,0,0
13,79.11,8,3,1,0
18,40.1,3,3,0,0
30,68.91,5,5,0,0
11,82.67,1,35,0,0
42,64.08,6,6,1,0
41,62.21,3,36,0,0
47,78.3,5,22,0,0
2,54.27,4,4,0,0
16,41.89,3,3,0,0
27,99.08,6,77,2,0
36,94.06,5,44,0,0
14,54.53,3,18,0,0
29,57.15,2,6,1,0
39,111.57,2,1,0,0
34,32.76,6,29,2,1
60,51.66,3,7,1,0
5,44.37,3,14,0,0
58,63.59,5,4,1,0
44,46.19,1,3,1,0
43,102.29,3,2,0,0
6,48.71,4,3,0,0
14,42.08,7,8,0,0
49,38.09,4,11,0,0
45,56.05,5,19,1,0
7,29.26,1,7,1,0
45,69.3,4,4,0,0
17,100.97,6,2,0,0
59,34.01,4,9,0,0
45,61.25,3,46,2,0
35,49.48,4,6,0,0
44,40.5,3,2,0,0
33,35.33,6,4,0,0
59,63.81,6,1,0,0
45,46.31,3,13,1,1
35,34.46,3,25,1,0
46,78.41,6,15,0,0
3,55.21,4,22,0,0
38,70.64,4,4,0,0
50,107.61,6,26,1,0
8,65.32,3,20,0,0
31,54.39,3,11,0,0
14,46.33,9,40,0,0
49,68.3,4,8,0,0
33,77.44,4,1,0,0
50,91.99,6,36,1,0
22,26.65,1,5,0,0
53,67.9,4,5,0,0
31,69.08,3,1,0,0
56,131.41,3,15,1,0
59,66.14,5,11,1,0
42,37.0,3,26,0,0
16,51.02,8,11,1,0
5,60.59,8,40,1,0
50,43.03,6,3,0,0
35,29.38,3,25,0,0
48,68.12,4,14,1,0
6,23.22,5,3,1,0
33,41.03,3,10,0,0
52,71.41,4,5,0,0
60,56.19,3,7,0,0
32,37.56,2,41,1,0
20,62.85,9,12,0,0
49,47.7,5,3,2,1
15,81.1,4,31,0,0
10,20.88,2,39,0,0
49,84.81,5,8,0,0
27,43.37,4,1,0,0
13,39.31,6,25,0,0
19,36.11,5,53,1,1
41,65.14,7,3,0,0
17,72.69,1,25,1,0
32,87.18,5,14,1,0
11,57.75,8,26,1,1
22,104.4,4,37,0,0
42,74.96,7,3,0,0
6,40.07,2,77,1,1
5,42.56,10,8,2,0
10,98.12,5,5,0,0
33,45.85,7,22,2,0
51,44.45,6,11,0,0
57,78.2,4,0,0,0
1,79.33,4,3,1,0
26,59.27,5,18,0,0
34,66.0,4,31,0,0
34,37.95,5,32,0,0
11,30.03,5,1,0,0
29,41.76,4,4,2,0
48,73.43,3,21,2,0
26,46.9,6,18,1,0
49,92.37,6,8,1,1
33,54.1,5,17,0,1
31,31.66,3,10,0,0
10,36.73,6,24,1,0
18,33.56,6,13,0,0
22,61.28,3,14,1,0
8,68.17,2,13,1,0
17,69.98,5,10,0,1
9,38.27,3,32,0,0
5,75.81,5,27,0,0
29,86.56,3,110,0,1
45,48.77,7,13,0,0
13,62.5,4,12,1,0
34,40.99,4,86,2,0
5,57.97,4,14,1,0
16,65.63,5,29,0,1
43,66.28,5,1,0,1
14,29.69,5,27,1,0
29,45.67,5,15,0,0
10,64.16,4,4,0,0
5,59.69,7,27,0,1
12,68.1,7,32,2,0
14,57.01,3,14,0,0
5,35.41,6,47,1,0
7,96.67,7,16,0,0
4,71.66,5,9,1,0
49,36.15,3,9,2,0
12,60.34,5,46,0,0
43,62.9,6,33,1,0
20,42.24,6,29,0,0
29,41.91,4,8,0,0
25,58.68,4,13,0,0
40,17.8,1,13,0,0
32,68.93,7,6,1,0
46,50.78,5,7,0,0
34,60.56,6,4,0,0
35,113.29,2,27,0,0
54,59.25,5,6,1,0
8,43.49,2,37,1,0
37,30.09,8,3,0,0
15,65.51,7,8,2,0
41,35.65,4,15,1,0
15,39.32,9,17,1,0
25,79.43,3,17,0,0
15,58.59,5,68,0,0
33,36.9,5,2,0,0
8,51.98,8,18,0,0
16,58.34,8,9,0,0
36,52.51,11,12,0,0
49,43.68,7,0,2,0
10,56.82,6,15,1,1
56,68.35,4,45,0,0
28,57.51,7,10,0,0
58,65.54,8,13,2,0
45,69.42,7,29,1,0
56,36.88,5,44,0,0
42,58.19,5,25,0,0
51,37.69,5,1,2,0
43,78.07,5,3,0,0
52,82.0,5,10,0,0
7,54.24,7,10,0,0
48,52.13,4,5,1,0
37,69.34,5,10,0,0
36,60.97,3,15,0,0
16,71.46,2,30,2,0
3,29.03,6,26,0,0
14,65.67,3,33,1,1
15,40.13,5,2,0,0
22,59.93,5,27,1,0
41,71.28,5,2,2,0
51,65.47,3,67,0,0
26,27.04,7,5,1,0
10,44.21,2,22,0,0
42,67.2,7,17,1,0
25,45.93,6,21,0,0
58,43.49,6,14,0,0
24,93.87,4,43,0,1
56,40.28,6,4,1,0
30,83.46,8,12,2,0
14,30.62,2,16,0,0
15,53.62,4,57,1,0
33,44.14,5,8,2,0
15,88.05,11,12,1,0
33,57.9,2,1,1,0
51,67.51,6,2,0,0
8,31.99,7,99,0,0
19,93.84,7,3,0,0
33,56.5,4,18,0,0
51,81.04,7,19,1,0
45,33.94,4,8,0,0
27,95.12,5,13,0,0
34,50.78,6,4,0,0
8,53.96,8,37,0,0
38,106.13,6,8,1,0
54,72.19,5,21,2,0
38,48.28,5,1,0,0
60,32.33,4,4,1,0
12,75.19,3,34,1,0
26,31.32,4,15,1,0
60,54.05,4,47,0,0
25,22.75,8,17,1,1
55,32.02,3,0,1,0
13,86.4,4,10,2,1
57,103.16,5,29,0,0
2,118.84,5,2,0,0
28,66.16,4,67,1,0
9,49.29,5,18,0,0
26,38.34,6,6,1,0
47,41.77,5,2,1,0
18,53.39,7,42,0,0
16,28.46,6,3,2,0
7,66.48,7,17,1,0
57,77.43,5,20,0,0
57,25.95,4,14,0,0
9,69.33,6,16,3,0
4,44.26,4,8,1,0
43,58.61,4,11,1,0
20,90.77,1,7,0,0
34,91.93,6,3,1,0
1,72.24,3,26,0,0
19,63.37,4,41,0,0
31,26.27,4,12,1,0
8,57.09,6,58,0,0
55,41.84,3,7,1,0
32,42.47,9,16,0,0
21,68.88,6,6,1,0
48,60.93,5,16,1,0
45,37.13,7,3,0,0
50,65.31,5,1,0,0
37,36.14,5,3,0,0
12,124.98,5,4,2,0
24,74.37,7,20,0,0
32,49.8,6,10,1,0
44,31.81,4,5,3,0
20,34.57,5,24,1,0
20,51.79,6,29,1,0
30,45.4,5,0,2,0
3,67.8,8,6,2,0
18,18.86,5,8,0,0
9,40.17,8,1,0,0
2,174.41,4,2,1,0
8,131.73,4,1,1,0
50,70.6,3,3,0,0
4,83.95,4,6,0,0
52,62.43,5,9,0,0
6,16.79,4,26,2,0
33,79.4,2,9,0,0
31,115.35,5,11,0,0
24,54.2,5,7,0,0
60,37.79,2,21,0,0
5,63.4,9,1,0,0
58,59.73,4,1,0,0
20,90.56,9,4,1,0
43,65.44,1,5,0,0
4,55.36,5,19,1,0
42,113.3,6,5,2,0
10,81.45,5,29,0,0
7,46.35,8,6,0,0
7,33.07,4,13,0,0
31,60.68,3,4,1,0
41,86.2,3,0,1,0
16,52.3,3,30,1,0
29,71.25,3,3,0,1
20,36.92,3,10,1,0
3,55.32,7,24,0,0
49,63.23,10,2,1,0
34,46.66,4,2,0,0
32,54.63,7,28,0,0
18,43.36,6,3,1,0
10,70.71,6,10,0,0
33,39.34,6,49,0,0
7,24.93,3,5,0,0
31,59.83,11,10,3,0
17,33.44,4,1,0,0
21,39.36,3,16,0,0
47,48.32,5,25,0,1
33,25.43,3,11,1,1
23,31.37,5,79,0,0
26,75.2,5,59,2,0
43,42.38,6,15,2,0
4,131.5,8,21,0,0
27,67.7,5,18,0,0
13,83.88,2,7,1,0
36,62.76,6,1,1,0
41,40.86,5,36,2,0
2,57.25,2,3,3,0
43,46.74,5,20,3,0
40,113.68,5,3,2,0
47,35.86,4,2,0,0
19,53.13,6,37,0,0
34,52.59,4,19,0,0
5,77.72,3,20,1,0
18,77.27,6,4,0,0
33,86.1,6,28,0,1
27,51.19,5,15,1,0
53,159.88,8,8,1,0
31,136.32,5,6,0,0
51,33.17,5,22,1,0
31,27.51,6,5,0,0
50,51.85,8,65,0,0
59,65.55,3,32,0,0
2,78.07,6,11,2,0
14,91.31,2,11,1,0
32,54.09,7,21,2,0
4,57.65,4,1,1,0
30,28.81,5,88,0,1
26,40.34,6,8,2,0
11,62.42,3,1,1,0
15,55.07,7,28,0,0
39,35.57,5,33,0,0
53,53.34,8,18,0,0
52,67.1,3,24,0,0
29,38.94,4,27,3,0
24,60.3,3,44,0,0
47,48.69,2,8,0,0
31,95.85,4,38,1,0
37,82.39,7,18,0,0
43,15.89,5,128,1,1
41,77.97,3,13,0,1
33,47.69,9,12,0,0
20,40.04,6,16,0,0
59,47.56,4,17,1,0
24,55.54,5,7,0,0
4,59.36,3,5,2,0
57,53.19,6,8,0,0
28,38.13,4,12,0,0
47,55.76,3,29,0,0
17,64.73,5,18,1,0
12,63.18,4,9,0,0
46,79.95,3,13,0,0
44,85.07,3,13,2,0
31,170.99,4,46,0,1
41,49.39,6,3,2,0
1,132.95,7,171,0,1
37,106.15,3,39,1,0
46,39.58,8,2,0,0
1,45.45,6,5,0,0
50,35.46,7,2,0,0
20,36.19,6,14,0,0
51,51.45,8,17,0,0
44,27.38,2,15,1,0
6,23.75,9,38,0,0
14,61.91,5,40,1,1
60,41.0,3,1,1,0
21,102.47,3,20,0,0
29,34.88,4,12,1,0
19,50.53,5,28,1,0
24,27.96,6,11,0,0
32,67.14,3,14,0,0
5,31.26,3,6,0,0
48,69.61,2,45,2,1
20,43.57,9,31,2,0
54,105.86,4,67,1,0
33,67.67,4,8,1,0
44,99.92,2,43,1,0
41,35.42,3,22,1,0
58,79.09,5,48,3,1
2,41.18,4,5,1,0
21,83.93,4,48,1,0
39,125.89,4,9,0,0
15,58.03,4,12,0,0
51,60.56,5,22,2,0
10,51.91,4,39,1,0
4,30.03,3,3,1,0
30,32.54,7,26,0,0
10,51.37,4,17,0,0
30,30.83,6,15,1,0
11,80.02,6,6,0,0
20,82.78,2,1,1,0
57,102.87,3,17,0,0
52,49.13,3,41,2,0
26,57.27,2,37,1,0
44,104.66,3,10,0,0
60,42.2,2,29,1,0
44,51.12,2,44,1,0
59,44.45,4,30,0,0
56,39.35,7,10,0,0
50,46.69,5,3,0,0
17,45.19,8,12,0,0
19,49.23,6,33,0,0
39,74.43,6,21,1,0
49,42.27,6,19,0,0
33,56.35,3,34,2,1
4,105.39,9,7,0,0
15,98.87,6,21,1,0
50,34.71,7,3,0,0
6,37.32,6,1,0,0
30,53.64,6,8,0,0
39,44.48,3,27,1,0
12,46.35,6,22,0,1
11,67.53,3,1,0,0
27,91.06,5,25,0,0
31,27.6,3,33,0,0
50,53.71,5,1,0,0
7,74.83,9,12,2,0
25,38.42,5,15,1,0
36,54.42,4,6,1,0
31,48.28,5,34,0,0
33,33.07,2,7,0,0
29,16.88,9,4,0,0
40,54.55,4,24,1,0
2,45.94,4,23,0,0
35,44.86,5,34,1,0
55,32.44,5,10,0,0
23,75.63,9,1,0,0
11,43.68,3,1,1,0
25,38.55,6,101,1,1
29,56.65,5,39,2,0
14,71.68,2,15,1,0
57,58.51,5,0,0,0
6,76.31,6,8,0,0
38,57.67,8,7,0,0
37,130.19,4,25,0,0
32,81.41,5,9,1,0
43,54.8,5,21,2,0
48,40.21,4,35,1,1
40,32.36,4,49,1,0
7,56.87,3,11,0,0
35,45.9,7,5,0,0
5,77.12,3,10,2,0
13,40.87,3,3,0,0
34,59.25,5,13,1,0
19,52.69,3,15,1,0
5,55.78,3,30,2,1
27,56.9,4,45,0,0
8,75.25,6,17,2,0
17,58.67,5,0,1,0
34,46.45,1,14,0,1
47,32.03,3,42,2,0
44,73.43,3,24,0,0
16,43.6,3,15,0,0
22,49.08,8,6,1,0
40,45.68,6,7,1,0
48,35.3,9,12,0,0
33,38.07,6,10,0,0
7,51.84,5,22,0,0
53,46.21,8,1,0,0
42,36.7,9,23,0,0
15,68.01,4,27,2,1
21,80.24,6,5,0,0
21,62.42,5,46,1,1
27,57.8,4,61,0,0
27,20.05,7,3,1,0
48,44.09,5,16,0,0
47,74.99,5,9,0,0
49,52.32,4,49,0,0
1,61.52,4,5,1,0
16,76.26,4,20,0,0
44,82.81,5,32,0,0
41,67.42,7,4,2,0
60,93.74,2,18,1,0
17,42.8,2,20,0,0
34,56.43,2,7,0,1
7,50.02,4,34,0,0
47,32.02,6,6,0,0
50,47.75,7,38,0,0
13,52.96,6,5,2,0
36,59.73,4,10,0,0
51,75.16,5,2,0,0
39,35.13,3,5,1,0
21,140.24,8,5,0,0
41,33.58,6,11,0,0
33,56.3,4,31,0,0
49,46.06,3,11,1,0
59,29.98,2,3,0,0
51,70.21,2,3,1,0
42,57.48,3,12,0,0
8,78.94,7,11,0,0
16,26.2,7,22,0,0
1,29.65,8,4,2,0
30,47.04,7,18,2,0
29,87.21,3,9,1,0
19,60.77,2,7,2,1
35,43.15,7,3,1,0
39,60.25,8,3,0,0
14,77.01,4,3,1,0
60,60.16,3,21,0,0
6,52.09,6,22,0,0
25,45.39,6,33,0,0
10,47.67,4,9,0,0
38,47.54,4,8,0,0
52,80.9,9,83,1,0
57,30.26,9,41,0,0
13,59.16,4,3,1,0
44,65.91,4,6,0,0
32,51.96,4,23,0,0
13,78.59,5,41,0,0
28,56.78,5,8,0,0
29,66.54,2,48,1,0
49,49.46,1,19,0,0
53,113.77,6,17,1,0
27,32.56,4,10,1,0
17,33.25,3,3,2,0
12,27.97,5,124,0,1
46,106.73,10,31,1,0
20,78.67,6,28,0,0
6,83.47,2,33,1,0
44,24.47,5,12,0,0
21,90.7,5,21,1,0
44,56.2,6,15,0,0
7,45.76,2,15,0,0
22,59.45,6,24,0,0
33,71.57,9,19,1,0
51,18.58,3,29,1,0
53,66.24,8,46,0,0
50,76.98,6,20,0,0
8,36.65,4,33,1,0
33,100.71,3,0,1,0
35,51.86,4,5,1,0
37,34.72,4,27,0,0
4,82.78,2,18,0,0
20,105.0,2,6,0,0
56,46.83,5,20,2,0
31,58.46,4,13,0,0
40,133.64,8,4,0,0
30,42.98,6,11,0,0
24,33.13,2,13,0,0
50,32.97,5,16,0,0
58,19.93,5,26,0,0
40,26.25,4,1,1,0
52,61.82,4,5,1,0
38,101.25,8,59,1,1
31,90.33,6,1,1,0
27,59.25,8,9,1,0
31,61.56,4,2,0,0
43,98.54,7,8,0,0
40,26.77,3,2,0,0
37,52.44,9,4,0,0
28,37.05,3,35,0,0
27,49.41,5,98,3,1
8,22.85,5,10,0,0
17,80.02,10,29,0,1
51,71.22,4,40,1,0
53,103.15,3,16,0,0
35,49.21,3,100,1,1
32,67.19,7,13,0,0
45,80.6,4,29,2,1
47,27.33,8,13,0,0
34,54.19,2,8,0,0
22,66.07,5,1,0,0
7,28.12,4,9,0,0
11,61.74,5,41,0,0
2,55.88,6,34,1,0
31,74.07,8,16,0,0
29,82.24,5,21,0,0
46,44.94,5,10,0,0
55,49.55,5,5,0,0
9,35.67,8,1,1,0
37,61.87,3,25,0,0
56,36.98,7,24,0,0
11,48.46,8,67,1,1
58,103.55,4,39,1,0
20,46.07,5,8,1,0
28,51.36,4,59,2,0
47,49.35,6,6,1,0
3,47.93,4,53,0,1
7,39.71,7,15,0,0
21,17.6,7,5,0,0
12,36.96,4,17,3,0
17,22.84,6,27,1,0
7,87.49,4,48,0,0
52,30.04,5,8,1,0
52,35.3,3,9,0,0
50,48.91,4,7,0,0
53,131.55,4,77,0,0
60,52.6,4,12,0,0
5,52.57,7,31,3,0
37,22.14,5,8,1,0
59,137.73,1,63,1,0
37,83.46,5,20,0,0
4,55.95,3,23,0,0
43,84.27,3,8,0,0
9,23.37,5,15,1,0
7,86.89,6,6,0,0
60,29.58,4,45,0,0
33,44.71,3,12,1,0
46,85.83,4,56,0,0
4,163.62,2,8,2,0
49,61.36,6,3,0,0
42,132.71,5,13,0,0
55,75.7,4,1,2,0
41,44.04,5,26,1,0
58,62.1,1,21,4,0
31,117.96,4,55,0,0
4,28.57,5,33,0,1
50,52.73,4,1,1,0
22,110.33,6,25,0,0
9,47.91,6,11,0,0
21,54.6,4,0,0,0
45,36.01,2,33,0,0
4,78.23,4,23,0,0
58,55.12,3,4,2,0
7,120.98,3,13,1,0
30,31.68,4,2,0,0
7,39.68,3,4,0,0
51,103.38,7,11,1,0
49,90.32,2,6,0,0
31,35.04,8,15,0,0
47,150.43,5,34,0,0
10,83.81,8,18,0,0
38,67.14,6,31,0,0
1,41.7,8,0,0,0
5,78.54,6,16,0,0
23,94.81,5,17,1,0
2,44.37,3,17,0,0
18,21.02,5,6,0,0
32,131.34,6,22,0,0
9,94.96,7,19,0,0
48,58.93,6,16,1,0
21,33.03,4,12,0,0
56,79.38,8,28,3,0
9,50.36,4,46,0,0
7,34.81,6,3,0,0
12,27.81,4,12,0,0
60,78.56,5,0,1,0
43,89.59,6,21,0,0
44,114.72,1,18,0,0
60,59.72,12,2,1,0
24,58.1,5,8,0,0
8,67.16,7,19,0,0
17,59.97,6,4,1,0
7,43.12,5,10,0,0
26,34.91,6,7,2,0
42,53.77,4,15,2,0
17,104.84,5,2,1,0
44,72.69,6,42,0,0
9,41.3,6,31,0,0
24,52.69,4,22,0,0
57,47.8,2,5,0,0
22,69.53,7,31,2,0
50,60.49,4,23,0,0
48,71.8,2,2,0,0
18,61.32,3,77,0,0
55,39.27,4,131,1,1
58,83.55,8,7,2,0
34,115.77,3,31,0,1
47,45.5,7,5,0,0
10,37.84,6,26,0,0
54,65.55,4,1,0,0
21,98.36,3,6,0,0
8,61.1,3,24,0,0
58,69.68,6,12,0,0
40,28.51,5,6,0,0
45,43.78,1,15,0,0
18,73.64,5,3,0,0
15,37.6,2,23,0,0
25,52.33,4,6,0,0
40,52.66,11,41,0,0
32,39.67,4,12,0,0
19,68.36,6,5,1,0
14,73.79,2,16,1,0
8,93.14,5,5,1,0
53,76.13,7,11,1,0
58,42.37,4,9,0,0
40,68.19,4,14,0,0
39,58.26,7,3,0,0
18,79.61,2,38,0,1
38,98.23,6,10,0,0
60,34.73,3,33,0,0
54,56.8,7,5,0,0
39,75.73,1,14,0,0
27,54.92,6,3,1,0
60,80.15,3,9,0,0
17,26.38,9,39,0,0
40,44.62,3,28,1,0
32,82.64,7,14,0,0
52,37.39,8,72,1,0
57,58.52,8,41,0,0
39,35.39,4,21,1,0
34,101.92,4,59,0,0
7,33.6,5,7,1,0
21,52.22,7,1,1,0
3,56.39,3,2,0,0
60,53.86,5,2,1,0
27,47.64,4,11,4,0
20,64.32,9,28,1,0
20,61.03,3,12,1,0
39,48.68,4,16,1,0
9,38.93,7,2,0,0
53,53.13,4,20,1,0
54,102.57,8,8,0,0
43,54.0,4,5,0,0
41,40.85,6,23,2,0
31,31.35,4,9,2,0
51,39.73,6,51,2,0
21,28.83,6,19,0,0
34,28.84,6,11,0,0
20,42.39,8,34,0,0
50,35.51,3,13,0,0
28,50.88,8,8,1,0
13,64.39,4,19,0,0
31,77.97,2,9,0,0
43,36.24,2,52,1,0
16,105.82,5,27,2,0
21,91.84,3,19,2,1
20,53.57,5,7,0,0
39,48.25,6,6,0,0
45,57.74,5,9,2,0
51,63.96,5,16,0,0
13,71.97,4,2,2,0
57,29.94,6,4,0,0
40,36.84,6,18,0,0
6,50.57,2,6,1,0
35,53.84,6,44,0,0
34,61.28,4,2,2,1
44,42.37,5,31,0,0
17,81.39,5,24,2,0
24,48.25,5,11,1,0
18,101.47,6,7,2,1
34,42.39,5,52,1,0
20,79.05,6,1,0,0
44,51.81,4,14,1,0
57,48.35,3,8,0,0
57,32.55,5,24,1,0
57,45.48,2,2,0,0
7,31.31,2,30,1,0
32,40.34,6,9,0,0
8,43.95,9,8,0,0
60,69.7,12,18,0,0
10,64.37,7,11,0,0
18,59.54,9,5,0,0
24,34.66,5,1,0,0
45,119.84,5,22,0,0
27,97.87,6,35,0,0
9,78.26,8,9,0,0
35,24.2,2,23,1,0
46,48.09,2,6,0,0
16,43.54,4,34,0,0
40,34.62,4,0,0,0
51,51.4,4,7,0,0
45,53.38,3,28,2,0
2,58.36,2,53,0,0
50,30.71,6,20,0,0
59,53.32,7,6,1,0
29,74.87,5,33,4,0
54,36.69,3,1,0,0
37,49.72,2,5,0,0
19,57.24,2,87,0,0
27,36.82,7,25,0,0
36,69.72,4,3,0,0
46,34.75,7,27,1,0
41,25.0,8,16,1,0
3,113.29,3,11,0,0
12,41.32,6,45,0,0
16,46.28,4,9,1,0
60,23.7,4,18,1,0
15,100.31,7,2,2,0
11,63.27,6,12,0,0
55,30.24,4,7,0,0
5,41.38,8,4,0,0
24,48.12,5,24,0,0
45,30.94,5,8,0,0
55,37.44,5,22,0,0
49,83.13,4,18,0,0
35,42.17,3,0,0,0
11,57.53,6,32,1,0
36,57.25,5,9,0,0
10,44.71,5,12,1,1
11,37.56,3,15,0,0
14,64.75,6,37,0,1
18,31.62,4,22,0,0
36,56.68,3,28,0,0
23,68.46,6,72,0,0
34,58.91,3,7,1,0
11,34.75,4,2,0,0
35,30.43,5,14,0,0
12,77.7,7,1,1,0
4,84.52,4,53,0,0
2,48.09,6,38,0,0
42,36.39,4,2,1,0
43,47.02,6,28,0,0
18,35.56,8,29,0,1
45,57.26,4,19,0,0
28,59.3,5,23,0,1
28,58.42,6,19,1,0
11,43.93,4,0,1,0
34,54.24,6,16,1,0
31,46.74,5,4,0,0
33,29.6,10,4,1,0
16,92.89,2,0,2,0
5,43.01,5,8,0,0
38,27.09,3,13,1,0
15,66.29,6,17,0,0
13,86.35,5,54,0,0
4,43.75,7,1,2,0
5,50.99,5,98,0,0
39,67.03,5,4,0,0
50,155.72,1,1,0,0
38,53.61,5,24,1,0
28,40.69,5,2,0,0
18,45.97,5,12,0,0
16,50.0,5,3,1,0
5,28.26,4,19,0,1
54,45.45,5,23,0,0
20,25.62,5,5,0,0
41,86.39,2,33,0,0
7,24.58,5,1,1,0
35,60.04,10,2,1,0
5,34.92,7,13,0,0
21,40.44,9,1,1,0
1,40.29,2,17,0,0
38,40.62,3,1,0,0
30,137.23,4,12,1,0
4,66.6,3,17,1,0
25,68.15,11,8,0,0
56,69.38,7,3,0,0
13,51.7,6,10,0,0
32,41.65,6,5,0,0
58,39.02,4,12,0,0
45,66.09,5,9,0,0
5,38.15,4,12,0,0
59,58.68,8,9,2,0
18,41.31,6,8,1,0
9,20.08,1,14,0,0
44,51.79,3,15,0,0
15,57.96,6,23,0,0
17,41.16,2,27,1,0
13,60.04,5,15,0,0
53,63.61,6,51,0,0
2,68.4,5,85,0,0
7,58.71,4,13,0,0
19,57.78,4,16,2,0
22,64.2,4,10,1,0
43,47.66,4,4,1,0
7,22.35,7,25,0,0
19,36.51,1,0,1,0
43,42.35,6,4,2,0
50,46.42,5,5,0,0
51,76.78,3,4,0,0
49,57.69,5,21,1,0
47,55.82,4,11,0,0
30,48.34,3,3,0,0
20,36.55,3,2,0,0
5,59.12,5,6,1,0
9,63.81,7,74,0,0
23,77.22,4,41,0,0
26,38.46,3,7,0,0
26,103.99,5,9,1,0
9,81.57,5,14,0,0
40,32.72,5,26,0,0
20,59.21,5,36,1,0
54,68.44,6,46,1,0
57,87.56,6,21,0,0
5,49.83,7,19,1,0
8,95.06,7,33,0,0
35,45.86,5,54,1,0
7,65.94,7,30,0,0
24,68.17,2,9,0,0
24,68.87,5,50,0,1
10,69.58,5,15,1,0
30,42.02,5,6,0,0
56,39.58,9,32,0,0
4,42.61,4,10,2,0
53,35.72,5,24,0,0
25,39.7,6,29,0,0
30,76.83,3,2,1,0
29,35.68,1,34,0,0
21,56.42,5,7,0,0
4,64.44,7,14,0,0
6,48.88,6,16,0,0
17,81.63,3,6,1,0
29,30.18,12,22,0,0
34,40.57,4,21,0,0
22,91.99,8,0,0,0
21,50.65,3,25,2,0
45,55.84,5,14,1,0
33,32.32,6,31,0,0
33,32.31,5,31,1,0
36,58.66,4,4,0,0
23,88.6,3,8,0,0
51,34.65,3,9,1,1
22,65.35,6,6,2,0
48,76.39,5,14,0,0
57,38.7,6,23,1,0
44,70.42,5,7,1,0
35,97.8,5,45,1,0
14,76.93,4,9,0,0
25,42.39,8,21,0,0
3,45.15,5,17,1,0
53,77.48,6,11,1,0
51,86.42,6,2,0,0
60,32.56,6,71,0,0
35,71.88,6,5,1,0
28,39.02,10,26,0,0
46,27.4,4,32,0,0
43,34.65,7,4,1,0
14,69.39,6,19,1,0
56,32.97,5,7,1,0
18,58.94,4,32,1,0
14,44.19,6,32,1,0
49,34.8,5,36,0,0
45,67.28,10,21,0,0
33,34.16,4,6,0,0
51,71.56,6,18,2,0
9,62.41,6,48,1,0
26,33.12,5,10,0,0
25,77.32,5,41,1,0
44,38.62,4,3,0,0
43,92.96,5,35,0,0
2,84.13,6,20,0,0
20,34.52,4,10,0,0
40,53.58,4,6,0,0
36,41.75,4,78,3,0
38,75.03,6,31,0,0
25,36.0,6,0,0,0
3,75.31,3,2,1,0
27,75.86,4,4,1,0
40,105.51,6,1,0,0
33,76.32,3,39,0,0
24,41.12,2,4,0,0
36,106.9,3,3,0,0
12,89.2,4,31,0,0
58,42.22,6,2,1,0
31,42.57,6,7,1,0
24,58.72,6,11,1,0
20,84.98,7,9,2,0
27,45.35,6,3,0,0
38,37.4,6,7,0,0
23,41.89,4,3,1,0
21,67.72,5,35,1,0
4,29.9,8,4,1,0
1,57.96,8,12,0,0
24,42.78,9,38,0,0
6,107.82,4,14,0,0
34,32.09,4,22,0,0
29,36.92,7,9,0,0
6,25.25,4,4,1,0
7,78.01,4,22,0,0
34,37.7,3,10,0,0
55,125.64,4,38,0,0
17,61.41,8,31,1,0
37,26.49,3,19,1,0
28,46.34,4,7,2,0
42,46.56,5,15,1,0
2,28.19,7,7,1,0
13,88.44,5,0,2,0
43,45.55,3,34,0,0
28,94.47,8,12,1,0
53,25.23,6,79,1,0
20,61.49,2,39,0,0
22,67.53,5,45,1,0
41,36.2,6,25,0,0
20,61.48,6,51,0,0
1,60.87,3,19,0,1
33,38.68,7,14,0,0
3,40.66,4,36,1,0
46,41.7,6,1,2,0
20,56.1,5,39,0,0
43,46.02,6,9,2,0
12,110.1,4,12,1,0
59,31.13,5,34,0,0
37,38.15,4,2,0,0
36,32.1,4,16,0,0
13,52.34,5,3,0,0
40,85.22,5,6,0,0
59,75.4,5,11,0,0
44,57.25,9,85,1,1
59,48.48,5,1,0,0
19,50.51,6,22,0,0
49,95.91,4,5,0,0
15,77.65,3,15,0,1
53,30.32,8,13,1,0
9,67.35,6,56,0,0
2,51.93,6,18,0,0
51,28.31,2,54,1,1
49,47.21,6,20,3,0
27,81.19,7,12,0,0
41,60.77,3,28,1,0
36,33.28,4,5,1,0
50,79.01,7,32,0,0
32,58.96,4,16,0,0
30,69.24,2,18,0,0
56,29.75,8,12,0,0
41,34.75,6,12,0,0
60,68.03,4,4,0,0
47,54.47,3,18,0,0
59,71.82,4,1,1,0
41,57.03,2,2,0,0
39,72.45,6,56,0,0
30,20.0,5,1,0,0
24,41.35,6,2,0,0
5,52.1,5,29,0,0
9,87.6,9,43,1,0
39,46.38,4,5,1,0
47,58.24,6,17,0,0
1,75.62,5,31,0,0
8,34.6,4,5,0,0
6,46.81,4,37,1,0
2,42.67,5,2,0,0
27,45.06,6,44,0,0
21,34.52,7,10,1,0
38,36.84,4,9,1,0
46,90.06,7,2,2,0
47,42.55,4,1,1,0
58,27.01,2,2,1,0
7,51.98,4,44,0,0
42,43.2,6,15,0,0
20,65.3,6,11,0,0
24,92.07,3,3,0,0
21,81.16,9,18,0,0
11,75.2,7,11,2,0
44,45.92,6,7,0,0
58,116.42,3,20,0,0
29,55.91,6,2,0,0
37,52.51,3,11,1,0
38,56.57,4,18,0,0
23,60.84,4,4,0,0
45,52.0,6,9,0,0
17,51.71,5,12,0,0
15,46.93,5,14,2,0
9,32.73,1,57,1,0
54,35.23,4,13,0,0
20,50.43,3,6,1,0
33,88.88,4,2,2,0
11,34.35,2,4,2,0
37,123.96,7,7,0,0
18,36.81,9,5,3,0
22,86.67,4,0,0,0
32,64.52,6,14,1,0
41,39.72,5,16,0,0
60,37.27,3,28,0,0
26,65.74,5,4,1,0
31,64.4,5,2,0,0
26,108.3,5,6,0,0
47,94.91,4,5,0,0
50,71.15,5,11,0,0
26,62.74,6,33,0,0
39,55.48,2,7,1,0
52,30.37,6,19,1,0
59,29.2,4,0,0,0
57,64.97,7,20,0,0
28,95.02,2,66,2,0
24,56.81,3,68,0,0
24,24.9,3,17,0,0
31,109.39,5,73,0,0
52,70.72,6,24,0,0
56,47.94,5,54,0,0
2,104.4,3,39,0,0
17,29.97,6,8,0,0
49,42.29,8,37,0,0
17,38.77,6,12,0,0
5,42.69,7,14,0,0
53,63.44,3,0,0,0
52,52.47,2,14,1,0
44,46.14,5,33,0,0
3,92.94,6,24,0,0
15,22.66,5,33,1,0
21,119.56,6,3,0,0
27,56.91,4,9,0,0
14,20.1,2,13,0,0
8,67.93,8,5,0,0
56,52.31,3,22,0,0
7,35.76,3,46,1,1
38,42.49,3,12,0,0
45,53.44,2,4,1,0
32,54.69,7,8,1,0
28,60.29,6,9,0,0
20,35.08,6,60,1,0
31,44.99,6,24,1,0
31,68.08,6,33,0,0
31,62.77,4,0,0,0
49,70.5,4,3,0,0
55,55.23,4,17,0,0
20,55.05,4,4,1,0
9,94.38,6,5,0,0
43,49.88,4,18,0,0
12,105.8,2,0,1,0
19,34.9,2,34,0,0
57,35.7,5,10,0,0
45,109.63,4,3,1,0
16,39.85,7,1,0,0
33,40.43,2,23,1,1
11,35.36,7,11,2,0
51,77.19,5,17,0,0
33,75.35,7,19,0,0
1,66.05,11,11,1,0
15,50.07,5,58,0,1
32,33.31,4,17,0,0
1,30.55,6,1,1,0
15,44.29,5,18,1,0
7,57.82,6,11,0,0
58,53.06,11,13,1,0
32,73.56,3,6,0,0
15,50.85,6,39,0,0
14,86.68,3,9,0,0
11,30.06,4,27,0,1
11,49.31,5,3,1,0
17,42.6,6,17,0,0
1,53.58,6,4,2,0
32,94.45,9,30,1,0
12,32.31,4,119,1,1
58,66.24,4,0,0,0
9,109.01,5,11,1,0
45,61.95,3,42,1,0
12,91.42,5,41,1,0
57,36.22,4,14,1,0
51,75.36,5,32,2,0
7,22.41,4,77,0,0
8,65.93,5,19,1,0
59,35.46,9,16,0,0
11,35.68,4,22,0,0
44,22.93,5,5,1,0
3,60.23,7,23,0,0
38,42.61,3,25,1,0
53,83.95,5,63,1,0
25,73.67,9,90,1,1
4,66.56,7,65,1,0
9,80.86,3,0,1,0
15,57.47,3,48,0,1
6,116.29,3,22,1,0
31,57.73,7,6,0,0
2,66.36,3,1,4,1
1,76.66,5,6,0,0
56,32.05,3,18,0,0
2,63.84,3,3,1,0
11,42.86,5,10,0,0
37,52.63,2,28,1,1
7,44.43,4,47,0,0
31,58.65,3,30,0,0
27,41.2,2,10,0,0
55,35.61,7,4,0,0
15,36.28,6,6,0,0
11,65.58,3,61,0,0
12,91.75,4,3,0,0
30,67.59,9,14,1,0
6,80.3,5,24,2,0
9,74.76,5,4,1,0
1,47.01,6,45,0,0
4,61.57,8,85,1,0
54,55.69,5,24,1,0
24,65.36,3,107,1,1
37,38.37,5,17,0,0
19,95.93,7,2,0,0
32,72.4,5,6,0,0
24,32.32,1,18,0,0
36,44.44,6,8,1,0
60,88.28,5,6,0,0
20,55.46,6,7,0,0
42,121.32,7,21,0,0
10,34.55,6,20,0,0
4,53.76,4,41,0,0
52,114.78,6,1,0,0
28,64.23,11,2,1,0
35,64.11,4,1,2,0
38,76.83,2,1,1,0
48,150.75,3,5,0,0
39,63.74,1,1,0,0
48,36.3,6,73,2,0
3,44.46,6,1,1,0
7,71.04,4,5,1,0
51,53.87,5,5,0,0
46,65.8,3,35,1,0
34,57.31,8,16,1,0
34,34.96,7,6,0,0
35,48.34,3,5,1,0
38,79.72,4,17,0,0
58,28.67,2,11,1,0
35,93.85,3,16,0,0
37,47.32,7,74,0,1
5,60.41,4,22,0,0
19,58.22,4,3,1,0
50,36.71,6,41,0,0
50,66.44,6,39,0,0
20,40.62,5,50,0,1
51,91.98,3,25,2,0
10,70.14,8,61,0,0
3,58.16,5,20,0,0
46,123.26,6,4,0,0
24,34.02,2,4,0,0
60,60.73,6,35,0,0
44,82.75,4,5,0,0
11,63.5,3,23,0,0
31,92.83,8,26,1,0
1,56.54,5,0,0,0
7,53.87,5,0,0,0
38,86.27,9,9,1,0
51,35.23,7,17,2,0
41,187.29,5,12,0,0
13,56.62,8,13,0,0
57,69.76,6,2,1,0
11,54.76,4,58,0,0
24,29.76,6,13,0,0
46,46.88,3,2,0,0
25,31.51,1,12,2,0
24,47.45,4,2,0,0
44,108.54,6,25,1,0
53,60.84,1,14,0,0
25,49.6,7,65,0,1
10,104.86,6,36,0,0
1,82.21,8,3,0,0
16,88.26,3,5,0,0
55,122.56,5,1,0,0
26,44.99,3,11,1,0
37,65.82,4,24,1,0
26,36.29,5,16,0,0
34,31.46,3,42,0,1
34,90.37,6,59,0,0
31,77.32,6,23,1,0
37,37.46,5,30,0,0
46,46.5,5,26,1,1
55,46.5,6,15,1,0
48,49.14,4,12,1,1
43,23.11,6,39,0,0
35,41.76,2,9,0,0
32,68.0,3,3,0,0
21,75.13,9,10,1,0
43,35.33,5,61,0,0
10,46.12,3,2,2,0
18,35.97,2,28,0,0
59,60.21,2,20,0,1
17,59.5,11,30,1,0
45,42.02,9,16,0,0
35,65.73,6,37,0,0
1,52.31,2,31,0,0
36,185.69,7,45,1,0
38,47.78,4,25,0,0
47,75.82,5,13,0,0
2,99.31,7,22,1,0
59,68.5,4,4,0,0
9,66.42,2,43,0,0
9,59.94,6,13,1,0
35,46.23,4,21,1,0
49,18.25,5,14,0,0
50,62.57,6,0,0,0
8,52.93,6,2,0,0
39,68.31,5,24,0,0
34,47.45,9,7,0,0
40,48.31,3,37,0,0
8,25.84,6,0,0,0
43,55.11,6,13,2,0
43,59.94,6,2,0,0
31,27.65,2,54,0,0
28,50.85,5,53,0,0
43,61.9,6,93,1,0
56,21.89,5,19,0,0
55,126.44,6,26,0,0
59,63.4,3,14,0,0
52,47.64,3,57,0,0
25,45.29,5,6,0,0
39,31.74,7,19,0,0
15,65.2,3,52,0,0
44,82.29,4,12,0,0
3,31.77,5,43,0,0
60,84.74,7,46,1,0
59,49.95,4,21,0,0
37,49.28,6,42,1,0
24,128.53,5,14,0,0
51,51.44,6,14,1,1
55,73.27,4,6,1,0
17,59.6,3,2,0,0
55,27.69,2,5,0,0
21,35.42,4,40,0,0
5,62.91,7,29,2,0
31,47.64,1,8,0,0
5,51.17,5,40,3,0
27,62.59,5,23,1,0
36,24.56,7,10,0,0
8,35.42,8,6,3,0
27,51.41,9,27,1,0
58,42.69,5,23,1,1
22,41.56,3,6,0,0
18,77.51,5,26,0,1
31,48.07,7,64,0,1
29,31.69,2,14,0,1
14,110.31,2,29,1,1
37,73.08,5,3,1,0
44,87.97,6,51,0,0
13,38.06,5,22,0,0
16,50.19,3,5,1,0
52,23.27,3,10,0,0
5,68.24,8,10,2,0
12,91.2,3,4,0,0
5,39.01,4,33,0,0
28,30.82,5,37,1,0
14,33.25,4,2,1,0
43,69.53,4,12,0,0
5,95.59,3,96,0,1
50,90.46,6,12,0,0
60,53.0,4,8,2,0
10,24.34,7,10,1,0
46,106.39,6,39,0,0
35,31.22,1,0,0,0
12,51.78,6,35,2,0
57,67.23,5,27,0,0
53,26.31,6,0,0,0
6,85.66,4,12,1,0
17,95.85,5,25,0,0
17,47.64,10,12,1,0
27,41.42,4,11,1,0
38,74.17,4,25,0,0
23,59.91,9,32,0,0
40,89.69,4,11,0,0
31,70.2,5,5,1,0
56,110.54,3,0,1,0
5,51.9,7,76,0,0
6,45.79,5,15,1,1
25,64.63,7,8,0,0
48,51.83,3,18,3,0
47,55.8,5,3,0,0
53,63.36,7,23,2,0
11,67.73,3,41,0,0
4,40.66,4,58,1,1
51,35.02,5,14,1,0
9,30.2,2,34,0,0
32,66.22,5,22,0,0
27,66.97,7,25,1,0
45,64.75,4,26,0,0
31,55.35,9,23,1,1
1,62.82,5,13,0,0
17,36.0,5,31,0,0
52,121.87,5,19,0,0
42,53.64,5,13,0,0
53,67.42,6,21,0,0
28,63.76,5,15,1,0
22,37.28,8,20,0,0
41,76.89,5,1,0,0
18,34.64,5,4,1,0
56,71.57,2,3,0,0
15,60.86,5,45,1,0
39,60.24,6,44,1,0
26,37.86,5,52,1,0
54,61.65,5,20,0,0
14,47.1,4,30,0,0
28,43.67,7,68,2,0
29,51.42,3,21,0,0
44,65.05,6,46,0,0
47,75.53,8,86,0,1
36,27.58,9,25,1,0
50,29.64,4,12,0,0
55,117.9,4,1,0,0
16,33.33,5,1,0,0
28,73.74,9,7,0,0
13,65.34,4,65,0,0
21,54.82,3,1,1,0
31,52.9,4,44,0,0
23,54.06,5,9,0,0
49,31.87,3,4,1,0
45,78.61,9,72,2,1
2,69.71,3,30,0,0
6,56.0,6,23,0,0
7,73.77,3,1,0,0
58,49.93,7,4,0,0
42,63.34,3,5,0,0
27,37.64,3,4,1,0
17,55.42,1,7,1,0
18,74.48,7,7,0,0
53,57.47,4,3,1,0
36,67.52,3,8,0,0
56,57.28,7,2,0,0
26,65.72,5,7,1,0
56,35.91,3,6,0,0
23,59.87,2,18,2,0
1,45.65,4,3,0,0
13,53.99,5,26,0,0
7,50.0,11,1,1,0
4,38.55,9,9,0,0
21,73.37,4,24,0,0
30,54.33,4,4,2,0
32,38.77,6,1,2,1
1,41.14,2,14,0,0
50,104.33,5,36,1,0
22,38.63,7,2,0,0
4,62.68,3,26,0,0
15,81.97,3,23,0,0
22,55.99,4,13,1,0
23,22.84,3,14,2,1
48,50.51,4,3,0,0
30,56.89,6,5,1,0
38,74.84,5,13,0,0
53,102.47,6,12,1,0
47,25.44,3,11,1,0
59,68.25,2,0,2,0
44,48.43,4,7,0,0
46,63.22,4,19,1,0
20,105.24,6,9,0,0
10,52.12,2,18,0,0
46,43.1,6,11,0,0
58,61.79,7,15,1,0
48,43.99,6,55,1,0
11,67.97,3,7,0,0
35,53.31,8,59,1,0
23,54.18,7,38,0,0
1,79.39,2,50,0,0
12,71.71,6,44,0,0
2,95.41,5,80,0,1
26,60.8,7,42,0,1
51,59.18,6,8,0,0
36,17.59,4,2,0,0
31,46.28,7,1,0,0
42,81.7,8,24,2,0
45,38.87,5,0,0,0
41,64.87,11,6,1,0
51,48.97,3,3,1,0
2,45.15,3,2,3,0
9,29.15,3,30,0,0
57,28.85,4,16,0,0
18,33.11,8,30,0,1
29,79.57,7,1,1,0
51,94.46,6,13,0,0
1,50.77,2,36,0,0
25,86.68,6,60,2,1
6,75.55,4,20,1,0
47,77.18,5,53,0,1
49,38.35,7,17,0,0
1,51.76,9,19,0,0
27,45.93,7,9,1,0
24,73.89,4,42,1,0
41,32.8,7,12,0,0
39,51.83,6,34,1,0
23,29.84,6,35,0,0
55,65.25,9,2,1,0
18,34.97,5,14,0,0
41,33.53,4,8,0,0
30,21.52,5,16,0,0
7,116.35,2,3,1,0
21,53.44,1,1,3,0
32,63.36,9,35,1,0
23,34.76,4,7,1,0
41,63.82,4,64,1,1
33,43.4,3,43,0,0
16,34.76,4,21,0,0
53,50.54,5,30,0,0
49,40.02,3,4,0,0
1,52.1,2,8,3,0
4,19.01,2,30,0,1
34,80.83,6,21,1,0
16,64.77,8,13,1,0
8,68.02,6,10,1,0
26,57.61,3,6,0,0
35,52.64,6,25,2,0
7,61.88,2,28,0,0
49,41.97,5,9,0,0
53,41.97,2,0,0,0
37,68.09,2,29,0,0
47,28.66,3,3,0,0
11,47.36,6,30,0,0
8,53.53,6,51,0,0
54,47.4,5,31,0,0
54,50.42,4,11,1,1
7,26.9,6,83,0,0
9,176.49,4,24,1,0
48,36.19,5,6,1,0
33,40.69,9,34,0,0
44,41.87,5,13,0,0
14,91.25,7,10,1,0
58,76.86,5,34,0,0
16,67.52,5,33,2,0
44,39.97,4,20,0,0
22,70.18,6,40,0,1
48,63.16,8,41,0,1
26,92.93,3,23,0,0
54,86.88,7,35,0,0
38,71.39,5,13,2,0
19,52.02,7,24,0,0
34,39.81,8,7,0,0
44,37.38,11,9,1,0
42,34.14,1,6,0,1
49,60.13,5,11,0,0
46,122.7,5,24,0,0
14,134.82,6,2,0,0
25,66.78,6,3,0,0
54,80.13,3,15,1,0
10,34.86,6,19,1,0
52,42.24,5,32,2,0
8,28.02,5,5,0,0
35,53.48,6,47,0,0
29,55.75,4,12,1,0
4,42.0,7,9,0,0
28,43.2,3,8,0,0
50,69.12,6,19,0,0
16,107.83,6,8,1,0
24,112.62,3,8,0,0
46,74.28,3,10,1,0
17,72.24,6,28,0,0
1,86.33,8,39,0,0
60,70.07,4,2,0,0
48,46.34,6,1,0,0
10,47.2,7,4,0,0
60,39.94,4,32,0,0
3,32.22,5,118,0,0
55,65.71,5,8,0,0
28,60.22,3,9,0,0
9,34.87,7,71,0,0
9,81.46,8,4,1,0
45,36.18,7,9,0,0
16,30.56,8,7,1,0
1,31.36,4,34,0,0
39,72.93,3,6,0,0
54,54.92,4,20,0,1
10,19.14,6,7,0,0
30,46.42,4,3,0,0
17,31.91,4,9,1,0
7,18.43,6,32,0,0
28,58.6,6,12,0,0
23,48.12,6,13,0,0
43,86.91,6,16,0,0
18,49.58,5,9,0,0
12,70.04,3,2,1,0
3,127.32,2,6,0,0
18,53.99,5,26,0,0
22,71.27,2,40,1,0
19,78.93,4,46,1,0
42,52.69,6,17,1,0
37,81.04,12,7,0,0
35,108.45,6,1,2,0
18,49.53,5,4,0,0
11,38.45,7,55,0,1
25,67.17,1,25,0,0
41,79.7,9,30,0,0
12,43.75,5,4,0,0
36,34.41,5,1,0,0
2,43.28,4,37,1,0
40,66.33,2,19,1,1
15,43.52,6,23,1,0
33,32.85,4,3,0,0
19,54.46,3,11,3,0
42,69.08,5,10,0,0
44,79.7,5,36,0,0
44,114.78,6,3,0,0
52,66.33,7,9,1,0
48,91.37,1,5,0,0
13,50.48,6,3,2,0
33,43.68,9,16,2,0
50,63.05,5,3,0,0
23,47.45,4,22,0,0
48,110.72,8,0,0,0
8,32.13,2,1,1,0
53,126.84,9,20,0,0
55,37.31,3,16,1,0
4,74.77,4,8,0,0
23,77.99,6,7,1,0
59,61.58,3,6,0,0
11,79.51,7,1,0,0
20,58.09,8,49,1,0
40,40.91,6,11,3,0
34,30.11,9,9,0,0
47,44.06,6,63,1,0
31,66.76,6,30,0,0
50,41.33,2,26,0,0
25,15.83,3,8,0,0
38,67.99,6,3,1,0
55,69.15,2,21,3,0
23,53.84,3,46,0,0
4,29.99,6,2,0,0
19,58.13,7,10,1,0
23,35.11,4,9,0,0
40,38.63,7,11,0,0
40,50.69,6,3,0,0
44,34.03,1,19,1,0
24,39.04,5,5,1,0
26,41.71,4,9,0,0
33,81.6,9,7,0,0
57,89.27,11,65,2,1
58,52.6,7,2,1,0
6,50.29,8,11,0,0
38,57.2,5,30,0,1
4,71.29,5,19,0,0
4,38.33,8,27,2,0
46,35.99,6,9,1,0
55,45.11,4,5,0,0
14,65.49,4,13,0,0
56,57.39,11,51,2,1
60,55.61,5,23,0,0
43,55.04,7,20,2,0
33,118.37,5,83,0,0
40,59.69,2,14,0,0
9,50.41,4,6,0,0
53,64.69,5,32,1,0
36,38.53,4,0,0,0
8,46.36,8,8,1,0
58,94.26,3,3,0,0
12,72.54,4,28,1,0
24,83.03,6,19,0,0
21,48.61,4,3,0,0
49,93.27,6,19,2,0
35,41.45,3,6,0,0
58,24.42,6,10,0,0
56,42.0,5,22,1,0
29,41.59,6,2,1,0
34,98.29,6,2,1,0
13,35.14,3,1,2,0
19,78.3,3,6,1,0
14,60.05,4,2,1,0
46,38.8,4,18,1,1
30,75.15,5,22,0,0
10,50.09,5,43,1,0
30,62.89,3,2,1,0
57,59.77,6,21,0,0
32,83.11,4,47,1,0
57,66.71,11,8,1,0
25,33.08,4,19,1,0
53,49.32,9,11,0,0
38,16.79,8,12,0,0
8,84.22,3,5,0,0
30,40.55,5,61,0,0
1,102.98,3,3,0,0
39,60.93,6,2,1,0
7,56.36,4,24,0,0
24,62.2,8,10,0,0
39,44.2,6,16,1,1
52,63.37,5,38,0,0
18,82.02,6,26,0,0
29,30.06,5,5,0,0
52,64.31,2,11,0,0
12,55.29,4,59,1,1
56,71.73,8,26,0,0
55,34.77,6,5,0,0
34,88.63,6,7,0,0
53,62.08,9,49,1,0
25,43.55,5,57,1,0
3,55.29,6,20,0,0
60,60.78,4,51,0,0
10,80.43,5,19,0,0
44,48.94,5,9,1,0
52,79.71,3,18,0,0
28,67.14,4,1,0,0
50,76.17,9,27,1,0
5,116.46,5,18,1,0
14,50.26,5,73,1,1
3,33.48,7,9,0,0
60,55.36,5,19,0,0
12,72.86,2,51,0,0
58,38.68,8,19,1,0
35,49.97,4,8,1,1
29,46.79,3,11,3,0
10,35.92,4,8,0,0
21,51.49,5,25,2,0
47,124.5,6,5,0,0
56,27.92,6,16,1,0
55,19.19,5,2,2,1
59,63.21,10,7,0,0
8,91.76,4,30,0,0
7,62.59,2,5,0,0
1,26.17,6,23,1,0
40,61.74,3,21,0,0
43,30.02,5,1,1,0
10,67.5,4,7,1,0
8,71.74,3,6,1,0
19,55.57,3,59,1,1
19,48.55,4,7,1,0
35,62.75,2,27,2,0
24,48.63,7,42,1,0
39,26.61,2,13,0,0
30,35.96,4,15,0,0
50,29.16,6,22,1,0
41,41.72,2,1,1,0
18,40.35,4,41,0,0
12,49.98,3,23,1,0
29,133.71,3,26,0,0
60,71.47,6,4,0,0
3,51.18,3,52,0,1
23,70.78,5,10,0,0
43,86.39,4,17,1,1
32,62.48,4,39,0,0
23,49.27,4,5,1,0
23,55.3,4,0,2,0
19,78.27,3,2,0,0
59,137.52,7,16,0,0
54,63.64,2,5,1,0
21,47.44,5,37,0,0
44,71.48,2,29,0,0
53,71.21,1,105,0,1
60,25.1,8,5,1,0
33,60.9,3,29,0,0
39,29.43,6,27,0,0
50,77.65,2,27,0,1
60,37.32,6,20,0,0
2,69.06,4,28,0,0
7,156.52,4,24,0,0
43,43.18,4,3,0,0
40,71.33,2,24,0,0
25,46.83,7,29,1,0
5,66.77,3,47,1,0
52,29.7,8,18,0,0
41,32.47,5,10,0,0
8,63.11,4,63,1,0
49,93.01,5,39,0,0
42,77.82,7,31,0,1
54,47.94,1,28,0,0
57,26.9,3,5,0,0
15,100.14,12,14,0,0
55,75.36,3,0,0,0
54,74.09,4,1,0,0
20,62.58,6,0,1,0
50,68.31,4,11,0,0
7,29.31,8,3,0,0
11,43.06,7,13,0,0
52,53.16,4,48,0,1
33,45.14,3,10,0,0
14,35.84,3,24,1,0
16,32.17,6,61,2,1
36,35.39,3,6,0,0
30,62.02,2,7,0,0
18,89.21,6,0,0,0
27,80.82,7,7,0,0
52,73.87,4,90,0,1
35,73.73,4,52,0,0
31,45.28,4,23,2,1
5,62.46,4,27,0,0
28,50.29,6,5,1,0
48,93.33,5,12,2,0
4,108.29,2,10,0,0
59,54.1,2,17,0,0
48,41.29,7,25,0,0
53,37.14,3,19,1,0
12,90.93,7,24,0,0
40,31.1,3,19,0,0
59,61.61,5,9,0,0
54,61.24,7,9,0,0
46,45.0,4,0,1,0
56,86.1,6,17,2,0
7,60.52,7,46,1,1
36,33.85,6,26,1,0
30,58.99,4,14,1,0
4,36.08,1,81,0,1
18,67.97,6,9,0,0
60,30.68,5,7,1,0
32,91.86,8,28,0,0
12,75.0,4,11,2,0
35,60.62,4,55,0,0
36,46.29,6,0,0,0
17,41.86,3,66,1,1
30,34.71,3,9,1,0
49,59.36,3,8,0,0
29,29.61,5,2,1,0
16,62.66,4,20,2,0
22,39.28,6,4,0,0
52,60.92,5,8,0,0
46,33.67,3,4,1,0
12,44.16,8,65,1,0
23,23.06,4,22,1,0
7,39.82,5,4,1,0
1,35.46,7,23,0,0
34,46.06,3,10,0,0
33,51.02,6,35,1,0
42,49.72,4,27,0,0
32,65.56,4,31,0,0
7,35.94,7,30,0,0
13,38.27,2,0,1,0
8,46.19,2,10,1,0
43,91.58,7,4,0,0
10,106.81,6,1,1,0
42,60.8,5,34,0,0
58,108.49,4,71,0,0
5,80.16,6,15,0,0
20,75.82,5,25,1,1
14,58.47,6,10,1,0
13,61.08,4,11,0,0
31,42.05,4,15,4,1
20,34.12,2,28,0,0
47,76.0,3,13,1,0
18,78.83,3,20,1,0
60,53.12,3,3,0,0
9,29.4,8,23,0,0
52,54.61,2,12,0,0
16,53.31,3,33,0,0
13,30.81,5,6,0,0
25,72.14,4,14,0,0
32,56.31,5,102,1,0
60,75.18,4,9,0,0
3,154.97,7,51,1,1
13,42.62,3,50,0,1
39,57.9,6,16,1,0
21,30.65,7,7,0,0
43,75.13,6,23,2,0
26,48.15,4,19,1,0
9,42.74,5,15,0,0
33,38.17,3,0,1,1
60,59.2,4,34,0,0
22,60.64,4,11,2,0
30,57.5,4,29,0,0
56,68.64,8,3,1,0
39,22.4,5,3,1,0
48,41.61,4,2,0,0
43,114.83,6,7,2,0
13,61.06,2,13,1,0
44,36.78,6,11,1,0
45,40.14,6,70,0,0
7,77.57,3,56,2,0
24,50.65,4,21,3,1
6,61.28,2,19,1,0
29,34.1,2,7,0,0
40,90.73,5,1,1,1
2,32.79,5,2,1,0
16,55.92,3,16,0,0
4,56.18,4,4,0,0
29,64.12,2,14,0,0
2,53.33,9,21,0,0
48,121.88,5,21,0,0
38,58.89,5,36,0,0
38,61.78,3,29,2,0
56,48.67,3,15,0,0
5,50.48,9,38,0,0
43,48.49,6,22,1,0
27,46.48,3,18,0,0
22,64.18,6,9,0,0
55,48.3,5,4,0,0
9,41.45,8,13,0,1
13,61.77,6,7,1,0
43,59.24,6,10,0,0
48,44.87,7,10,1,0
8,28.87,5,6,0,0
24,40.46,4,26,0,0
52,54.34,5,21,0,0
47,32.13,1,7,0,0
21,136.01,3,31,1,0
21,38.45,4,23,0,0
9,56.8,5,74,1,0
41,73.21,5,11,0,0
24,108.67,5,3,0,0
8,49.23,5,14,0,0
39,30.98,3,24,0,0
36,77.69,4,69,0,0
57,68.19,4,14,1,0
28,57.94,5,3,1,0
16,39.45,4,7,0,0
49,41.64,5,10,1,0
33,48.92,2,15,1,0
53,67.54,3,18,0,0
23,39.4,8,88,0,0
31,72.83,4,30,0,0
47,54.44,7,13,2,0
3,33.96,5,7,1,0
46,62.73,7,0,1,0
56,64.09,6,7,1,0
13,30.5,7,9,0,0
30,49.16,2,28,1,0
14,27.99,10,11,0,0
22,59.27,3,3,0,0
20,56.76,4,26,2,1
7,69.79,7,6,1,0
32,33.11,4,5,1,0
15,72.08,3,1,1,0
19,66.33,5,3,0,0
13,58.81,3,2,0,0
3,72.92,5,52,1,0
9,71.55,8,10,0,0
47,43.46,3,27,1,0
32,35.9,5,53,0,0
10,60.34,4,19,1,0
54,59.91,3,41,0,0
57,23.45,4,27,0,0
4,27.88,5,50,1,0
55,52.68,4,16,1,0
1,54.56,7,2,1,0
52,60.76,5,13,1,0
34,31.69,6,17,0,0
36,92.87,5,49,1,1
48,55.66,6,7,1,0
57,46.32,5,5,0,0
6,55.29,3,7,0,0
50,75.64,5,9,0,0
41,57.71,5,54,0,0
2,56.23,3,3,1,0
52,26.23,3,48,2,1
33,31.42,8,12,0,0
3,82.69,3,22,0,0
26,32.73,3,29,3,1
34,40.82,5,12,1,0
14,27.57,5,6,0,0
28,31.73,3,6,1,0
43,46.83,5,38,1,0
6,121.8,2,0,0,0
13,92.83,6,4,1,0
47,52.86,7,18,0,0
35,43.1,2,11,0,0
32,61.47,3,26,1,0
32,75.1,3,21,0,0
8,49.95,11,60,0,0
56,28.88,4,8,0,0
11,47.99,5,13,0,0
14,63.72,5,12,0,0
17,27.99,3,5,0,0
49,41.41,6,6,0,0
59,73.41,7,12,1,0
24,56.57,5,36,0,0
41,47.04,9,9,0,0
27,35.82,5,69,0,0
58,31.89,4,18,0,0
34,103.76,3,20,1,1
17,74.72,5,22,1,0
24,72.11,8,19,0,0
45,60.03,3,38,0,0
19,47.05,7,4,1,0
32,36.24,4,17,1,0
3,44.08,4,21,0,0
41,47.97,10,4,1,0
45,47.93,3,13,3,0
21,39.39,4,13,0,0
46,60.38,5,10,0,0
15,75.1,8,11,1,0
6,46.8,6,73,0,1
24,55.13,8,11,0,0
48,115.78,6,20,1,0
54,69.54,5,22,1,0
24,84.88,2,26,0,0
31,82.41,5,19,0,0
26,93.76,4,0,0,0
23,51.61,4,76,0,1
49,65.08,4,10,0,0
38,60.74,7,19,0,1
53,76.63,6,15,1,0
29,42.84,7,11,0,0
43,79.76,5,2,0,0
38,21.53,3,2,0,0
56,55.48,5,14,0,0
36,47.65,3,8,1,0
3,36.43,7,12,0,0
35,55.7,4,1,0,0
2,35.13,4,6,0,0
28,58.87,3,2,0,0
34,35.24,5,15,1,0
57,31.47,3,20,1,0
33,34.65,5,34,1,0
19,37.73,2,6,0,0
32,39.13,4,28,0,0
10,60.19,6,5,0,0
7,68.4,8,11,0,0
13,28.98,7,5,0,0
3,42.23,8,4,0,0
35,68.6,5,24,0,0
32,47.26,6,22,0,0
3,80.37,3,7,2,0
21,33.99,3,15,0,0
17,87.97,5,8,0,0
5,68.17,4,39,0,1
53,46.49,6,7,1,0
8,36.17,7,4,2,0
7,69.06,4,25,0,0
28,37.71,6,31,0,0
21,53.45,5,44,1,0
53,72.19,7,50,1,0
29,43.47,6,27,1,0
12,73.04,2,27,0,0
9,51.14,6,15,1,0
4,65.03,4,10,1,0
7,54.29,6,3,0,0
54,90.99,5,5,2,0
38,119.07,5,46,0,0
27,94.31,5,3,0,0
41,87.92,8,1,2,1
10,25.99,3,14,1,0
53,54.8,2,1,0,0
30,76.15,13,23,0,0
4,36.12,3,31,0,0
31,88.76,5,12,0,0
5,29.07,1,6,0,0
55,44.82,7,8,0,0
56,41.55,6,34,0,0
40,29.08,7,6,1,0
37,115.88,2,16,0,0
34,58.71,5,4,1,0
52,47.7,3,4,1,0
45,84.73,4,1,0,0
39,57.54,3,17,1,0
30,33.75,5,24,3,0
12,122.34,7,80,0,1
4,59.77,4,12,0,0
9,30.46,3,33,0,0
16,19.88,2,38,1,0
18,87.56,8,51,0,0
29,107.81,3,2,1,0
4,101.1,4,9,0,1
27,50.87,3,5,1,0
47,29.92,4,41,2,0
32,34.63,5,23,2,0
58,19.47,8,1,3,0
8,47.13,2,15,0,0
4,43.83,5,37,1,0
14,60.96,6,10,1,0
58,42.7,7,10,1,0
44,49.3,3,4,0,0
39,67.4,7,7,1,0
18,80.98,4,4,1,0
14,88.35,4,1,1,0
18,29.95,3,14,1,0
12,47.52,3,44,0,0
28,89.2,3,1,2,0
60,65.1,2,64,0,0
58,36.06,6,4,2,0
1,147.38,4,24,1,0
58,42.88,2,1,0,0
1,42.35,5,2,1,0
48,58.63,5,98,0,1
8,58.49,2,5,0,0
39,27.06,6,9,1,0
2,62.87,5,26,0,0
35,74.75,5,4,1,0
32,69.61,5,6,0,0
12,67.79,3,7,0,0
19,26.22,5,1,1,0
29,52.31,5,41,1,0
8,114.33,8,58,0,0
28,63.47,5,12,1,0
48,67.37,4,32,0,0
37,34.59,6,30,0,0
6,53.85,8,7,0,0
40,49.31,2,55,0,0
48,68.71,5,9,1,0
28,70.54,5,60,0,0
12,43.71,7,28,0,0
10,65.68,9,12,0,0
31,64.82,8,5,1,0
41,55.42,7,2,0,0
59,96.46,8,17,1,0
27,55.79,2,0,0,0
38,33.42,3,39,0,0
52,58.5,1,11,0,0
35,61.09,6,5,0,0
21,62.66,8,15,1,0
17,83.88,4,7,3,0
53,53.26,3,6,1,0
45,36.79,5,2,0,0
30,28.09,7,2,0,0
50,98.98,5,23,0,1
35,43.9,5,70,0,0
1,47.07,6,7,0,1
28,184.0,3,3,0,0
36,31.6,8,14,0,0
22,71.59,5,10,0,0
32,99.21,6,2,0,0
11,45.92,5,29,0,0
24,47.81,6,30,0,0
15,24.77,8,13,0,0
13,63.8,8,48,1,0
39,50.12,2,9,0,0
34,71.51,7,2,0,0
11,35.21,2,25,0,0
8,121.19,5,13,2,0
23,29.77,5,9,0,0
9,88.46,2,16,0,0
27,72.64,2,13,1,0
7,112.35,4,2,0,0
27,45.98,9,2,0,0
46,132.67,6,13,1,0
14,54.98,2,8,0,0
49,22.1,5,29,0,0
54,69.04,6,19,0,0
10,69.55,5,20,1,0
31,87.74,4,8,0,0
41,107.67,7,11,1,0
54,78.76,5,23,0,0
48,28.96,6,13,1,0
7,40.52,1,78,0,1
33,81.38,5,15,0,0
60,65.61,3,20,1,0
45,77.92,3,1,0,0
51,30.02,3,12,0,0
48,92.16,6,3,0,0
55,65.91,5,8,0,0
40,36.32,10,17,0,0
24,71.56,7,1,1,0
16,40.35,5,16,1,0
50,55.89,2,10,0,0
24,76.47,6,7,0,0
17,50.33,4,7,0,0
10,45.02,5,17,1,0
15,46.5,3,15,0,0
7,117.66,3,11,1,0
22,16.78,4,24,0,0
42,56.04,2,0,0,0
7,39.64,4,26,0,0
2,32.84,8,5,0,0
43,47.88,6,2,0,0
22,21.67,4,42,0,0
47,49.61,2,9,3,0
21,47.13,6,7,2,0
17,77.21,2,36,0,0
31,59.91,3,29,0,0
22,74.03,4,6,0,0
35,82.72,7,49,0,0
9,52.06,9,4,0,0
58,46.3,6,16,2,0
48,30.05,4,1,1,0
7,40.03,7,40,0,0
55,49.59,9,28,0,0
53,34.67,4,8,0,0
28,62.88,7,3,0,0
12,54.39,4,8,0,0
28,42.77,3,15,1,0
55,31.78,6,52,0,0
42,26.31,4,4,1,0
56,62.71,3,6,1,0
33,48.44,9,9,0,0
17,97.03,3,0,0,0
57,71.56,9,7,0,0
10,72.04,4,17,0,0
27,40.0,6,16,0,0
34,56.85,5,28,0,0
55,44.03,4,19,0,0
24,99.12,6,12,0,0
19,61.64,4,23,0,0
52,88.99,4,8,0,0
53,35.65,4,23,1,0
7,51.35,5,67,0,1
37,27.3,5,45,0,0
14,78.53,6,8,0,0
44,47.27,5,18,0,0
19,83.45,6,38,0,0
28,21.39,5,4,0,0
34,39.73,7,11,0,1
35,33.11,6,13,1,0
21,118.83,2,28,0,0
37,47.33,4,29,0,0
49,46.98,6,21,1,0
53,37.64,9,30,0,0
36,59.62,6,6,0,0
27,52.55,4,2,1,0
37,72.22,5,27,0,0
27,28.51,8,9,1,0
14,136.21,11,15,0,0
51,89.28,8,7,0,0
2,34.12,5,71,1,0
19,73.18,5,18,2,0
20,78.44,3,1,0,0
15,74.43,5,16,1,0
14,36.35,6,8,0,0
53,66.85,5,47,0,0
3,24.26,6,32,0,0
1,51.21,4,91,1,1
9,53.23,5,79,1,1
19,22.69,3,60,0,0
41,77.4,5,3,2,0
3,94.07,4,30,2,0
2,36.75,5,1,0,0
15,69.93,3,94,0,1
2,38.09,2,10,1,0
1,41.36,3,7,0,0
25,90.1,4,15,0,0
51,86.14,5,37,0,0
10,63.12,7,62,0,0
29,51.35,6,37,1,0
28,72.92,5,0,1,0
25,53.66,6,40,0,0
28,69.69,7,8,1,0
12,91.67,8,28,1,0
14,54.46,8,12,0,0
53,37.27,5,45,0,0
46,50.56,4,36,0,0
12,78.02,6,6,0,0
40,47.12,4,5,0,0
14,81.76,2,43,1,0
48,51.18,7,11,2,0
7,47.1,6,12,1,0
55,58.6,3,2,0,0
3,58.44,5,18,0,0
56,55.98,8,27,0,0
58,31.99,3,50,0,0
44,38.37,5,35,0,0
37,56.88,4,1,0,0
10,70.15,4,1,1,0
14,38.32,5,168,0,1
42,105.58,5,13,1,0
44,25.03,5,5,1,0
12,48.1,4,19,0,0
31,33.06,5,7,0,0
49,44.82,2,18,0,0
18,32.34,5,1,1,0
5,69.82,11,14,1,0
38,43.8,4,22,0,0
7,31.04,6,64,0,1
28,77.38,7,5,0,0
58,22.14,7,17,0,0
13,56.06,4,43,0,0
51,23.81,4,2,1,0
4,64.05,6,34,0,0
18,40.21,5,107,1,0
10,50.28,5,35,0,0
30,44.24,6,51,0,1
53,36.64,10,5,0,0
7,93.87,7,30,0,1
60,39.85,5,10,2,1
49,45.67,5,3,1,0
53,70.74,5,25,0,0
19,40.93,4,4,2,0
33,51.09,9,26,0,0
4,57.83,4,6,0,0
24,68.19,5,4,0,0
31,38.33,10,34,0,0
54,51.45,3,6,0,0
37,36.56,5,8,0,0
38,48.96,9,18,1,0
53,46.03,7,40,0,0
20,75.04,3,43,1,0
15,75.11,3,10,1,1
27,44.36,2,2,2,0
3,50.66,4,32,0,0
36,53.25,6,8,0,0
18,84.43,7,46,0,0
46,54.01,6,7,0,0
19,40.45,4,22,1,0
34,60.16,5,39,0,0
10,24.18,2,29,1,0
9,65.94,5,3,1,0
41,84.65,7,18,0,0
45,63.45,7,2,0,0
50,91.27,7,10,0,0
53,50.42,9,9,1,0
53,47.85,9,16,2,0
22,19.3,5,5,1,0
36,37.83,3,28,1,0
40,57.53,6,11,0,0
19,46.85,6,1,0,0
48,50.35,2,21,0,0
43,27.08,3,22,0,0
37,59.77,6,5,0,0
45,38.23,7,30,0,0
51,49.1,9,13,0,0
1,69.02,3,2,1,0
44,101.83,4,6,0,0
11,32.09,9,26,1,0
9,83.89,3,80,0,1
34,47.36,5,12,1,0
35,74.9,5,0,1,0
56,39.43,4,1,0,0
47,41.05,3,8,0,0
5,55.39,5,44,1,1
41,65.83,4,8,1,0
27,35.5,3,7,1,0
47,88.95,3,48,0,0
34,63.4,5,10,1,0
38,53.44,6,11,2,1
3,56.11,6,20,1,0
50,61.8,7,18,0,0
59,51.1,5,15,2,1
7,113.92,10,20,0,0
43,34.52,4,39,0,0
52,46.05,8,31,0,0
24,32.85,5,26,1,0
23,32.91,3,0,2,0
48,30.71,5,24,1,0
12,59.98,3,30,0,1
46,22.62,5,22,1,0
11,21.18,4,15,0,0
26,32.92,10,13,0,0
18,48.18,4,8,1,0
13,59.59,7,33,0,0
25,39.31,4,31,1,0
3,50.61,7,25,0,0
53,90.77,7,11,0,0
2,47.59,6,4,0,0
27,43.89,8,41,0,0
23,78.29,2,23,0,0
35,53.88,7,44,0,0
7,60.95,4,26,0,1
4,53.46,5,6,0,0
5,45.27,5,8,1,0
13,26.86,4,21,0,0
34,78.27,4,61,1,0
2,80.71,2,20,0,0
39,99.64,5,33,0,0
39,34.11,6,24,1,0
11,69.04,5,35,0,0
44,36.02,2,9,0,0
18,36.53,8,8,1,0
54,29.92,5,15,0,0
10,60.69,2,19,0,0
22,68.67,4,1,1,0
44,95.2,3,5,1,0
11,56.77,10,85,0,0
40,50.16,4,11,0,0
4,75.87,7,16,0,0
41,62.41,4,15,1,0
21,51.31,3,25,0,0
6,48.77,7,19,0,0
34,68.02,6,16,0,0
6,46.82,5,0,0,0
38,27.84,3,8,1,0
50,41.65,8,4,1,0
18,120.75,6,17,1,0
25,85.25,3,13,2,0
56,68.86,4,5,0,0
39,153.33,7,31,0,0
30,60.09,5,31,1,0
42,67.62,5,1,0,0
53,51.76,3,8,0,0
40,56.64,6,11,0,0
21,53.82,7,4,0,0
58,100.62,3,13,0,0
26,63.65,3,7,2,0
52,200.76,6,22,0,0
20,51.24,7,25,0,0
42,59.74,6,41,2,0
35,42.59,9,14,1,0
21,35.15,3,46,0,1
20,46.2,8,41,0,0
8,68.07,7,10,0,0
51,54.71,7,8,1,0
1,19.8,6,31,1,0
58,82.86,5,57,1,0
57,94.6,4,6,1,0
13,54.91,4,2,1,0
57,46.56,5,7,0,0
44,23.87,5,11,1,0
43,56.03,6,20,1,0
8,40.11,3,5,2,0
8,27.84,5,20,0,0
41,84.78,4,6,0,0
55,96.66,6,25,0,0
37,38.29,9,2,1,0
32,43.16,5,19,1,0
39,57.57,1,4,1,0
31,87.86,3,5,0,0
7,54.25,6,7,0,0
12,65.16,3,4,0,0
55,73.35,6,43,0,0
8,61.68,6,9,0,0
59,45.13,7,15,0,0
3,25.81,5,5,0,0
11,41.78,3,8,0,0
41,55.74,3,29,1,1
59,79.07,5,4,0,1
27,32.53,5,90,0,0
40,66.44,8,62,0,0
31,50.44,8,34,0,0
44,39.98,5,1,0,0
41,52.89,5,28,2,0
25,53.53,5,63,0,0
42,54.81,3,80,1,0
43,34.1,8,38,0,0
19,48.29,6,50,0,0
29,128.79,5,21,0,0
34,67.18,4,13,2,0
3,33.59,13,1,1,0
12,65.54,5,5,1,0
53,41.17,5,26,1,1
33,55.45,4,8,1,0
34,89.4,5,35,0,0
58,106.8,6,12,0,0
10,50.4,4,3,1,0
38,56.94,8,15,1,0
46,62.08,7,6,1,0
8,87.31,3,70,0,1
49,49.93,6,35,1,0
44,43.8,5,22,0,0
18,53.05,7,75,0,0
20,55.23,5,39,1,0
9,58.15,4,1,0,0
25,114.26,1,7,0,0
13,35.22,10,9,1,0
34,34.04,8,24,0,0
7,47.57,4,1,1,0
24,54.25,3,18,1,0
16,57.6,6,15,1,0
3,131.49,4,3,0,0
39,49.98,5,1,0,0
47,49.17,3,33,0,0
23,69.52,7,6,1,0
48,118.03,5,30,0,0
3,26.16,6,3,0,0
43,79.72,3,2,2,0
47,92.36,7,5,1,0
17,73.44,6,10,0,0
19,65.23,3,6,1,0
14,82.46,7,93,0,0
25,81.68,6,17,0,0
47,34.62,5,13,1,0
15,33.66,7,1,0,0
5,87.12,2,32,2,0
4,35.35,4,4,0,0
9,55.93,4,28,0,0
54,69.49,3,31,3,0
16,41.84,4,27,0,0
45,72.15,2,0,2,0
55,15.52,3,3,1,0
4,65.59,3,5,0,0
53,52.05,4,30,0,0
52,57.6,1,1,2,0
13,74.32,6,8,0,0
26,60.39,9,1,0,0
32,60.57,3,25,0,0
8,90.73,5,10,0,0
60,45.27,8,16,0,0
33,100.32,3,9,1,0
12,66.74,6,14,3,0
40,42.2,6,58,1,0
15,33.98,5,50,0,0
45,65.55,6,31,1,0
7,52.7,2,14,1,0
43,66.5,6,33,1,0
56,150.12,4,15,1,0
23,50.58,5,91,1,0
3,30.94,8,9,0,0
15,49.45,5,5,0,0
29,64.34,7,20,1,0
44,80.25,5,1,0,0
54,74.16,5,17,0,0
12,48.2,7,3,2,0
33,58.31,1,15,0,0
26,40.61,5,18,0,0
56,53.68,7,17,0,0
17,31.82,6,33,0,0
25,30.01,4,19,1,0
3,51.18,6,4,0,0
46,60.91,5,6,1,0
14,28.86,2,29,0,0
21,55.54,4,45,0,0
27,43.03,2,39,1,0
12,31.33,4,13,0,0
1,42.44,5,4,0,0
24,63.99,3,25,1,1
17,64.5,5,1,0,0
6,40.23,8,21,0,0
38,63.83,6,14,1,0
11,64.6,5,66,0,0
42,43.18,2,1,1,0
28,79.81,5,2,0,0
60,24.22,10,5,2,1
47,30.97,6,16,2,0
8,91.85,5,13,0,0
55,102.91,3,8,0,0
26,77.37,3,82,0,0
57,27.2,3,43,0,0
24,43.74,3,13,0,0
59,89.05,5,4,0,0
24,19.58,4,8,1,0
27,69.37,5,52,1,1
50,57.71,6,33,2,0
2,58.56,5,12,1,0
8,62.96,7,4,1,0
60,54.71,8,47,0,0
52,78.38,5,17,1,0
10,60.97,5,12,0,0
8,66.85,7,15,0,0
30,30.37,3,8,2,0
28,56.86,4,9,0,0
8,37.74,3,22,0,1
7,62.66,2,24,1,0
18,44.84,5,10,0,0
8,87.1,4,54,0,0
11,26.95,6,8,1,0
22,37.81,9,17,0,0
27,41.07,4,55,0,0
31,77.18,4,8,0,0
57,56.29,6,13,2,0
18,56.28,8,1,3,0
5,70.66,9,0,0,0
58,47.95,4,27,0,0
42,54.02,8,36,0,0
51,84.57,7,37,0,0
18,77.67,3,29,0,0
11,78.95,4,25,1,0
14,57.32,7,15,0,0
23,51.31,6,10,0,0
54,65.04,7,12,0,1
9,40.61,5,11,0,0
17,57.02,3,34,1,0
44,38.69,5,39,0,0
16,96.98,4,25,0,1
58,40.44,2,28,1,1
28,41.65,5,5,1,0
34,58.46,6,1,1,0
17,28.75,3,7,1,0
50,58.54,5,4,0,0
44,28.19,11,18,1,0
5,74.16,6,31,0,0
26,51.55,4,15,0,0
48,33.43,7,38,0,0
6,24.92,6,29,0,0
21,61.0,6,10,0,0
17,32.5,4,13,0,0
55,32.4,6,21,0,0
1,63.73,8,70,1,1
21,43.58,5,27,1,0
59,31.2,3,4,1,0
24,57.59,2,69,0,1
33,65.16,5,6,2,0
32,84.92,5,8,0,0
56,59.38,2,5,0,0
46,37.97,7,12,0,0
48,76.43,6,3,0,0
31,43.97,5,42,0,0
9,49.91,3,19,0,0
49,29.08,6,6,0,0
20,32.85,6,12,1,0
14,65.03,7,38,0,0
11,101.33,5,15,1,0
38,88.59,3,1,0,0
32,44.67,3,2,0,0
39,46.02,5,15,0,1
16,158.77,9,34,0,0
15,36.87,5,15,0,0
31,59.6,5,3,0,0
40,86.62,4,24,1,0
39,44.51,6,40,0,0
24,57.35,4,32,1,1
11,45.19,6,51,0,0
14,107.81,5,6,1,0
18,47.56,3,25,0,0
54,62.77,3,1,1,0
17,75.3,7,9,0,0
60,51.88,1,13,0,0
42,30.59,5,4,0,0
23,29.89,6,20,0,0
53,64.28,5,26,2,1
34,71.15,2,2,0,0
31,61.38,6,2,0,0
34,75.29,4,60,1,0
12,39.23,4,33,0,0
55,45.68,4,56,0,0
1,39.95,5,1,0,0
15,27.35,5,8,0,0
11,50.18,9,42,0,0
14,96.43,8,29,0,0
31,58.71,4,26,1,0
1,24.03,5,22,1,0
27,111.94,6,1,1,0
27,104.01,7,18,0,0
53,90.92,5,11,0,0
35,42.39,5,10,0,0
19,55.72,5,20,0,0
32,95.08,3,19,0,0
33,34.06,4,12,0,0
26,49.0,6,31,0,0
29,61.68,3,26,1,0
27,51.98,5,8,0,0
12,61.84,8,46,0,0
10,46.93,10,2,1,0
14,102.18,4,14,2,0
48,49.4,3,5,1,0
44,62.25,5,34,0,0
5,43.41,4,20,0,0
41,30.23,6,1,0,0
29,52.6,3,5,0,1
40,84.24,4,31,0,0
60,62.62,6,41,2,0
10,73.42,6,6,1,0
5,48.16,3,14,2,0
43,47.03,6,4,2,0
16,68.6,6,11,0,0
22,52.49,9,56,0,0
47,49.59,5,13,0,0
19,50.31,3,11,0,0
37,111.42,9,41,1,0
1,94.54,8,50,1,0
15,64.82,6,1,1,0
49,42.22,4,2,0,0
50,86.64,6,19,0,0
52,41.17,10,8,0,0
14,89.77,5,21,1,0
29,35.66,6,29,0,0
51,45.63,6,12,0,0
16,43.74,9,7,1,0
21,74.72,2,4,0,0
34,108.53,7,2,1,1
7,61.06,3,17,0,0
11,82.21,3,34,0,0
3,81.29,3,6,0,0
42,59.31,3,6,1,1
16,56.42,3,9,0,0
53,97.9,7,10,0,0
32,72.28,4,24,1,0
50,48.36,4,8,0,0
22,56.89,4,1,0,0
31,43.67,4,15,3,0
14,72.46,2,11,0,0
9,44.5,7,22,1,0
1,48.51,7,2,0,0
40,69.85,6,12,0,0
19,46.25,4,1,1,0
57,72.82,4,10,0,0
58,46.24,6,5,0,0
47,53.49,4,28,0,0
42,91.2,1,7,0,0
13,95.05,3,18,0,0
2,119.61,5,50,1,0
37,71.87,6,18,0,0
52,51.2,5,27,0,0
34,108.4,5,11,1,0
23,30.44,4,11,0,0
50,66.3,3,18,0,0
45,42.79,4,7,1,0
8,53.21,4,13,2,0
53,43.69,4,17,0,0
41,118.72,6,47,0,1
60,33.96,1,28,0,0
28,78.27,7,19,1,0
43,57.25,7,51,1,0
14,61.45,4,3,0,0
59,55.43,5,2,0,0
1,43.77,3,106,0,1
53,51.28,4,10,0,0
49,63.29,6,14,1,0
28,36.65,3,77,0,1
54,29.43,6,11,0,0
12,89.91,5,16,1,1
30,31.14,5,6,0,0
39,20.91,10,23,0,0
57,113.84,5,8,0,0
13,69.0,4,4,0,0
25,119.22,3,9,0,0
22,33.89,3,3,0,1
44,68.02,9,2,2,0
25,58.65,5,4,0,0
6,62.66,6,4,1,0
52,54.33,3,1,0,0
20,65.55,3,32,0,0
5,81.73,8,2,0,0
24,95.31,2,3,2,0
23,76.64,7,0,0,0
37,29.03,3,4,1,0
11,48.89,5,1,1,0
53,22.63,5,23,0,0
27,60.52,8,9,0,0
5,93.92,3,7,0,0
13,34.13,2,96,0,1
3,61.62,4,3,0,0
17,53.08,3,10,0,0
59,55.35,6,11,0,0
35,114.81,6,1,1,0
51,51.45,3,5,1,0
53,75.62,6,49,0,0
5,50.05,3,1,1,0
25,53.32,5,1,0,0
2,52.48,8,17,1,0
55,63.39,3,29,0,0
19,41.61,6,29,1,0
59,25.11,1,29,1,0
56,53.34,6,4,2,0
17,41.66,7,11,0,0
53,49.01,1,3,0,0
35,29.1,3,1,0,0
53,63.94,6,9,0,0
42,31.74,6,28,0,0
19,78.12,5,1,0,0
56,67.09,7,16,1,0
57,45.89,2,3,0,0
28,82.26,5,4,0,1
16,55.33,8,7,2,0
19,60.26,3,6,1,0
58,78.97,4,8,0,0
36,63.19,10,85,0,0
29,33.93,8,49,0,0
24,55.23,3,13,2,0
26,81.01,6,27,2,0
28,32.52,9,1,0,0
24,66.1,6,19,2,0
34,48.76,4,33,0,0
42,159.09,4,2,0,0
11,85.16,4,26,0,0
16,145.27,6,3,3,0
27,53.28,3,2,0,0
35,69.47,7,8,0,0
52,77.96,3,43,2,0
49,51.38,3,18,0,0
60,123.04,6,6,0,0
20,48.52,10,8,1,0
55,54.26,5,11,0,0
11,61.2,7,35,1,0
15,50.12,3,2,0,0
33,52.76,8,100,0,0
38,162.24,5,19,0,0
2,77.02,8,26,2,0
7,112.11,5,8,0,0
55,76.62,3,16,0,0
16,39.15,6,6,0,0
46,42.46,7,3,0,0
30,36.53,3,3,0,0
33,61.06,2,10,0,0
27,58.46,5,33,4,0
19,28.49,5,40,0,0
57,48.05,5,3,1,0
22,54.65,2,40,1,1
52,46.35,7,9,0,0
55,64.04,11,32,1,0
52,46.58,10,4,0,0
32,38.82,6,0,1,1
48,56.43,5,54,0,0
58,70.84,5,24,0,0
46,58.68,6,10,0,0
12,121.36,6,36,0,0
38,50.31,4,11,1,0
17,63.54,3,45,0,0
24,63.6,3,0,0,0
29,87.7,2,2,0,0
1,44.37,4,11,0,0
56,71.54,7,8,0,0
8,73.82,3,11,1,0
26,28.95,4,18,0,0
3,55.67,5,33,0,0
25,69.87,5,16,0,0
50,56.34,9,32,0,0
5,133.03,5,24,1,0
30,71.22,6,1,0,0
48,64.23,6,40,0,0
42,71.71,1,42,0,0
5,74.78,6,15,0,0
14,59.44,6,16,0,0
42,49.99,3,1,0,0
5,50.66,5,3,0,0
29,39.53,12,81,1,0
29,52.38,4,63,1,0
15,44.88,4,5,1,0
5,44.81,7,21,0,0
6,112.42,5,54,0,0
25,40.68,2,1,0,0
14,47.15,6,43,0,0
18,34.54,5,6,1,0
48,122.1,4,29,0,0
15,49.89,7,31,0,0
33,33.34,10,0,0,0
22,57.19,4,6,2,1
49,26.9,4,59,1,0
34,83.36,4,11,1,0
13,30.42,6,24,2,0
15,72.51,7,4,1,0
12,50.69,5,43,1,0
47,60.18,6,11,0,0
2,39.64,2,14,0,0
19,87.15,6,11,1,0
22,47.23,8,42,1,1
43,24.02,5,9,1,0
58,15.16,2,75,0,0
53,62.49,4,60,2,1
35,98.62,4,2,0,0
14,50.9,5,15,1,0
15,50.41,3,8,0,0
37,40.27,6,17,0,0
18,58.81,7,57,0,0
26,63.53,11,12,0,0
16,58.94,5,15,1,0
26,31.8,4,3,0,0
34,27.63,6,36,0,0
55,28.36,4,2,1,0
55,42.46,4,0,0,0
31,37.91,5,8,0,0
30,59.36,2,6,0,0
25,33.4,7,45,0,0
20,60.3,8,27,0,0
42,89.8,2,43,2,0
8,91.97,7,8,0,0
40,84.32,6,11,2,1
55,47.12,4,29,0,0
48,63.52,6,24,3,0
25,55.61,6,4,1,0
13,71.38,6,19,2,0
22,46.3,4,7,1,0
58,49.48,7,3,1,0
20,53.94,3,42,0,1
13,73.96,6,34,0,0
31,114.13,6,0,2,0
9,54.2,5,15,0,0
47,58.02,5,16,0,0
36,54.97,3,20,2,0
46,146.66,5,3,0,0
42,39.71,12,26,2,0
55,36.44,3,6,0,0
15,67.33,8,30,0,0
24,75.55,6,5,0,0
36,40.75,6,5,1,0
12,62.44,5,44,0,0
16,54.86,7,28,1,1
43,50.42,6,10,0,0
28,43.87,8,2,0,0
8,57.51,5,22,0,0
59,23.61,9,3,1,0
56,43.55,3,33,0,0
34,136.38,8,24,0,0
35,58.36,9,4,0,0
30,37.75,6,25,0,0
42,91.84,5,29,0,0
47,86.64,3,27,0,0
40,73.12,4,4,0,0
46,66.67,4,9,1,0
5,43.31,6,12,0,0
47,65.38,3,0,0,0
5,55.09,4,5,0,1
23,66.06,3,32,1,0
45,51.25,3,6,0,0
44,39.11,5,132,0,0
32,87.77,8,10,0,0
41,62.65,12,9,0,0
17,40.78,4,4,1,0
5,55.75,4,3,0,0
53,52.13,3,1,0,0
17,46.01,4,29,0,0
27,32.44,6,0,1,0
42,102.73,3,23,1,0
3,30.4,3,9,0,0
45,34.19,2,13,1,0
16,64.47,8,50,0,0
3,59.12,3,8,1,0
37,56.48,6,19,0,0
6,69.39,6,25,0,0
37,52.78,5,3,1,0
30,65.38,2,57,0,0
57,184.04,8,9,0,0
29,44.54,3,62,0,1
46,50.64,5,9,0,0
6,45.24,4,11,0,1
5,43.73,6,3,0,0
14,34.55,4,16,0,0
57,101.41,4,29,0,0
24,62.39,6,19,2,0
4,36.17,5,36,1,0
14,81.91,2,12,0,0
38,30.36,8,4,1,0
12,78.22,4,15,0,0
26,57.47,8,9,1,0
47,56.67,6,13,1,0
60,79.36,4,37,2,0
11,57.58,6,13,0,0
60,37.12,4,31,0,0
44,34.15,4,1,1,0
22,69.33,5,6,0,0
10,39.38,3,22,0,0
47,40.22,7,7,0,0
7,55.96,6,33,0,0
34,40.83,6,24,0,0
37,54.85,4,51,0,0
20,47.21,6,58,0,0
48,33.55,6,35,0,0
47,45.89,4,2,1,0
26,46.7,10,5,1,0
32,76.3,2,41,1,0
17,140.12,4,2,0,0
22,38.76,5,24,0,0
54,42.76,9,10,1,0
17,30.68,4,38,1,0
55,24.69,4,9,1,0
49,61.05,8,29,0,0
4,49.89,2,3,0,0
11,59.93,2,26,0,0
21,43.62,4,6,0,0
29,40.67,2,9,0,0
34,50.97,5,59,0,0
16,89.81,3,7,1,0
19,46.45,3,14,1,0
37,78.25,3,39,0,0
52,52.3,7,4,0,0
5,82.51,2,0,1,0
37,86.96,4,3,0,0
1,79.37,3,14,0,0
11,59.41,4,74,1,1
42,139.61,3,83,1,0
39,46.25,1,5,0,0
20,32.71,6,1,1,0
12,91.67,5,15,1,0
27,31.36,9,29,0,0
53,41.63,10,6,0,0
35,85.84,4,13,1,0
32,32.79,7,2,0,0
42,55.31,4,15,1,0
22,61.78,4,20,0,0
42,38.46,6,11,0,1
53,32.53,6,7,1,0
4,54.24,4,2,1,0
4,57.45,6,4,1,0
12,50.66,5,59,0,1
41,60.93,3,37,0,0
37,45.14,8,41,4,0
4,61.0,6,9,1,0
46,48.04,2,31,0,0
60,56.57,3,61,0,0
9,14.52,7,6,0,0
9,23.82,5,7,0,0
47,44.12,6,40,0,0
47,171.87,4,6,0,0
1,47.84,4,20,2,0
24,33.75,4,63,1,0
43,58.17,8,37,0,0
31,87.47,7,3,0,0
38,48.94,4,4,1,0
31,57.29,11,4,1,0
40,105.64,6,5,1,0
31,40.96,3,7,0,1
6,88.28,4,4,0,0
48,22.02,3,2,0,0
58,43.91,5,11,0,0
48,46.28,7,38,1,0
58,101.22,6,45,1,0
45,62.87,4,17,0,0
4,58.59,4,17,0,0
32,42.3,6,31,0,0
5,48.6,4,50,0,0
54,53.74,3,17,1,0
19,35.46,8,1,0,0
20,50.4,2,30,1,0
16,50.02,2,12,1,1
38,103.15,6,8,0,0
31,100.48,7,24,0,0
30,99.68,8,9,0,0
2,27.36,3,18,0,0
60,85.17,4,11,1,0
21,53.35,5,1,0,0
37,98.21,6,110,1,0
22,50.16,5,6,0,0
24,31.84,8,3,0,0
49,33.57,2,10,1,0
52,26.78,3,63,0,1
11,49.1,4,13,1,0
45,42.67,4,9,0,0
9,48.04,3,1,0,0
9,53.62,5,36,0,0
21,74.7,1,0,3,0
40,30.91,1,6,1,0
33,45.36,4,20,0,0
39,74.24,6,1,0,0
42,42.56,4,144,1,1
51,64.29,10,6,2,0
34,101.95,3,0,0,0
46,113.57,4,17,0,0
57,43.38,7,5,0,0
32,67.12,5,1,0,0
28,40.52,6,43,0,0
29,48.42,4,27,0,0
55,35.85,6,18,0,0
14,83.13,2,40,0,0
29,54.38,1,3,0,1
31,57.09,2,6,1,0
12,39.37,5,2,2,0
49,36.46,5,29,0,0
7,86.12,2,19,1,0
39,79.71,6,11,0,0
33,46.19,6,70,1,1
7,103.34,7,4,3,0
30,58.57,8,14,0,0
19,33.18,3,1,1,0
30,33.54,5,7,1,0
13,52.58,9,30,1,0
53,25.86,5,10,0,0
39,50.69,8,31,2,0
36,77.46,5,15,0,0
11,33.57,4,62,1,0
51,25.72,3,28,1,0
17,45.31,5,7,0,0
57,102.34,6,4,1,0
10,63.22,7,27,2,0
31,48.19,4,16,1,0
10,61.41,5,5,1,0
32,90.32,4,25,1,0
18,80.3,4,6,1,0
11,42.81,7,20,0,0
46,29.2,6,2,0,0
22,104.79,4,13,3,0
9,127.71,5,9,3,1
29,35.86,6,6,0,0
42,47.33,9,35,0,0
9,63.19,7,4,0,0
54,62.36,5,1,0,0
18,43.36,2,12,0,0
53,60.67,3,3,0,0
36,32.33,6,32,0,0
1,58.58,6,10,1,0
8,60.18,7,19,0,0
22,80.08,3,9,0,0
22,36.34,3,18,0,0
24,39.25,5,43,0,0
12,93.93,5,26,2,0
31,71.86,6,7,0,0
32,161.08,4,6,0,0
56,158.65,2,40,1,0
42,25.39,3,2,0,0
2,77.89,5,59,0,0
55,47.34,1,7,0,0
46,62.33,2,15,0,0
56,81.98,6,4,0,0
15,24.42,4,24,0,0
12,56.73,6,5,0,0
37,97.23,8,16,0,0
59,68.61,7,33,2,0
34,103.65,5,6,0,0
11,33.55,8,1,2,0
12,58.34,4,4,2,0
44,35.11,10,21,0,0
5,37.73,3,2,0,0
4,63.71,3,94,1,1
39,52.36,7,25,0,0
25,51.15,5,2,0,0
7,90.82,4,14,0,0
35,55.84,9,20,0,0
2,86.52,3,2,0,0
16,47.18,4,28,0,0
50,33.06,4,0,0,0
39,59.46,5,28,2,0
7,72.39,4,2,1,0
21,76.54,4,19,1,0
57,57.56,7,26,0,0
26,63.23,3,17,0,0
25,26.29,6,65,2,0
35,66.34,4,5,0,0
51,87.7,4,14,0,0
45,94.78,4,8,1,0
52,52.7,7,18,0,0
14,34.2,9,61,1,0
16,54.67,3,2,0,0
28,26.02,5,24,1,0
6,110.38,4,10,1,0
58,92.44,8,64,0,0
14,61.22,2,19,2,0
11,38.12,5,9,1,0
45,42.91,4,12,1,0
59,82.52,5,8,0,0
38,54.23,7,2,0,0
59,141.98,6,6,0,0
47,61.08,4,20,1,0
1,36.13,5,13,1,0
24,60.46,7,17,1,0
44,65.61,10,10,1,0
42,45.81,8,32,0,1
19,86.75,2,82,1,1
54,87.32,6,28,1,0
12,60.63,4,4,1,0
7,50.43,4,66,1,0
36,70.78,2,6,0,0
36,50.02,7,4,1,0
35,63.46,5,10,3,0
7,77.61,4,19,0,0
21,40.15,3,13,1,0
57,85.61,2,5,0,0
19,53.87,10,6,0,0
16,46.3,7,7,1,0
37,146.22,2,5,0,0
9,71.84,7,1,0,0
9,21.09,6,2,0,0
1,61.09,4,13,0,0
50,48.05,10,17,2,0
40,45.85,9,8,1,0
39,60.99,7,7,1,0
20,32.57,2,4,0,0
5,53.61,7,36,0,1
23,30.75,1,31,0,0
39,49.25,8,23,1,0
21,29.71,4,13,1,0
44,71.89,3,17,3,0
27,27.02,4,1,0,0
51,75.45,2,4,0,0
29,47.78,3,3,1,0
48,43.54,2,11,0,0
10,52.79,4,12,0,0
45,46.83,4,22,1,1
17,66.02,5,74,0,0
34,60.78,8,2,0,0
8,77.49,10,21,0,0
38,67.91,7,11,0,0
54,57.34,6,60,0,0
25,45.45,6,20,1,0
18,108.53,7,33,1,0
58,106.88,6,1,0,0
14,46.33,4,1,0,0
54,55.17,7,2,0,0
58,25.95,5,20,0,0
7,64.85,3,12,1,0
1,56.41,5,21,1,0
32,59.1,7,13,1,0
43,37.17,4,23,1,0
13,55.84,5,26,0,0
2,116.08,3,28,0,0
49,61.04,6,21,2,0
49,42.47,4,26,1,0
21,50.43,2,28,1,0
60,46.08,6,30,0,0
58,61.04,1,17,0,0
57,47.97,4,24,1,0
24,98.96,5,6,1,0
50,65.08,6,59,2,1
4,47.91,4,6,0,0
9,39.62,4,10,0,0
15,32.78,3,4,1,0
54,67.82,8,15,0,0
30,54.14,5,41,0,0
12,98.72,4,8,0,1
25,31.68,6,1,0,0
49,97.23,6,0,1,0
18,76.5,5,10,1,0
58,41.09,3,7,1,0
35,69.83,6,59,1,0
25,70.89,8,1,0,0
9,83.21,4,17,1,0
5,149.85,3,15,1,0
2,79.63,6,17,0,0
37,69.0,4,3,1,0
7,63.91,1,34,2,0
56,85.57,4,3,0,1
31,51.02,5,20,0,0
39,72.16,4,2,0,0
57,59.31,6,14,0,0
13,53.19,3,35,1,0
27,47.81,2,44,0,0
15,42.97,5,49,0,1
42,61.23,5,11,0,0
52,59.29,7,1,1,0
35,52.2,5,36,1,0
16,57.42,4,38,1,0
25,66.54,8,8,1,0
58,38.19,4,37,0,1
24,70.79,5,11,0,0
46,55.18,9,16,0,0
49,98.87,3,1,0,0
50,42.24,3,13,1,1
21,63.73,5,39,1,0
27,69.11,8,1,0,0
34,51.71,10,30,1,0
53,70.55,3,63,0,0
22,32.33,4,1,0,1
4,74.15,7,31,1,0
18,54.02,7,5,0,0
52,81.62,6,11,0,0
40,57.31,4,7,0,0
6,49.18,3,6,0,0
56,47.59,3,53,0,0
39,78.3,3,10,1,0
7,71.76,5,70,1,1
24,38.19,6,3,1,0
3,48.33,6,27,0,0
53,54.77,6,9,0,0
43,85.09,4,3,2,0
9,43.32,4,12,0,0
9,73.5,7,14,0,0
26,56.46,7,14,0,0
22,98.01,4,8,1,0
10,24.74,7,10,1,1
7,45.38,5,15,1,1
33,60.74,4,43,0,0
38,60.62,4,8,0,0
43,42.35,4,37,1,0
6,34.1,4,31,0,0
27,51.13,4,61,0,0
44,61.87,8,3,0,0
57,23.62,3,19,0,0
30,40.97,7,2,0,0
43,37.99,7,33,1,1
2,90.14,3,10,0,0
3,62.44,3,35,0,0
55,51.31,7,15,0,0
20,79.61,3,4,0,0
6,38.46,4,50,0,0
25,19.6,4,30,0,0
49,62.7,2,10,0,0
47,80.59,4,8,0,0
41,34.66,6,38,0,0
25,24.26,2,2,0,0
30,110.07,7,63,1,0
14,48.09,5,54,1,0
39,93.12,3,12,0,0
41,49.64,2,30,0,0
60,59.73,3,61,1,0
54,52.06,6,44,0,0
26,29.85,4,60,2,0
39,28.98,4,15,0,0
59,24.91,5,8,0,0
27,144.94,7,52,0,0
7,56.99,5,4,0,0
36,60.74,4,6,1,0
14,32.67,4,34,0,0
1,29.51,2,35,0,1
17,35.35,6,7,0,0
45,58.53,1,1,1,0
57,33.23,9,14,0,0
35,57.61,7,30,0,0
31,55.85,6,44,0,0
28,41.85,4,32,1,0
12,69.94,2,42,0,0
15,71.84,6,7,0,0
14,47.21,6,35,2,0
40,65.02,8,15,1,0
21,62.81,4,77,0,0
20,29.33,5,47,1,1
35,71.26,5,10,1,0
34,70.55,6,5,1,0
32,35.85,7,13,0,0
16,59.65,5,8,0,0
35,47.6,1,41,0,0
1,28.46,7,8,0,0
3,47.49,4,37,0,0
15,43.1,9,26,1,0
31,57.32,4,32,0,0
47,33.76,4,46,0,0
32,69.97,2,19,1,0
23,61.05,4,22,1,0
1,59.2,4,2,0,0
29,117.06,6,34,0,0
27,52.54,5,84,0,0
21,40.68,3,10,0,0
17,32.84,3,6,0,0
33,77.1,3,3,1,0
7,40.39,5,3,1,0
26,46.66,5,18,0,0
14,45.23,3,12,1,0
1,41.4,9,18,3,0
37,58.85,7,4,1,0
37,63.0,5,58,0,0
5,45.66,6,16,2,0
28,120.43,2,80,0,1
55,67.62,6,24,0,0
22,50.93,6,4,0,0
16,50.28,5,60,0,1
13,46.12,2,0,0,0
28,38.64,4,82,0,1
46,87.57,8,5,1,0
15,81.82,4,17,1,0
45,76.39,4,11,0,0
31,44.79,3,23,0,0
30,48.06,5,12,1,0
9,29.62,7,21,0,0
37,32.74,3,7,0,0
30,123.03,5,30,0,0
33,58.44,7,12,1,0
15,60.67,5,4,1,0
17,49.59,5,3,2,0
16,60.66,7,10,0,0
46,36.98,2,16,0,0
23,68.76,3,14,0,0
12,52.2,6,57,1,0
18,86.18,4,10,1,0
57,47.73,3,59,0,0
53,54.73,4,25,1,0
59,85.15,6,32,0,0
51,40.35,5,3,0,0
27,55.37,4,21,0,0
34,63.23,3,11,2,0
22,50.35,5,18,0,0
47,88.07,9,2,0,0
22,37.93,4,48,1,0
42,38.35,2,4,2,0
36,108.38,8,48,1,0
32,55.32,4,34,1,0
21,63.59,7,14,0,0
52,32.09,6,21,1,0
10,62.97,2,10,1,1
11,55.06,8,17,0,0
17,73.09,6,24,0,0
3,37.7,3,5,0,0
4,91.9,5,30,1,0
30,86.81,7,26,1,1
18,56.8,2,21,1,0
5,59.1,5,59,1,0
17,26.24,7,12,0,1
54,81.56,5,2,0,0
44,57.51,5,37,0,1
26,68.25,5,1,0,0
32,75.84,5,30,1,0
3,67.92,3,25,1,0
36,76.61,7,15,0,0
58,65.62,5,0,0,0
57,38.76,7,4,2,0
10,53.66,10,3,1,0
14,45.6,6,29,1,0
60,75.36,7,3,1,0
17,72.87,6,6,1,0
1,53.75,7,39,0,0
41,103.02,10,91,1,1
38,84.17,7,2,0,0
26,63.34,5,69,1,1
57,54.86,6,9,2,0
49,34.88,6,63,0,0
31,51.61,3,5,0,0
56,34.97,3,8,0,0
31,32.97,3,11,0,0
47,43.77,8,33,2,0
54,30.33,4,40,0,0
23,54.52,7,9,0,0
39,38.53,7,33,0,0
21,39.92,2,4,0,0
49,93.89,3,12,0,0
28,93.33,4,28,0,1
45,38.57,11,14,1,0
34,55.09,5,14,1,0
1,40.18,6,2,2,0
32,116.65,7,31,0,0
1,66.97,7,12,0,0
31,75.58,10,2,0,0
40,62.95,5,37,1,0
59,55.44,3,30,2,0
42,96.3,5,25,0,0
16,29.04,2,16,0,0
57,38.5,6,2,1,1
31,36.87,7,10,0,0
44,104.71,3,18,0,0
15,102.56,5,10,0,0
13,85.11,5,13,0,0
33,40.4,5,25,0,0
3,89.01,1,8,0,0
42,40.42,5,14,1,0
17,65.57,7,10,2,0
14,60.36,9,49,1,1
24,50.9,5,0,0,0
11,68.18,4,9,1,0
12,67.52,7,2,1,1
16,57.59,5,6,0,0
18,62.04,6,14,0,0
27,55.64,4,25,0,1
1,45.9,4,2,0,0
49,75.35,5,33,0,0
37,65.25,3,19,0,0
55,43.85,5,4,0,0
49,36.43,5,9,1,0
11,73.57,3,6,0,0
58,86.11,3,67,0,0
17,56.25,3,2,1,0
58,57.92,4,6,0,0
34,115.65,5,7,0,0
58,26.85,7,27,2,0
32,58.36,3,18,0,0
57,38.59,5,31,0,0
17,38.5,5,15,1,0
33,47.65,7,66,0,1
22,46.37,6,7,0,0
13,15.71,3,21,0,0
11,58.01,9,3,0,0
35,47.53,1,17,0,0
38,93.23,6,5,1,0
14,73.5,4,31,0,0
15,28.33,2,0,0,0
32,52.58,3,76,0,1
54,139.93,6,15,0,1
59,39.27,5,5,1,0
44,33.41,7,0,0,0
49,49.2,7,1,0,0
41,34.88,4,40,0,0
30,83.88,5,8,2,0
27,51.19,4,19,0,0
55,58.89,7,27,0,0
43,43.11,5,8,1,0
35,147.51,2,18,1,0
22,33.49,5,8,0,0
28,44.53,8,11,1,0
39,78.65,3,9,0,0
56,43.62,6,4,2,0
25,61.74,8,87,0,1
46,32.4,3,13,0,0
27,59.61,4,27,0,1
21,65.06,6,3,2,0
4,61.93,5,21,1,0
16,41.56,3,8,1,0
14,35.9,7,0,1,0
47,50.64,9,26,0,0
22,39.44,5,1,0,0
38,18.53,6,12,0,0
36,45.42,7,5,0,0
34,48.03,3,24,0,0
37,51.96,8,35,0,0
18,76.59,4,28,1,0
8,107.88,4,33,0,0
45,51.44,5,21,3,0
41,62.37,6,43,1,0
12,48.0,5,29,1,1
15,71.36,5,59,0,1
35,62.57,6,35,0,0
26,54.5,3,18,0,0
9,67.97,9,11,0,0
48,37.06,4,22,1,0
18,38.9,5,3,1,0
19,61.8,9,25,1,0
17,34.52,3,22,2,0
36,48.34,5,35,1,0
13,62.92,2,3,1,0
47,43.51,4,23,0,0
46,56.84,5,3,0,0
43,54.57,6,8,1,0
4,56.55,4,59,1,0
22,83.68,5,5,0,0
17,53.88,2,2,2,0
47,52.74,6,29,0,0
49,34.29,5,50,1,0
1,85.57,6,16,0,0
1,100.8,4,17,0,0
43,102.4,4,38,3,1
45,85.47,4,31,1,0
10,34.23,5,5,0,0
48,35.61,4,13,0,0
11,49.64,2,104,0,1
20,45.21,6,15,1,0
8,61.26,5,11,1,0
31,58.13,9,19,1,0
40,43.12,5,13,1,0
12,44.82,7,63,0,0
52,81.34,5,42,0,0
48,32.91,2,17,0,0
15,71.53,10,4,0,0
30,52.12,6,11,1,0
26,57.15,5,15,1,0
29,57.22,4,4,0,0
21,49.1,5,4,1,0
57,54.3,9,28,0,0
35,23.57,7,7,0,0
40,84.87,3,32,0,0
23,35.84,4,3,0,0
7,99.73,2,29,1,1
10,72.02,4,10,1,0
58,63.91,3,133,1,1
48,38.91,5,14,0,0
6,41.67,3,11,0,0
31,70.44,5,6,1,0
18,50.86,7,12,0,0
22,72.76,5,19,0,0
42,67.22,3,0,0,0
46,65.88,7,16,0,0
18,73.28,5,13,1,0
29,41.92,8,16,0,0
14,42.03,4,14,0,0
54,75.49,5,68,1,0
28,63.5,3,36,0,0
24,38.09,10,7,2,0
41,135.54,3,0,1,0
24,56.48,5,18,1,0
32,59.24,6,14,0,0
22,69.15,3,15,0,0
26,41.16,8,11,1,0
9,34.13,2,52,2,1
47,59.31,11,26,1,0
3,36.33,4,15,1,0
17,52.55,7,0,0,0
22,58.68,7,3,0,0
34,88.21,1,18,0,0
52,42.33,3,56,2,0
56,50.47,4,2,1,0
4,113.63,7,1,1,0
48,60.7,4,13,1,0
19,52.82,5,36,1,0
47,32.61,8,38,1,0
7,45.23,6,0,2,0
7,54.24,5,14,1,0
56,100.91,9,31,0,0
22,40.14,3,29,0,0
8,81.0,7,33,0,0
31,109.7,8,1,1,0
22,33.98,3,9,0,0
34,42.31,1,14,1,0
43,83.89,2,8,0,0
56,59.61,4,2,0,0
24,51.86,5,10,1,0
21,67.23,6,33,1,0
42,27.98,4,18,1,0
52,64.03,5,9,0,0
11,35.82,6,17,0,0
21,55.99,6,55,0,0
19,49.92,4,1,0,0
5,39.15,5,20,2,0
59,37.95,7,10,1,0
47,82.24,5,3,1,0
41,83.08,3,8,0,0
22,27.67,5,16,0,0
36,54.42,4,7,0,0
39,37.97,5,54,1,0
8,70.19,5,6,0,0
46,60.23,3,32,0,0
29,57.57,4,21,1,0
56,43.71,3,8,1,0
5,35.54,4,8,1,0
35,69.67,1,10,2,0
35,27.55,8,51,1,1
45,104.58,5,11,1,0
43,33.92,4,1,0,1
15,33.39,10,15,0,0
55,59.82,4,12,1,0
21,33.92,8,45,2,0
21,59.55,8,8,0,0
15,55.13,3,12,0,0
2,52.04,6,0,1,0
56,78.2,3,49,1,0
59,30.47,3,2,0,0
57,44.99,6,3,0,0
33,85.78,4,15,0,0
4,131.78,3,53,1,1
17,50.72,5,17,0,0
36,27.35,5,17,0,0
58,83.01,3,1,0,0
53,30.33,3,10,0,0
57,36.94,8,17,0,0
5,74.42,5,82,0,1
49,49.71,6,18,1,0
38,60.87,3,2,0,0
27,92.41,3,27,0,0
29,200.54,8,22,1,0
54,28.5,10,25,0,0
49,36.27,4,6,1,0
53,35.66,7,18,0,0
18,139.62,6,9,1,0
6,51.31,4,4,0,0
46,105.97,5,3,0,0
50,54.3,6,2,1,0
12,37.09,3,17,0,0
18,54.85,5,25,0,0
54,33.34,5,3,0,0
37,99.76,10,32,0,0
51,84.23,9,14,2,0
51,24.13,5,2,0,0
27,49.7,7,41,0,0
1,46.84,2,17,0,0
19,60.41,5,9,0,0
46,36.81,6,58,0,0
40,85.38,5,76,1,1
17,31.03,6,18,0,0
34,28.9,9,27,2,0
10,56.04,4,5,2,0
13,60.22,3,60,1,1
3,42.19,6,62,0,0
39,52.72,4,10,1,1
8,90.67,3,25,0,0
17,54.43,5,64,1,0
32,33.52,7,10,1,0
59,30.45,7,34,1,0
29,60.57,4,25,1,0
42,33.22,6,5,1,0
58,59.04,8,1,3,0
23,63.42,5,101,1,1
19,82.4,5,26,0,0
48,58.79,2,13,0,0
26,45.02,4,23,0,0
39,81.47,3,7,0,0
29,38.95,5,23,0,0
23,49.91,7,21,1,0
22,67.78,4,9,0,0
44,55.43,3,10,0,0
45,70.82,6,11,1,0
48,27.3,4,21,0,0
57,170.79,3,27,0,0
57,52.1,4,2,1,0
51,42.21,4,21,0,0
29,62.49,5,17,2,0
31,67.72,4,3,1,0
26,47.46,8,35,0,0
27,37.46,5,1,0,0
39,68.23,3,2,0,0
34,104.32,7,8,0,0
34,37.28,6,15,0,1
58,87.09,4,21,0,0
29,29.17,4,8,0,0
19,41.91,3,5,2,0
17,60.88,4,24,3,0
19,97.77,4,16,0,0
25,37.96,6,24,0,0
34,60.24,5,3,0,0
44,55.43,2,3,0,0
9,33.26,3,18,0,0
40,133.33,6,20,0,0
50,122.87,5,14,0,0
20,30.66,8,23,0,0
19,44.22,4,44,0,0
8,91.17,7,13,0,0
1,48.08,4,5,2,0
1,156.8,4,9,0,0
6,36.72,5,10,0,0
45,42.52,3,5,1,0
38,54.81,6,8,0,0
22,58.11,4,8,0,0
55,72.57,4,17,0,0
16,50.1,4,1,0,0
2,30.47,4,10,0,0
55,112.99,4,5,0,0
11,103.8,7,1,0,0
53,155.84,3,8,2,0
41,37.8,13,56,1,0
60,55.75,2,12,1,0
35,70.04,5,32,1,0
21,33.71,4,8,2,0
22,67.36,4,78,1,0
27,72.1,7,14,1,0
39,23.77,8,8,2,0
27,60.12,3,28,0,0
9,26.03,6,59,0,0
13,64.03,4,22,1,0
56,34.12,11,6,2,0
12,44.61,9,10,0,0
43,28.05,3,3,0,1
45,43.54,7,8,0,0
6,21.55,5,36,0,0
45,66.23,3,3,0,0
11,87.51,3,1,0,0
21,33.54,2,10,0,0
50,36.52,4,14,1,0
6,33.3,3,5,0,0
14,71.82,10,12,1,0
51,100.76,9,45,0,0
6,86.18,5,11,1,0
24,66.43,3,2,0,0
10,74.78,9,7,0,0
12,53.84,4,9,0,0
16,66.92,6,24,2,0
23,109.11,3,45,0,0
53,98.51,3,2,1,0
42,69.91,5,4,0,0
47,76.19,4,4,0,0
49,53.05,6,60,1,1
51,51.05,4,5,2,0
60,119.99,4,12,0,0
51,41.77,3,6,0,1
32,93.1,1,2,1,0
15,53.81,6,32,0,0
35,49.83,5,8,0,0
23,57.09,3,5,0,0
1,41.48,5,13,0,0
33,68.88,5,8,1,0
34,71.1,3,1,3,0
48,97.55,3,6,1,0
40,83.58,4,11,0,0
8,73.31,7,15,1,0
6,81.51,6,17,0,0
53,47.96,6,13,0,0
57,43.49,4,17,3,0
44,23.28,5,5,1,0
56,60.45,3,18,0,0
38,102.42,5,36,0,0
42,39.21,2,10,0,0
12,46.62,5,5,0,0
53,41.39,4,4,1,0
41,84.09,3,52,0,0
10,55.71,7,6,0,0
9,67.06,9,6,0,0
25,71.28,5,0,0,0
1,27.16,5,47,0,0
13,78.54,5,3,1,0
12,77.35,8,31,0,0
3,45.01,6,75,0,1
4,49.2,2,9,0,0
27,37.0,5,16,2,1
38,79.37,5,37,0,0
38,139.52,2,5,1,0
48,48.82,7,27,0,0
35,51.65,4,4,0,0
55,59.81,7,7,0,0
17,48.81,8,23,1,0
30,35.41,9,11,1,0
4,52.19,8,47,0,0
29,43.81,4,29,0,0
48,119.18,7,22,1,1
9,56.99,9,33,0,0
48,86.27,3,16,0,0
40,37.71,4,18,0,0
24,64.21,5,12,0,0
29,83.01,3,38,0,0
55,147.36,6,9,0,0
14,98.22,7,37,0,0
43,67.27,4,16,2,0
3,60.28,4,28,1,1
43,65.89,11,6,1,0
57,46.92,4,20,2,0
17,119.23,5,5,1,0
45,77.21,6,31,0,0
22,70.2,6,7,1,0
55,55.54,3,20,0,0
60,40.65,2,5,0,0
31,72.17,5,1,0,0
1,45.76,2,55,2,1
60,96.05,5,32,3,0
55,31.4,9,4,3,1
51,78.32,6,5,1,0
55,71.21,7,18,0,0
2,89.61,4,10,0,0
40,140.75,7,6,1,0
53,58.26,9,37,1,0
51,49.38,4,12,1,0
47,35.62,5,11,0,0
56,49.88,3,4,0,0
23,38.34,6,31,0,0
55,45.22,3,5,1,0
58,48.14,4,67,0,0
1,41.9,3,50,0,0
47,27.37,4,3,0,0
26,53.09,3,25,0,0
32,37.17,3,12,0,0
28,84.56,4,22,0,0
52,25.91,3,0,0,0
2,75.04,7,31,0,0
45,76.59,3,25,1,0
55,82.07,7,4,0,0
21,79.06,5,29,0,0
16,61.32,5,63,0,1
21,43.8,3,14,1,0
35,40.67,4,24,0,0
7,42.6,4,12,0,0
58,42.99,9,18,1,0
42,112.95,4,39,1,1
5,49.43,5,24,0,0
56,73.38,3,6,0,0
39,48.57,2,39,2,0
17,16.55,8,14,4,0
49,39.85,4,14,0,0
11,66.73,5,6,0,0
33,73.15,4,4,1,0
42,45.03,7,24,1,1
15,22.64,3,44,0,0
41,40.93,6,17,0,0
7,70.62,7,10,0,0
26,66.97,4,16,0,0
31,84.76,4,21,0,0
18,54.21,4,1,1,0
19,27.8,7,11,1,0
10,50.11,7,57,1,0
43,67.24,6,16,0,0
56,25.85,4,11,0,0
55,45.44,3,7,0,0
16,62.37,1,7,0,0
10,60.57,4,15,0,0
29,64.08,5,7,0,0
28,37.05,5,39,2,0
36,64.62,3,6,0,0
37,68.54,3,40,0,0
25,52.7,4,12,1,0
5,47.47,2,25,0,0
1,72.84,8,23,0,0
4,131.29,2,7,0,0
27,96.13,4,14,0,0
17,67.67,8,2,1,0
15,30.29,4,1,0,0
54,82.58,9,24,0,0
35,42.87,7,22,0,0
54,64.43,2,3,0,0
33,43.21,4,28,3,1
46,50.22,6,25,0,0
8,50.51,7,45,1,0
55,70.44,1,33,0,0
3,86.88,4,1,1,0
11,56.17,4,8,0,0
5,58.6,4,40,0,0
33,79.09,7,14,0,0
10,61.65,6,9,1,0
12,36.82,5,3,0,0
1,59.9,8,9,1,0
35,81.65,7,4,0,0
6,55.73,5,18,0,0
55,28.51,1,4,0,0
14,74.54,1,3,1,0
19,76.97,3,14,0,0
12,65.94,5,39,1,0
48,68.12,5,29,0,0
55,62.25,3,28,1,0
19,55.36,7,54,0,0
49,32.98,4,13,0,0
43,54.95,6,28,0,0
9,33.18,6,8,0,0
26,116.62,5,4,1,0
56,56.35,4,13,1,0
9,37.49,3,23,0,0
46,52.64,6,5,1,0
26,45.04,3,74,0,1
45,32.79,8,105,0,0
55,70.8,3,1,1,0
54,34.35,4,60,0,0
12,32.29,7,17,1,0
46,61.52,2,16,0,0
3,53.77,4,14,1,0
27,59.34,5,73,0,0
23,72.64,6,9,1,0
41,60.18,3,9,0,0
54,41.94,3,38,0,0
3,94.15,4,4,2,0
15,47.68,3,15,1,0
11,62.96,6,6,0,0
6,51.74,7,1,1,0
34,69.53,4,24,0,0
43,51.08,6,13,0,0
14,33.44,5,52,0,0
57,102.48,6,13,0,0
54,51.34,5,17,1,0
25,48.52,6,5,0,0
22,38.95,5,23,3,0
12,38.56,4,6,1,0
19,48.46,6,41,1,0
18,90.12,5,26,0,0
42,82.99,5,33,1,0
25,51.64,7,1,0,0
24,43.51,7,2,3,1
58,135.51,3,33,1,0
48,67.3,1,4,0,0
50,116.85,5,14,0,0
43,79.35,8,16,1,0
9,55.34,6,4,0,0
39,70.79,6,11,1,0
30,41.48,3,14,0,0
37,121.61,3,19,0,0
14,56.0,4,15,0,0
56,32.3,3,3,0,0
10,79.23,7,12,1,0
53,53.78,5,16,0,0
7,70.92,3,20,0,0
22,58.51,8,25,0,0
3,38.44,3,29,0,0
60,46.81,8,14,0,0
25,59.63,5,15,3,0
55,52.08,10,45,0,0
21,70.31,8,19,1,0
39,48.81,5,17,1,0
31,60.47,7,10,1,0
58,52.91,9,11,2,0
40,65.51,3,2,1,0
3,114.8,5,37,0,0
14,66.44,3,7,2,0
17,41.08,5,23,0,0
11,47.31,9,18,1,0
12,58.77,4,32,0,0
2,36.37,6,4,0,0
45,82.25,7,4,2,0
50,58.01,3,11,0,0
32,56.32,7,5,0,0
44,61.96,2,8,1,0
17,69.45,5,10,0,0
45,56.41,4,50,0,0
46,40.87,6,1,0,0
8,59.29,4,13,0,0
2,36.16,4,3,1,0
13,41.43,4,29,0,0
46,15.79,6,1,1,0
37,32.12,5,39,0,0
44,42.37,7,17,0,0
12,57.25,8,29,0,0
37,93.9,6,4,0,1
40,29.54,5,8,1,0
28,65.06,6,6,0,0
45,30.54,4,12,0,0
32,30.59,4,28,0,0
52,94.45,6,21,0,0
55,68.46,4,51,0,0
35,93.62,5,8,0,0
24,82.65,7,14,1,0
31,29.87,4,26,0,0
14,65.7,4,2,0,1
58,68.45,9,16,0,0
12,41.31,10,27,0,0
42,56.89,8,3,0,0
11,77.55,7,18,2,0
49,95.86,8,1,0,0
46,63.81,7,4,1,0
14,47.29,2,8,1,1
1,49.63,9,10,0,0
35,59.84,5,30,0,0
52,29.61,5,37,0,0
21,58.3,6,29,0,0
57,38.68,3,16,1,0
31,65.29,6,1,0,1
48,34.67,6,1,1,0
25,45.98,5,31,0,0
20,42.25,4,16,0,0
19,23.31,9,18,0,0
20,43.45,5,32,1,0
17,58.86,4,43,0,0
12,58.19,7,6,1,0
31,42.71,4,4,0,0
47,34.13,4,13,1,0
33,57.44,9,15,0,0
23,33.62,2,6,1,0
8,45.76,8,55,1,0
57,32.33,4,1,2,0
1,51.6,6,4,0,0
28,104.7,9,1,0,0
9,43.44,4,30,1,0
12,72.89,3,1,0,0
10,41.01,5,9,1,0
17,75.25,8,5,3,0
37,60.26,3,7,0,0
30,67.81,4,9,0,0
31,83.43,7,36,1,0
46,36.2,7,14,2,0
5,51.23,7,27,0,0
13,40.86,4,48,0,0
14,64.6,3,2,1,0
17,72.44,7,52,0,0
25,38.19,5,2,0,0
36,55.31,9,4,1,0
12,42.09,5,21,1,0
55,24.91,4,19,0,0
28,48.12,3,12,0,0
52,73.75,8,37,0,0
42,34.17,5,72,0,0
25,21.01,7,23,0,0
5,51.47,6,34,0,0
55,40.73,3,2,0,0
22,43.76,4,13,0,0
58,35.83,5,11,1,0
47,99.88,4,23,1,1
23,43.98,5,17,0,0
40,77.44,4,7,1,0
6,63.44,2,14,0,0
29,52.4,6,4,0,0
27,85.4,2,7,0,0
38,61.4,2,9,0,0
29,42.46,7,2,0,0
44,29.02,2,35,0,0
7,20.86,8,14,2,0
50,108.24,8,10,1,0
50,80.15,5,26,0,0
44,63.16,6,15,0,0
19,59.27,4,38,0,1
39,41.86,7,19,1,0
36,56.57,4,35,0,1
19,48.36,4,30,0,0
6,57.41,6,5,0,0
3,43.37,4,40,1,0
50,18.45,5,15,1,0
40,99.39,3,10,0,0
29,41.17,7,15,1,0
7,61.64,6,25,1,0
58,47.65,7,1,1,0
46,36.68,3,15,1,0
57,26.01,5,26,0,0
55,26.88,8,35,0,0
34,86.31,3,11,1,0
43,57.71,2,17,1,0
54,35.22,6,39,0,0
21,29.09,8,13,1,0
59,38.46,3,40,1,1
12,33.14,3,96,0,1
13,69.5,9,43,0,0
27,56.92,4,27,0,0
28,55.86,6,9,0,0
44,66.56,8,27,0,0
9,89.94,3,3,0,1
48,34.28,5,10,2,0
2,32.56,4,50,1,0
57,70.27,5,21,0,0
55,52.02,4,18,0,0
18,105.57,5,5,2,0
14,43.0,3,15,0,0
26,75.31,5,31,0,0
5,47.38,10,24,1,0
59,48.03,3,5,0,0
47,35.06,6,9,0,0
19,104.07,6,7,1,0
13,37.93,4,2,0,0
15,30.15,3,7,0,0
31,41.28,3,0,0,0
4,35.87,3,48,1,1
53,62.85,4,19,0,0
58,33.32,4,1,0,0
18,56.83,3,15,1,0
34,103.89,8,44,0,0
59,68.58,4,5,2,0
17,66.25,5,17,1,1
26,52.91,7,16,1,0
37,71.05,8,23,0,1
22,92.49,4,5,0,0
46,23.12,3,12,0,0
50,33.04,10,8,1,0
47,64.87,4,2,2,0
23,92.42,5,49,1,1
7,81.38,3,11,0,0
3,110.02,4,22,0,0
13,62.28,5,16,0,0
51,56.0,4,4,2,0
3,85.4,2,71,0,1
7,75.84,1,1,1,1
8,85.23,4,48,1,1
48,25.25,5,4,0,0
12,43.4,5,41,1,0
6,54.37,4,10,0,0
10,44.71,5,2,1,0
39,97.6,5,13,0,0
49,35.44,4,42,0,0
43,101.64,4,1,1,0
30,28.32,2,19,1,0
59,40.44,6,11,1,0
8,53.14,2,19,1,0
45,81.65,7,19,1,0
32,38.63,3,46,1,0
1,29.61,6,54,0,0
29,55.17,4,64,1,0
16,49.99,5,42,0,0
49,58.74,5,16,0,0
18,42.21,5,35,1,0
48,37.06,9,0,0,0
20,45.75,5,4,1,0
12,43.85,3,33,0,0
36,40.53,6,6,3,0
5,46.69,7,22,0,0
33,48.32,5,17,0,0
11,27.62,4,10,0,0
28,49.61,3,13,0,0
4,29.36,4,27,0,0
23,78.06,6,61,1,0
23,40.54,5,3,0,0
17,64.0,3,3,0,0
21,53.1,2,89,0,1
4,52.23,6,34,0,0
30,39.54,4,0,1,0
7,54.33,6,55,1,0
1,71.47,5,51,0,0
11,47.67,4,12,0,0
35,54.6,5,14,1,0
48,69.57,5,20,0,0
13,53.05,3,2,0,1
37,34.06,4,6,1,0
19,88.75,3,2,1,0
14,109.68,4,19,0,0
33,64.21,5,9,1,0
5,57.73,5,58,0,1
44,36.23,3,3,0,0
18,46.04,4,47,1,0
24,41.56,5,8,0,0
47,115.05,6,2,0,0
39,58.76,3,39,1,0
10,49.34,3,3,1,0
18,25.85,7,4,0,0
25,39.11,6,17,0,0
59,92.28,4,4,0,0
15,46.95,7,16,1,0
50,35.88,8,7,1,0
2,49.64,5,26,0,0
33,93.84,4,20,1,0
35,57.81,8,18,0,0
14,64.23,3,6,0,0
54,46.81,5,7,0,0
35,50.98,8,6,1,0
21,79.35,3,4,0,0
52,60.52,4,16,2,1
22,34.82,3,6,1,0
19,51.36,5,26,0,0
37,80.78,10,26,0,0
56,37.1,12,14,1,0
11,62.35,6,20,0,0
43,22.76,8,8,1,0
38,41.28,12,17,0,0
12,31.1,4,6,1,0
55,63.88,6,39,1,1
54,62.18,6,19,0,0
48,64.87,5,17,0,0
15,39.21,2,42,0,0
8,50.98,6,51,0,0
41,65.95,4,4,1,0
30,33.41,7,11,0,0
47,91.7,7,25,0,0
19,46.87,2,4,0,0
22,44.72,6,3,0,0
18,40.79,8,44,0,0
42,58.73,7,14,0,0
49,48.02,6,25,1,0
58,46.08,2,17,1,0
45,90.13,7,27,0,0
45,71.76,3,38,0,0
49,73.02,5,13,0,0
56,37.76,5,10,1,0
60,36.33,3,7,0,0
24,69.47,3,17,0,0
10,36.66,4,8,1,0
54,62.46,3,25,1,0
26,71.63,2,0,1,0
26,47.0,6,128,1,1
22,100.32,4,122,1,1
58,55.85,4,4,1,0
47,32.43,1,9,0,0
16,48.84,3,29,0,0
22,59.12,4,31,0,0
27,32.82,6,0,0,0
28,60.11,3,76,1,1
44,76.62,5,3,0,0
28,38.15,6,12,0,0
23,48.91,4,24,3,0
1,88.17,4,19,0,0
41,50.85,6,17,0,0
13,47.2,5,43,1,0
58,65.22,5,20,0,0
48,34.14,6,6,1,0
24,40.98,4,18,0,0
31,106.73,5,12,1,1
16,54.16,5,30,0,0
22,54.69,7,55,0,0
56,107.0,7,35,1,0
43,27.94,6,17,1,0
16,42.79,7,5,0,0
55,66.34,6,54,1,1
24,46.83,3,34,1,1
44,58.23,2,66,2,0
7,56.66,4,0,0,0
18,51.76,5,4,0,0
36,47.51,7,42,0,0
10,75.28,4,25,1,1
60,35.02,4,12,0,0
60,30.04,4,71,0,0
10,39.08,5,8,1,0
41,39.5,3,8,2,0
43,38.17,8,13,0,0
12,32.95,3,37,0,1
13,64.36,5,34,1,0
26,70.56,2,11,0,0
54,59.78,6,8,0,0
22,64.87,8,15,0,0
19,71.19,7,22,2,1
10,50.47,4,4,0,0
12,48.65,8,3,0,0
43,70.49,5,39,0,0
41,54.57,5,4,0,0
8,31.33,5,17,0,1
22,57.01,5,3,1,0
49,78.06,4,4,1,0
57,57.03,1,27,1,1
17,51.66,3,4,1,0
40,26.95,4,37,0,0
30,68.54,3,8,1,0
28,37.58,1,10,0,0
16,74.43,6,17,0,0
4,58.25,4,21,0,0
16,93.81,5,1,2,0
12,72.5,2,16,1,0
28,58.0,6,25,0,0
35,56.8,9,12,0,0
14,56.61,3,4,0,0
29,40.95,6,1,0,1
8,121.41,4,24,1,0
14,43.11,9,4,1,0
5,62.41,5,23,0,0
57,43.25,3,0,0,0
44,44.23,4,46,1,1
14,52.08,3,12,0,0
53,88.23,9,74,1,0
7,70.46,5,5,0,0
18,56.83,4,44,0,0
37,102.79,7,41,0,0
49,29.06,6,16,0,0
39,70.05,5,31,0,0
35,25.83,6,27,1,0
33,43.78,5,42,0,1
11,56.67,10,21,1,0
27,51.95,2,62,2,0
53,45.4,3,8,1,0
60,49.06,8,9,0,0
2,40.35,5,0,0,0
56,42.36,3,19,1,0
46,71.46,8,6,0,0
59,82.64,3,24,0,0
41,169.22,4,14,0,0
45,41.84,7,10,1,0
17,38.87,5,1,0,0
58,40.45,8,21,0,0
21,104.83,5,5,0,0
49,40.49,4,35,0,1
33,57.13,5,31,1,0
56,35.15,10,18,1,0
33,88.33,7,7,1,0
30,87.87,4,1,0,0
59,70.61,4,7,0,0
32,68.7,3,59,1,0
47,47.84,3,20,0,0
46,41.58,4,33,0,0
20,55.72,4,20,1,0
29,76.5,6,2,0,0
35,60.96,7,7,0,0
29,31.69,2,12,2,0
2,58.97,7,10,0,0
3,65.5,6,4,0,0
36,39.33,10,22,0,0
31,61.63,3,9,0,0
49,25.32,5,7,0,0
56,118.98,4,6,1,0
58,38.3,2,28,0,1
35,133.74,8,0,1,0
17,28.7,3,40,1,0
39,79.1,11,15,1,0
53,54.07,7,33,0,1
43,70.39,6,3,1,0
21,134.0,7,46,0,0
59,41.55,9,11,1,0
26,69.02,5,76,1,1
36,39.64,7,42,0,1
52,32.63,3,57,1,0
46,57.74,4,4,1,0
54,47.47,3,2,1,0
19,43.43,5,10,2,0
37,48.45,4,23,0,0
14,45.01,4,0,1,0
42,74.17,3,33,0,0
58,114.41,5,79,2,1
8,81.07,6,11,1,1
1,47.27,5,9,0,0
28,91.76,4,0,0,0
29,36.22,5,14,0,0
7,43.22,7,83,0,0
36,54.22,9,8,0,0
28,34.2,4,17,0,0
24,50.81,3,5,0,0
45,53.04,1,3,0,0
17,25.77,3,16,3,1
34,105.34,10,12,1,0
53,34.99,3,8,1,0
54,26.64,5,11,1,0
48,53.5,7,11,0,0
27,65.62,5,15,1,0
16,39.41,4,20,0,0
28,68.92,5,36,0,0
55,155.91,6,20,0,0
12,64.22,5,47,2,0
9,43.58,3,28,0,0
37,102.18,10,15,3,0
22,37.56,7,25,0,0
54,36.33,5,28,1,1
13,58.99,7,19,0,0
26,43.58,7,9,0,0
5,41.33,2,9,0,0
18,27.79,6,7,1,1
35,24.19,10,14,0,0
8,57.54,2,6,0,0
52,31.74,9,14,0,0
7,48.82,5,21,3,0
4,36.08,3,4,1,0
38,48.92,5,11,1,0
56,42.34,4,27,1,0
45,79.66,4,19,1,0
24,65.98,11,1,0,0
10,51.8,4,22,1,0
31,113.35,3,14,0,0
34,79.32,6,42,1,1
43,36.15,11,56,0,0
56,72.92,5,17,0,0
14,39.07,6,36,0,0
36,40.13,4,77,0,0
54,64.34,5,28,1,0
28,102.6,7,8,1,0
23,71.5,4,7,0,0
22,87.28,3,28,1,0
32,57.32,6,16,1,0
46,39.73,3,18,0,0
26,64.11,7,5,0,0
18,42.81,4,47,0,1
6,75.07,1,6,0,0
1,61.78,7,4,1,0
21,98.75,4,23,1,0
55,66.32,8,21,0,0
33,42.99,3,20,1,1
24,88.87,7,16,0,0
19,52.64,5,6,2,0
7,41.74,7,13,2,0
29,46.82,4,16,0,0
13,51.25,7,3,0,0
36,27.1,7,1,0,0
2,59.05,8,56,0,0
4,44.37,6,7,0,0
48,55.49,11,9,0,0
30,46.14,4,11,0,0
13,74.72,6,5,0,0
24,63.73,8,1,3,0
12,44.34,8,78,1,0
42,38.63,5,26,1,0
18,42.61,6,0,0,0
28,118.47,2,35,0,0
31,56.97,10,11,1,1
34,35.34,5,17,0,0
42,96.61,5,11,0,0
58,90.07,4,26,0,0
1,105.19,7,79,1,1
31,59.97,3,3,1,0
46,46.73,5,19,0,0
12,38.72,8,2,0,0
49,46.89,2,12,1,0
29,36.86,5,39,1,0
41,79.11,4,1,0,1
57,100.45,4,39,0,0
26,95.87,5,41,0,1
4,31.06,5,35,0,0
21,46.12,6,4,0,0
53,65.23,5,33,1,0
18,47.15,5,32,1,0
34,94.59,6,16,0,0
22,44.9,3,7,1,0
12,50.19,1,14,0,0
9,39.37,5,10,2,0
52,49.42,3,8,0,0
56,50.66,6,23,0,0
52,36.09,5,15,0,0
51,46.09,4,26,0,0
39,59.77,2,8,0,0
5,94.98,10,72,1,0
34,49.12,6,15,0,0
6,45.24,4,3,0,0
18,38.29,5,1,0,0
7,68.32,7,83,0,0
60,41.26,8,15,0,0
14,32.14,7,1,1,0
37,60.53,8,15,2,0
9,27.24,4,2,0,0
38,93.5,4,15,1,0
54,42.32,3,25,2,0
44,64.07,5,12,2,0
50,64.31,4,34,0,0
27,31.58,6,0,0,0
21,64.3,7,4,0,0
22,49.81,3,12,0,0
19,46.46,2,19,2,0
7,27.59,3,6,0,0
10,75.4,5,25,1,0
12,101.13,4,18,1,1
5,60.78,6,10,0,0
38,29.38,5,26,1,0
42,62.9,2,11,0,0
50,39.02,10,3,2,0
52,38.47,5,5,1,1
57,36.93,3,7,0,0
13,61.48,10,9,0,0
60,56.24,8,31,2,0
6,51.4,4,27,1,0
5,65.72,4,47,1,0
38,38.84,3,21,0,0
42,45.77,7,45,2,0
30,34.85,3,9,0,0
45,33.59,3,22,1,0
1,41.33,5,0,0,0
55,29.0,5,8,0,0
3,44.81,4,7,0,0
17,62.24,5,11,0,0
16,62.37,4,24,2,0
55,49.71,6,5,1,0
6,43.25,9,0,0,0
22,43.43,8,0,0,0
5,86.41,4,42,1,0
19,74.19,4,1,0,0
12,48.29,5,10,2,0
6,127.88,4,4,0,0
23,52.42,6,1,1,0
58,74.99,8,7,0,0
24,65.04,4,2,0,0
13,28.51,7,25,1,0
39,34.78,4,2,0,0
21,81.44,4,42,0,0
38,42.36,5,32,1,0
8,61.25,6,8,0,0
43,46.67,4,46,1,0
31,73.28,6,19,1,0
35,25.08,5,6,0,0
19,60.91,3,45,0,1
4,53.25,3,75,0,1
36,42.57,4,8,0,0
8,46.69,3,26,1,0
7,92.4,5,3,2,0
3,78.29,4,3,1,0
56,96.09,5,7,0,0
1,45.03,6,8,0,0
5,42.31,7,4,0,0
30,21.8,3,15,0,0
38,29.95,4,9,0,0
60,58.88,4,11,0,0
58,84.47,8,6,0,0
22,39.83,2,1,0,0
52,30.81,4,11,0,0
2,76.5,7,33,0,1
45,52.53,5,13,1,0
27,29.22,4,12,2,1
39,39.22,2,3,0,0
1,115.8,5,11,1,0
57,48.0,2,34,1,0
56,64.93,6,17,0,0
34,22.49,5,20,0,0
7,62.15,12,71,1,0
49,56.34,6,5,0,0
31,24.12,6,19,1,0
28,47.89,4,13,0,0
40,46.44,8,27,0,0
41,52.79,5,50,0,0
39,50.61,6,1,1,0
39,32.03,3,15,0,0
13,74.3,2,24,1,0
36,43.3,7,10,0,0
54,43.54,2,39,0,0
5,71.67,3,10,0,0
10,74.87,1,6,2,0
8,89.78,8,9,0,0
46,50.18,6,3,1,0
36,40.37,4,5,0,0
28,60.69,3,7,1,0
55,90.96,1,53,0,0
18,37.87,5,44,0,1
14,37.21,9,14,0,0
40,47.34,6,10,1,0
58,81.29,8,18,1,0
17,21.93,5,1,0,0
8,87.77,12,26,0,0
43,39.67,3,1,2,0
20,90.54,5,19,1,1
40,28.21,5,9,1,0
47,57.54,3,151,1,1
13,46.95,2,30,0,0
39,51.9,3,3,0,0
12,81.16,4,97,0,1
56,80.93,5,26,2,0
54,130.25,6,5,1,0
38,101.79,3,3,0,0
53,93.85,5,19,0,0
34,56.96,3,3,0,0
17,40.45,6,28,0,0
26,57.77,1,8,0,0
41,57.48,5,10,0,0
3,88.82,3,32,1,0
41,38.49,3,5,0,0
60,72.23,5,5,1,0
35,46.73,6,4,1,0
58,49.96,4,15,0,0
48,59.05,4,13,0,0
54,59.07,7,30,2,0
31,84.17,3,3,0,0
28,23.46,2,20,0,0
52,47.87,3,6,1,1
42,32.47,8,21,0,0
54,54.71,7,14,1,0
33,85.23,3,13,0,0
15,56.66,6,2,0,0
23,48.58,5,7,1,0
42,51.33,3,42,0,0
1,98.62,5,4,0,0
12,34.82,3,6,0,0
32,51.1,7,12,1,0
32,39.61,8,3,0,0
29,52.94,5,15,1,0
14,85.77,4,44,0,0
51,37.87,6,12,0,0
51,45.63,5,10,0,0
1,31.25,8,13,0,0
47,47.17,2,36,0,0
54,31.6,7,11,1,0
25,52.51,6,1,0,0
51,75.32,10,8,0,0
18,53.93,9,21,1,0
20,41.51,3,6,0,0
6,52.44,6,11,0,0
38,33.63,4,2,0,0
44,36.96,2,27,0,0
18,50.82,3,39,0,0
4,127.92,6,17,1,0
46,51.22,4,17,2,0
57,72.76,6,17,0,0
58,50.87,5,14,2,0
32,91.14,3,59,0,0
26,57.45,6,19,1,0
53,57.19,6,2,0,0
3,87.97,5,24,0,0
60,29.09,5,36,0,1
4,82.99,7,8,0,0
48,71.95,8,2,0,0
33,59.96,3,5,0,0
13,64.09,3,30,1,1
1,59.13,4,47,1,1
59,32.35,7,16,0,0
18,20.97,3,7,2,0
15,62.19,3,14,0,0
8,100.84,3,23,0,1
15,57.75,7,54,0,0
5,27.8,4,51,0,0
14,34.43,4,3,0,0
59,52.69,4,23,0,0
51,109.4,7,56,0,0
53,53.34,4,6,1,0
46,60.36,5,2,1,0
12,41.58,6,39,0,0
24,42.44,5,9,0,0
37,35.66,3,5,0,0
41,95.83,2,12,0,0
24,57.62,4,23,0,0
49,66.65,2,4,0,0
34,28.88,8,15,0,0
5,40.94,7,1,0,0
3,39.92,4,7,0,0
44,65.45,5,15,0,0
18,38.82,4,24,1,0
57,31.0,5,13,1,0
35,81.41,3,21,0,0
10,41.89,3,0,1,0
12,83.91,2,2,0,0
21,42.41,5,4,1,0
53,61.65,5,5,0,0
11,56.91,5,2,0,0
48,50.37,2,6,0,0
59,27.82,3,10,0,0
24,44.72,2,23,0,0
41,63.4,4,35,0,0
55,38.39,7,15,0,0
27,50.71,5,1,0,0
31,65.8,4,37,0,0
27,59.88,7,1,0,0
9,66.75,4,5,0,0
25,54.75,7,29,1,0
1,23.07,6,24,0,0
10,44.59,8,19,1,0
53,28.69,4,87,0,0
8,52.7,2,4,0,0
51,69.02,6,6,1,0
4,85.22,2,55,0,1
49,74.9,5,41,0,0
41,69.75,8,9,0,0
49,49.28,4,10,0,0
19,56.87,6,9,2,0
42,79.21,6,6,0,0
43,98.44,6,52,0,0
46,62.49,3,76,0,1
43,59.38,6,3,1,0
13,74.02,3,33,0,0
28,78.46,5,72,0,0
59,102.56,5,57,1,0
56,44.16,4,3,1,0
4,46.03,9,8,0,0
33,73.76,4,15,1,0
58,35.15,4,2,1,0
57,78.84,5,2,1,0
11,76.31,3,6,0,0
22,40.68,6,8,0,0
38,77.45,6,6,1,0
6,48.93,9,5,1,0
43,62.48,3,5,0,0
59,95.17,8,7,1,0
22,49.59,7,15,0,0
42,51.02,5,18,1,0
51,80.04,8,24,1,0
18,90.51,7,23,3,0
13,46.05,7,7,2,0
31,32.02,3,6,0,0
31,118.31,3,2,0,0
60,95.84,6,6,0,0
36,30.7,8,4,0,0
37,54.92,6,12,0,0
32,107.43,5,4,2,0
6,87.58,3,2,0,0
56,114.05,6,34,0,0
60,47.07,2,5,2,0
27,56.67,2,21,1,0
46,22.22,5,16,1,0
35,72.62,7,3,1,0
5,65.74,8,5,1,0
43,95.67,2,0,0,0
57,78.71,5,31,1,0
7,79.23,10,19,0,0
10,54.48,4,26,0,0
41,45.46,3,14,0,0
44,56.11,7,14,1,0
34,52.45,2,10,1,0
55,72.55,4,5,0,1
34,39.86,6,22,0,0
19,67.57,4,8,1,0
50,98.56,8,7,0,0
28,45.24,3,20,0,0
32,53.9,6,22,0,0
29,42.44,4,14,1,0
3,40.98,6,125,1,1
32,45.04,4,2,0,0
30,40.9,5,44,0,0
22,59.54,3,26,1,0
4,40.05,4,31,1,1
55,35.85,6,4,0,0
24,81.66,8,6,0,0
14,58.11,5,4,1,0
46,39.45,9,54,1,0
6,59.11,2,10,0,0
34,104.03,6,115,0,1
38,118.81,6,18,1,0
24,90.85,7,38,1,0
16,93.83,8,39,0,0
38,89.92,6,21,0,0
51,47.69,9,5,1,0
50,111.56,4,83,0,1
58,61.02,4,45,0,0
1,40.31,4,56,1,1
33,40.79,5,15,0,0
22,49.61,2,5,1,0
6,68.8,6,33,1,0
52,61.18,3,13,0,0
60,39.67,10,15,0,0
58,24.97,4,18,1,0
43,122.62,7,8,0,0
21,68.34,6,20,0,0
59,94.75,6,10,2,0
44,50.69,2,23,0,0
59,48.3,5,18,1,0
34,72.91,5,27,0,1
30,51.72,7,53,0,0
51,50.69,6,21,0,0
47,66.85,7,1,1,0
10,25.22,6,0,0,0
51,84.82,5,6,1,0
51,37.51,2,4,0,0
47,43.51,6,24,0,0
15,39.23,5,100,1,1
12,40.04,2,24,0,0
13,48.41,4,0,0,0
15,71.75,9,80,1,0
29,76.53,8,6,1,0
28,60.81,6,10,1,0
35,61.02,6,45,1,0
30,39.96,6,9,1,0
38,49.02,9,2,1,0
37,77.82,2,15,1,0
8,52.5,7,18,1,0
49,101.18,6,2,0,0
18,31.39,5,55,0,0
7,134.93,6,24,1,0
13,60.72,6,15,0,0
32,43.07,4,20,0,0
7,45.91,1,23,0,0
57,36.96,6,43,1,0
17,41.86,7,21,0,0
33,60.64,3,2,0,0
44,73.73,5,30,0,0
58,60.07,5,37,1,1
33,89.21,8,9,0,0
30,31.81,4,44,0,0
22,66.52,6,31,0,0
53,69.5,6,8,1,0
10,80.96,6,19,0,0
10,28.74,3,9,1,0
21,49.0,5,74,0,0
49,44.69,7,15,0,0
24,57.15,6,43,1,0
6,44.37,6,22,0,1
46,49.38,7,4,0,0
31,48.18,5,46,0,0
60,35.98,4,7,0,0
5,50.45,6,21,0,0
45,49.21,1,10,1,0
46,53.57,6,2,0,0
35,35.82,6,47,0,0
18,78.28,5,14,0,0
45,67.31,4,3,1,0
11,99.65,5,5,0,0
54,30.78,4,2,1,0
39,59.33,5,3,0,0
40,151.56,6,15,0,0
21,71.57,4,7,0,0
54,55.69,5,8,1,0
53,38.11,3,8,1,0
25,34.97,4,18,1,0
12,31.6,5,87,0,1
33,61.52,3,6,0,0
41,43.85,4,6,1,0
34,35.71,6,4,0,0
52,48.09,2,54,0,1
38,63.97,4,16,0,0
7,42.58,2,3,0,0
41,25.35,4,34,1,0
22,39.72,6,10,1,0
57,97.68,4,67,0,1
42,67.84,5,17,1,0
11,47.43,4,1,0,0
12,54.7,5,9,0,0
49,61.37,7,88,0,1
33,57.74,7,6,1,0
13,75.3,5,6,1,0
7,97.5,6,2,1,0
46,59.76,3,8,0,0
3,65.09,12,5,0,0
13,46.59,9,10,0,0
15,86.6,8,8,1,0
49,90.05,9,10,1,0
59,45.73,2,58,1,0
53,79.99,6,16,1,0
10,106.03,9,9,0,0
58,73.97,7,13,0,0
13,80.85,8,11,2,0
51,30.29,4,1,1,0
10,68.41,2,11,0,0
25,55.15,3,5,0,0
31,66.8,7,19,2,0
7,26.25,5,18,1,0
15,29.02,4,10,2,0
8,19.3,8,72,0,1
56,58.89,7,1,0,0
59,41.97,1,32,1,0
17,38.51,4,26,1,0
59,53.89,7,31,0,0
57,47.0,3,18,1,0
25,60.69,8,13,1,0
52,52.52,6,49,0,0
44,44.13,6,8,0,0
5,46.59,7,1,0,0
53,123.83,7,1,0,0
18,140.55,3,18,3,0
36,62.97,7,48,3,1
25,56.72,2,29,0,0
15,47.91,3,20,0,0
50,55.11,1,4,1,0
13,78.77,7,13,0,0
4,79.27,5,2,0,0
26,92.33,5,28,1,0
44,40.1,4,46,0,0
25,52.77,4,10,0,0
9,50.94,6,32,1,0
26,88.33,7,7,1,0
3,39.95,5,6,0,0
37,79.36,4,49,1,0
47,37.03,3,4,0,0
12,31.31,5,1,1,0
11,39.04,4,13,0,0
30,45.13,6,10,1,0
33,61.69,4,8,0,0
44,37.46,5,11,1,0
32,48.31,4,21,0,0
60,61.87,6,33,0,0
3,106.35,3,6,0,0
25,109.61,5,8,1,0
52,27.56,8,39,1,0
59,57.47,4,84,0,0
23,39.49,5,24,0,0
39,30.34,6,4,0,0
21,68.77,9,10,0,0
47,31.91,4,16,0,0
37,96.83,2,5,0,0
53,62.85,6,39,0,0
52,86.33,5,8,0,0
8,51.21,5,3,0,0
25,110.63,3,50,0,0
60,112.66,5,18,0,0
19,52.75,4,41,1,1
19,50.25,5,0,0,0
17,76.54,5,124,1,0
44,39.27,5,2,1,0
48,85.21,6,2,0,0
47,60.63,8,11,0,0
21,51.4,3,58,1,1
16,32.51,5,28,0,0
55,59.69,5,15,1,0
42,31.03,2,17,0,0
18,97.87,5,2,0,0
6,40.39,5,29,1,0
47,56.41,5,5,0,0
41,59.51,6,6,0,0
36,43.42,7,9,1,0
44,106.23,2,10,1,0
34,73.66,3,13,0,0
35,49.38,1,7,0,0
17,43.15,6,28,0,0
53,42.91,6,2,3,0
13,90.1,3,21,0,0
32,95.27,6,9,0,0
24,46.66,3,4,1,0
48,66.67,4,30,0,0
31,67.79,6,24,1,0
47,97.12,5,63,0,1
1,93.99,6,38,0,0
30,50.54,6,12,0,0
14,85.17,6,4,0,0
2,82.12,9,14,0,0
52,55.69,5,71,0,0
16,43.35,4,0,1,0
4,32.87,3,2,1,1
58,120.77,4,2,2,0
33,71.49,5,1,2,0
4,89.76,9,36,1,0
10,30.33,3,1,1,0
2,53.82,6,20,0,0
13,66.2,7,18,0,0
55,56.2,4,22,2,0
24,48.06,4,65,1,1
3,64.62,3,23,0,0
12,38.04,3,21,1,0
28,57.68,6,8,0,0
13,48.65,5,20,0,0
8,132.88,5,26,0,0
56,44.28,5,75,0,0
57,78.34,7,11,0,0
36,47.91,5,4,0,0
44,54.59,3,6,0,0
23,38.21,4,1,0,0
52,70.97,9,99,1,1
19,39.48,6,7,1,0
46,25.22,5,40,1,0
1,82.44,3,39,0,0
1,43.04,7,2,0,0
1,98.56,6,30,1,0
9,46.58,4,1,1,0
15,45.79,2,6,0,0
51,38.75,7,89,0,0
5,64.84,3,35,0,0
20,39.06,4,10,0,0
1,67.34,3,15,0,0
9,65.02,5,39,0,1
44,43.24,3,12,0,0
27,56.17,8,27,0,0
29,43.69,4,6,1,0
38,59.25,5,29,0,1
42,81.68,6,23,0,0
21,71.3,5,29,0,0
22,36.74,7,6,1,0
59,33.77,5,100,0,1
10,56.83,7,5,0,0
41,87.93,7,14,0,0
4,55.18,3,22,1,0
11,70.2,5,1,1,0
33,34.77,5,42,1,0
7,39.34,3,28,2,0
54,51.42,4,12,0,0
52,44.44,3,60,1,0
46,36.04,8,10,0,0
24,92.13,3,11,0,0
58,68.05,3,19,1,0
22,63.1,2,4,0,0
12,70.62,5,17,2,1
19,46.1,9,63,0,0
4,31.37,5,94,2,1
58,43.37,9,19,0,0
57,62.8,2,3,1,0
2,42.15,5,33,0,0
51,56.05,5,9,1,0
58,48.76,6,30,0,0
36,49.02,6,30,1,0
60,116.06,7,29,0,0
36,37.82,3,27,1,1
46,43.02,6,36,2,0
9,44.68,7,12,1,0
49,92.2,8,12,0,0
59,39.72,8,8,0,0
44,37.42,3,4,1,0
53,118.97,4,0,0,0
18,54.41,6,3,0,0
1,94.75,4,28,2,0
53,70.92,8,15,1,0
21,28.91,6,17,1,0
11,51.49,10,26,0,0
36,63.37,4,2,0,1
23,75.72,3,34,0,0
39,85.5,7,7,0,0
4,57.28,6,56,1,0
14,43.85,8,6,0,0
13,57.49,7,11,1,1
5,32.2,4,22,2,0
25,40.19,6,28,0,0
30,60.82,4,27,1,0
2,40.54,9,9,0,0
43,51.48,9,2,0,0
58,135.49,7,15,1,0
31,35.13,5,15,0,0
10,69.75,5,15,1,0
3,41.76,3,1,1,0
54,68.3,4,13,1,0
2,87.76,3,12,0,0
36,66.86,8,10,0,0
33,70.94,6,6,1,0
20,48.25,5,7,1,0
6,59.62,4,4,0,0
51,46.5,5,49,1,1
49,44.73,3,42,0,0
32,54.74,3,9,2,0
11,53.15,2,35,0,0
44,67.39,5,4,0,0
14,54.67,6,39,1,0
6,51.03,2,17,1,0
25,43.57,3,36,0,0
21,108.7,2,13,0,0
16,55.93,8,11,1,0
27,35.37,7,2,0,0
9,56.36,3,11,0,0
13,55.78,4,50,0,0
50,71.57,6,14,1,0
50,95.16,6,4,0,0
39,38.0,5,25,1,0
37,56.1,4,15,0,0
8,60.38,8,26,2,0
9,25.58,9,24,0,0
53,83.25,1,35,1,0
3,109.94,3,43,0,0
13,36.11,6,12,1,0
40,82.6,7,24,0,0
40,47.73,4,4,2,0
5,47.16,6,21,2,0
26,46.51,2,23,0,0
42,49.74,3,78,1,0
54,46.48,5,67,0,1
34,46.83,5,20,0,0
6,76.18,4,36,0,0
29,40.77,3,57,1,1
24,52.76,3,16,0,0
44,76.81,9,4,0,0
31,42.19,4,5,0,0
5,35.43,9,11,0,1
2,62.16,6,3,0,0
49,55.05,6,48,1,0
21,34.73,7,17,0,0
8,40.91,4,15,1,0
49,118.58,6,11,0,0
3,67.84,2,20,1,0
13,87.54,4,11,0,0
9,56.78,5,18,0,0
45,61.18,3,20,0,0
41,52.71,5,1,1,0
48,45.74,5,34,0,0
60,42.11,4,30,0,0
11,45.52,6,9,1,0
29,93.27,4,15,0,0
35,61.35,2,17,0,0
15,30.9,6,6,1,0
48,82.42,4,81,0,1
27,49.4,3,71,0,1
55,36.56,7,53,2,1
47,37.75,6,4,0,0
29,51.87,5,22,1,0
22,41.94,5,42,0,0
35,22.56,2,68,2,0
13,35.95,5,9,1,1
14,82.46,5,49,0,0
41,48.93,4,11,0,0
39,47.62,8,58,0,0
58,29.44,5,9,1,0
56,38.67,6,5,0,0
25,82.48,7,38,0,0
52,87.68,8,12,1,0
57,74.84,4,8,0,0
6,72.91,5,56,0,0
20,50.08,6,74,0,0
30,62.72,4,24,1,1
31,38.26,3,20,0,0
34,36.41,6,17,1,0
15,50.43,3,10,0,0
45,72.67,4,3,1,0
55,46.53,3,48,1,0
13,30.65,2,7,1,0
4,104.17,10,1,0,1
22,60.61,3,26,0,0
2,36.04,5,9,1,0
40,53.19,4,4,0,0
49,50.12,4,1,0,0
14,35.71,10,28,0,0
38,63.69,4,27,0,0
19,80.41,5,16,0,0
13,75.24,3,10,2,0
57,53.86,6,13,0,0
34,180.8,4,6,1,0
29,24.5,3,4,0,0
39,58.81,7,39,0,0
8,64.05,3,22,0,0
40,70.67,9,44,0,0
9,30.16,3,0,0,0
38,62.45,9,11,1,0
43,45.62,5,73,1,0
8,59.37,8,8,0,0
1,44.78,5,14,1,0
31,45.64,5,20,0,0
37,71.73,5,17,0,0
47,35.53,6,8,1,1
21,52.46,6,6,0,0
47,78.51,3,0,0,0
2,57.7,4,12,0,0
49,27.32,3,10,0,0
53,81.61,6,13,0,0
5,70.92,8,40,0,0
5,45.99,6,6,2,0
26,39.54,6,25,2,0
18,65.03,3,23,1,0
2,43.83,5,16,1,0
5,82.1,5,19,0,0
52,55.64,2,25,2,0
14,68.79,7,9,1,0
18,45.87,7,15,1,0
15,54.83,7,2,0,0
40,73.57,5,53,1,0
21,45.2,6,42,0,0
33,23.08,5,7,0,0
34,49.56,7,57,2,1
12,41.33,5,24,2,0
46,50.26,5,33,1,0
45,35.69,5,10,1,0
56,47.06,7,26,3,0
19,82.36,10,5,0,0
55,58.1,4,70,0,1
3,36.61,5,7,1,1
43,65.33,3,15,1,0
12,36.32,6,5,1,1
7,27.47,4,11,2,0
29,35.48,4,6,0,0
43,69.09,4,18,1,0
41,51.51,4,8,1,0
37,55.14,3,0,1,0
39,76.73,2,18,0,0
2,57.04,9,3,1,0
37,50.0,3,19,0,0
36,55.86,3,27,0,0
53,44.76,6,6,1,0
29,59.99,5,17,0,0
28,55.64,3,37,0,0
38,98.41,7,17,0,0
10,83.76,7,43,1,0
42,33.4,4,60,2,1
19,40.92,4,45,1,1
52,103.31,3,7,1,0
9,58.77,3,15,0,1
47,87.65,3,39,0,1
45,56.03,3,7,1,0
35,52.99,3,19,2,0
15,37.28,3,10,0,0
24,43.26,7,43,0,0
48,42.83,5,51,1,1
47,133.83,3,65,0,0
28,39.98,8,3,0,0
14,68.96,3,61,1,0
58,46.78,2,2,0,0
14,58.47,4,14,0,0
36,58.88,8,6,0,0
53,20.34,7,21,0,0
4,39.84,4,14,0,0
46,58.72,4,22,0,0
28,32.96,8,84,0,1
60,43.14,1,8,0,0
1,69.2,3,10,0,0
49,89.57,3,12,1,0
39,36.18,7,11,0,0
38,43.16,5,5,0,0
18,61.47,5,24,0,0
56,65.37,3,21,0,0
17,51.44,6,11,1,0
60,73.26,4,3,0,0
45,59.89,3,42,1,1
38,37.79,5,7,1,0
24,43.27,1,9,0,0
27,54.84,3,5,1,0
57,73.9,8,10,0,0
16,48.24,7,19,1,0
20,71.15,9,18,0,0
4,86.93,6,9,1,0
7,39.74,6,7,1,0
13,85.8,6,14,0,0
9,41.0,6,14,0,0
6,22.12,4,4,0,0
30,69.6,3,4,0,0
58,108.23,3,4,0,0
54,29.02,2,13,0,0
45,50.96,4,44,1,0
19,48.04,6,13,0,0
32,28.89,4,29,1,0
22,151.77,6,9,0,0
35,31.8,5,18,1,0
24,68.3,3,1,1,0
20,53.81,8,9,1,0
59,43.57,5,59,1,0
56,35.6,6,1,1,0
24,73.51,4,24,0,0
38,50.68,5,8,0,0
14,61.34,5,21,0,0
27,56.4,5,5,1,0
43,72.37,5,29,0,0
7,25.09,6,19,0,0
35,25.56,1,1,0,0
46,69.08,10,3,0,0
51,28.34,3,7,0,0
14,79.4,5,9,1,0
41,43.8,4,25,1,0
4,36.67,6,24,0,0
18,79.11,10,15,1,0
27,78.55,4,48,0,0
36,61.89,10,73,0,0
19,43.27,3,13,1,0
46,54.23,8,7,0,0
10,47.24,5,12,0,0
54,30.4,4,19,0,0
16,54.79,6,29,0,0
31,63.47,8,5,0,0
24,50.37,6,44,1,0
49,97.52,3,1,0,0
30,36.77,3,22,2,0
30,52.36,2,38,1,0
21,45.97,5,6,0,0
8,51.62,8,22,0,0
15,26.8,1,35,0,0
47,87.01,3,27,1,0
32,86.4,3,8,0,0
19,61.92,4,28,0,0
47,29.97,4,4,1,0
16,73.55,7,6,0,0
8,30.67,6,2,2,0
16,33.15,7,12,0,0
8,44.37,3,25,2,0
35,49.69,3,3,0,0
18,84.26,2,2,1,0
15,76.85,6,16,0,0
23,80.01,7,41,0,0
8,31.89,10,12,1,0
33,71.74,6,2,1,0
21,24.39,3,27,0,0
58,40.84,8,8,0,0
25,67.96,5,18,0,0
10,78.62,5,13,0,0
30,48.89,4,15,0,0
44,43.6,3,0,1,0
32,58.37,6,3,1,0
21,32.17,7,1,0,0
39,51.37,3,15,1,0
31,54.04,2,53,0,0
59,94.7,5,11,0,0
45,82.61,3,16,2,0
36,107.2,7,39,1,0
50,64.58,7,30,0,1
56,36.82,7,2,0,0
48,38.76,4,11,0,0
42,80.29,2,5,1,0
47,76.41,2,44,1,0
54,47.02,7,14,0,0
3,41.2,4,38,0,0
22,52.56,5,14,1,0
26,57.68,5,27,0,0
60,34.78,6,45,3,0
33,28.0,6,20,1,0
45,96.9,7,54,0,0
33,35.74,8,30,0,0
49,39.92,5,2,0,0
26,47.64,4,10,0,0
30,69.41,4,12,0,0
43,82.02,9,8,0,1
45,31.42,4,15,0,0
51,92.66,5,10,0,0
20,31.28,3,8,0,0
3,84.01,3,45,0,0
59,57.57,7,42,3,0
33,105.52,6,24,1,0
14,86.49,4,47,1,0
37,70.55,5,35,0,0
42,56.23,5,39,0,0
47,28.18,5,10,0,0
39,72.64,9,52,0,1
49,52.43,5,41,0,0
8,58.7,3,17,1,0
17,31.71,4,40,0,0
14,31.99,4,12,1,0
33,50.07,6,27,1,0
53,48.67,7,9,1,0
7,42.14,6,16,1,0
23,48.26,5,35,0,0
34,62.91,6,1,1,0
17,96.31,3,37,1,0
10,92.97,4,18,0,0
21,38.06,6,35,0,0
25,63.57,11,20,1,0
21,65.83,2,65,0,0
14,32.63,7,13,0,0
53,59.93,6,7,1,0
39,25.35,3,27,2,0
14,28.82,7,76,3,0
11,73.79,4,13,1,0
59,37.08,9,25,2,0
59,39.27,4,30,1,0
31,45.23,3,7,0,0
21,63.37,7,49,0,0
13,56.94,3,14,0,0
58,75.43,3,66,0,0
17,43.25,7,34,0,0
55,60.33,9,13,0,0
12,33.97,3,2,0,0
44,104.14,4,2,1,0
33,33.32,4,7,0,0
55,41.43,8,1,0,0
12,31.53,5,11,0,0
14,22.02,3,38,1,0
6,57.49,5,3,3,1
29,80.33,3,12,1,0
38,102.9,8,19,0,0
20,81.03,7,2,0,0
57,45.3,5,6,1,0
1,55.74,9,18,1,0
21,59.0,7,12,1,0
28,70.67,4,0,2,0
10,62.81,4,14,1,0
38,52.2,7,28,3,0
22,94.68,2,10,0,0
22,45.99,6,30,1,1
15,70.21,6,1,1,0
4,77.58,3,9,0,0
2,27.65,6,13,1,0
18,56.53,5,12,0,1
55,29.15,6,3,0,0
37,68.86,10,67,0,0
50,64.87,4,10,1,0
34,45.21,4,7,1,0
13,76.51,3,49,0,0
29,46.68,5,16,0,1
37,82.22,2,22,0,0
30,85.05,5,15,0,0
15,40.22,5,26,1,0
39,36.3,6,36,0,0
46,29.22,3,4,1,0
13,39.88,3,1,1,0
37,71.04,6,3,3,0
56,53.33,5,14,1,0
59,67.15,7,2,1,0
22,90.88,2,55,0,1
14,72.27,3,5,0,0
33,47.63,6,12,0,0
46,55.55,5,3,1,0
56,59.31,4,13,1,0
4,27.06,5,4,0,0
34,81.98,7,18,1,0
9,35.54,6,4,0,0
4,82.17,3,39,0,1
39,76.31,3,55,0,0
46,51.11,2,19,1,0
39,107.08,5,93,0,0
52,27.12,5,4,0,0
55,94.0,4,1,1,0
45,63.07,6,16,0,0
27,109.85,4,7,1,0
7,32.49,12,32,0,0
12,49.87,3,4,0,0
44,44.57,4,11,1,0
16,37.12,6,12,0,0
50,102.91,6,12,0,0
53,42.71,3,8,1,0
58,55.8,7,13,2,0
29,52.79,7,6,0,0
59,52.41,7,23,1,0
21,36.3,3,53,0,0
48,38.02,1,71,1,1
31,57.64,8,48,0,0
20,58.87,4,5,0,0
58,49.32,9,17,1,0
16,15.29,8,6,0,0
39,147.65,1,11,1,0
52,62.93,4,0,0,0
54,54.89,5,12,0,0
17,51.16,4,9,0,0
40,63.29,11,92,0,0
43,53.15,3,27,2,0
32,84.7,2,1,0,0
3,59.46,6,6,1,0
17,52.37,7,15,0,0
23,80.02,5,20,0,0
34,41.04,6,15,0,0
28,69.57,9,12,1,0
33,53.38,4,3,0,0
45,47.01,5,18,0,0
8,35.22,3,22,1,1
23,49.66,8,7,0,0
22,61.2,5,36,0,0
46,36.64,4,3,0,0
7,55.41,4,26,1,0
31,69.68,4,3,0,0
4,26.71,6,30,1,0
13,84.63,4,1,1,0
45,31.97,6,7,0,0
23,56.62,11,37,1,0
47,57.93,4,57,2,0
55,57.96,4,6,1,0
13,75.25,6,7,0,0
24,46.89,5,22,0,0
35,55.74,2,15,0,0
43,77.85,4,28,1,0
54,28.71,4,29,0,0
16,66.89,3,5,1,0
28,49.4,5,4,0,0
14,58.59,5,20,0,0
14,54.36,6,27,0,0
37,24.04,3,12,1,0
13,61.49,6,14,0,0
48,60.9,4,3,0,0
52,32.51,5,5,0,0
45,72.77,5,1,1,0
49,62.75,7,39,2,0
3,96.07,2,18,0,0
17,36.95,5,13,1,0
54,82.72,7,21,0,0
7,56.35,4,5,0,0
54,82.34,4,2,1,0
41,39.48,1,6,0,0
23,49.0,6,1,0,0
28,81.06,6,15,0,0
23,60.33,3,12,0,0
28,91.69,8,33,0,0
2,76.42,9,50,0,0
48,102.3,5,58,0,0
60,54.78,9,10,1,0
2,51.87,3,46,0,0
17,83.63,5,1,0,0
34,119.35,8,34,0,0
17,46.56,2,11,0,0
27,32.64,7,66,0,0
6,65.12,10,7,0,0
33,96.47,7,1,1,0
47,34.79,7,2,1,0
13,41.29,8,26,2,0
51,59.31,4,13,0,0
54,32.93,4,5,1,0
34,57.39,3,9,0,0
32,60.41,7,34,1,0
60,103.79,1,1,0,0
17,44.74,7,24,0,0
55,22.14,7,11,0,0
48,115.56,3,2,0,0
56,67.48,5,34,0,0
57,74.55,2,10,0,0
22,53.6,6,20,0,0
43,84.52,7,1,1,0
12,80.38,5,42,1,1
44,46.89,5,29,0,0
45,73.53,6,26,0,0
60,35.55,5,25,2,0
21,12.57,3,51,0,0
51,68.67,4,12,0,0
54,37.3,4,16,1,0
30,21.42,4,27,0,0
53,83.66,4,20,0,0
20,42.68,6,26,0,0
25,84.86,6,5,0,0
49,43.84,7,7,0,0
32,58.62,6,1,0,0
43,31.82,5,16,1,0
16,41.26,3,2,0,0
28,46.85,5,12,0,0
36,23.1,4,9,0,0
24,103.92,5,9,3,1
26,31.48,5,9,0,0
13,39.21,5,10,1,0
57,89.21,2,51,0,0
53,63.74,7,4,0,0
57,78.91,3,13,0,0
15,86.62,1,2,1,0
51,76.49,7,18,1,0
57,66.1,6,50,1,1
19,47.94,6,12,1,0
54,43.15,1,5,0,0
60,119.07,3,5,0,0
57,70.65,2,45,0,0
41,70.22,6,12,1,0
6,54.98,5,6,1,0
16,87.83,6,4,0,0
42,91.34,4,6,1,0
52,41.19,4,43,0,0
50,105.2,4,37,0,0
16,96.39,6,1,1,0
1,21.73,4,2,0,0
47,79.92,4,2,1,0
1,96.65,3,2,0,0
11,39.16,7,8,0,0
36,101.83,4,20,0,0
13,40.09,4,16,2,0
16,44.78,6,10,1,0
4,63.65,5,24,1,0
40,55.44,7,14,0,0
7,57.52,9,23,1,0
1,46.2,3,22,1,0
31,32.12,8,39,0,0
34,54.17,5,49,0,1
58,78.88,7,6,1,0
58,32.94,4,5,0,0
4,53.98,8,4,1,0
2,52.83,3,4,0,0
37,41.96,4,17,0,0
34,63.72,8,2,0,0
1,65.03,5,15,0,0
46,37.87,5,41,0,0
34,55.54,7,20,1,0
56,71.88,7,40,0,0
14,91.5,3,7,0,0
27,24.82,3,2,0,0
39,81.17,6,25,2,0
50,87.42,6,12,0,0
40,49.43,7,30,0,0
53,65.72,4,19,2,0
34,40.42,4,42,0,0
32,60.1,2,28,0,1
7,79.14,5,28,1,1
56,110.91,4,6,1,0
15,90.28,5,59,0,0
31,57.3,5,34,0,0
14,72.95,5,4,0,0
11,27.31,6,17,1,0
33,56.57,4,30,0,0
14,78.71,9,3,0,0
33,60.1,4,36,0,0
24,43.92,4,19,0,1
24,34.99,5,21,0,0
51,49.28,5,6,0,0
53,32.87,5,44,1,0
38,108.48,2,9,0,0
34,23.59,7,34,1,0
7,41.14,9,28,0,0
1,68.91,3,4,0,0
49,34.18,6,14,0,0
56,103.09,3,31,0,0
43,52.86,9,30,0,0
60,74.88,4,13,0,0
40,34.26,6,41,0,0
50,76.47,5,29,1,0
52,73.04,4,1,0,0
59,74.29,1,39,1,0
42,61.27,4,9,0,0
50,55.59,4,25,0,0
28,49.29,5,62,0,1
35,44.24,5,104,0,1
28,83.91,2,19,2,0
6,66.21,1,8,2,0
50,30.47,8,80,0,0
45,37.6,5,13,0,0
48,90.94,3,41,1,0
8,75.89,4,45,0,0
48,77.24,6,11,0,0
13,39.34,4,50,0,0
51,111.77,4,13,0,0
15,52.5,2,16,1,1
36,60.05,3,0,1,0
7,56.15,6,2,2,0
34,36.82,4,7,1,0
55,64.77,3,9,1,1
52,43.46,7,56,0,0
46,37.34,5,1,0,0
1,108.59,6,24,1,0
59,31.81,3,3,0,0
44,30.9,6,2,0,0
31,30.7,4,5,0,0
9,97.35,6,29,0,0
1,38.16,6,31,1,0
43,83.38,5,34,3,0
15,60.81,8,12,2,0
18,69.59,9,24,1,0
2,58.14,5,12,0,0
34,32.08,6,18,1,0
24,54.21,6,26,1,0
44,56.77,4,35,0,0
2,82.68,4,9,0,0
33,39.88,2,10,0,0
5,80.82,7,8,0,0
57,67.16,5,15,0,0
40,74.92,12,52,1,0
21,44.55,3,24,0,0
42,39.45,6,17,1,0
18,68.55,3,9,1,0
6,121.43,4,19,1,0
50,77.62,8,5,0,0
56,53.59,7,24,0,0
16,101.38,6,27,0,0
33,73.31,5,6,0,0
48,39.81,2,18,2,0
2,26.44,8,57,0,0
9,42.87,5,6,1,0
46,55.52,4,11,0,0
19,52.69,7,15,0,0
29,53.99,5,12,1,0
43,53.94,9,23,1,0
14,61.01,5,10,0,0
51,44.03,8,33,2,0
6,41.0,3,6,1,0
5,48.21,3,12,0,0
29,46.76,9,33,1,0
45,73.48,5,6,0,0
48,61.16,11,2,0,0
58,51.06,5,22,1,0
58,41.88,5,15,1,0
47,44.0,2,16,1,0
60,93.32,2,27,0,0
59,37.13,4,7,0,0
12,74.55,3,37,0,0
30,43.45,7,24,1,0
57,41.69,4,5,0,0
9,77.5,6,62,0,0
39,37.63,5,11,1,0
30,123.79,4,44,2,0
29,83.45,3,13,1,0
3,166.08,9,21,0,0
10,34.92,7,1,0,0
21,56.41,4,21,0,0
10,42.53,4,33,0,0
28,59.64,5,1,1,0
21,26.59,4,17,3,0
13,69.62,4,18,1,0
34,73.99,7,19,0,0
12,77.53,4,48,1,0
60,46.7,7,22,0,0
25,67.88,5,7,0,0
21,24.94,6,2,0,0
58,25.37,4,44,1,1
18,79.33,8,29,1,0
37,65.78,7,46,0,0
60,89.74,5,9,1,0
46,48.89,5,8,0,1
5,55.2,6,48,1,0
31,40.74,6,46,0,0
59,89.97,9,11,0,0
55,50.19,9,5,1,0
28,51.32,5,44,0,0
52,60.25,4,28,0,0
21,82.24,5,4,2,0
3,55.11,9,17,0,0
26,58.91,3,9,1,0
8,188.37,6,18,0,0
46,29.52,6,6,0,0
2,49.79,5,11,0,0
29,67.2,8,1,1,0
13,82.92,5,64,0,1
60,30.62,5,11,1,0
60,111.15,6,7,0,0
49,41.33,4,2,0,0
21,41.02,6,16,0,0
24,79.03,10,33,0,0
8,86.63,3,29,1,1
53,54.58,4,26,0,0
45,80.65,6,1,0,0
23,64.7,8,21,0,0
11,38.94,4,35,1,0
26,56.88,3,104,0,1
1,33.36,3,7,0,0
27,88.96,6,13,0,0
11,62.53,4,35,0,0
20,98.66,6,10,1,0
30,80.62,5,7,0,0
10,106.41,4,16,0,0
48,76.75,5,10,2,0
60,54.84,6,66,0,0
18,28.03,3,1,1,0
43,57.34,4,13,0,0
59,116.65,4,2,0,0
52,41.32,7,34,0,0
48,59.57,4,18,0,0
35,34.39,5,0,0,0
48,63.29,7,15,0,0
37,53.82,10,10,0,0
39,51.78,8,5,0,0
52,54.96,5,11,0,0
6,107.18,2,7,1,0
53,41.65,7,18,0,0
29,43.3,5,6,0,0
22,58.08,5,4,0,0
31,75.67,4,13,0,0
41,94.59,1,5,0,0
4,59.82,6,2,0,0
3,30.31,8,37,2,0
55,56.21,5,12,0,0
15,46.13,5,6,0,0
19,52.58,6,20,0,0
4,53.62,4,3,0,0
31,47.89,7,14,2,0
18,62.42,3,7,0,0
60,47.26,7,1,1,0
36,38.6,6,9,1,0
30,43.62,5,23,0,0
3,41.47,4,4,0,0
47,66.1,5,12,2,0
57,83.25,5,4,0,0
17,58.1,4,14,0,0
2,42.61,3,4,1,0
60,28.73,6,74,1,1
29,44.31,4,17,1,0
30,98.22,5,13,0,0
9,59.37,6,45,2,0
3,80.05,9,1,1,0
34,36.98,7,3,0,0
24,56.63,10,9,2,0
11,46.23,5,34,0,0
55,64.74,10,35,0,0
26,99.88,1,12,1,0
23,72.25,4,12,1,0
54,86.58,5,6,2,0
36,42.63,5,17,1,0
1,47.63,5,48,1,0
11,36.84,5,29,1,0
23,50.12,7,40,2,1
3,80.03,5,22,0,0
6,28.23,7,49,0,0
57,99.61,9,25,1,0
34,51.41,8,31,0,0
27,30.76,5,2,0,0
28,60.74,8,8,0,0
32,52.79,6,14,0,0
10,90.77,5,35,0,0
54,34.42,7,4,0,0
17,25.14,7,28,1,0
59,31.58,6,3,1,0
52,44.5,4,12,0,0
47,52.51,3,20,0,0
29,51.31,4,37,1,0
12,40.95,3,8,1,0
15,39.87,3,17,0,0
15,77.76,5,53,2,1
20,89.58,5,47,0,0
10,56.95,3,8,0,0
37,96.65,6,70,0,1
19,48.95,6,20,0,0
28,29.71,5,7,0,0
55,38.15,4,3,0,0
1,39.4,4,35,0,0
57,66.58,5,87,2,1
23,49.98,7,13,2,0
28,35.36,7,16,1,0
6,44.19,11,15,0,0
53,48.89,2,14,0,0
51,66.38,3,83,0,1
25,68.28,4,5,0,0
47,84.33,8,36,0,0
57,52.09,5,11,0,0
39,135.59,7,12,1,0
56,119.77,5,0,1,1
47,60.65,3,11,2,0
12,52.3,9,24,0,1
31,97.61,5,23,2,1
15,49.13,4,61,1,1
35,63.92,6,31,0,0
51,35.04,4,1,0,0
42,44.31,5,24,1,0
5,72.86,3,4,0,0
47,55.0,6,9,0,0
37,64.38,6,12,0,0
34,51.08,3,3,1,0
45,37.79,5,0,0,0
45,50.81,5,38,0,0
39,90.52,4,0,0,0
8,56.83,5,22,0,0
27,48.48,2,9,0,0
16,33.31,5,33,0,0
50,71.21,10,15,0,0
17,64.07,7,34,0,0
39,38.77,4,17,2,0
13,51.43,5,22,0,0
25,70.4,5,5,1,0
34,36.61,3,13,0,0
8,30.69,5,26,1,0
4,50.68,3,0,0,0
16,47.7,3,102,0,0
28,48.54,6,31,1,0
16,39.94,8,25,0,0
8,56.25,4,2,0,0
60,47.25,3,5,1,0
23,70.56,6,0,2,0
30,36.35,4,9,0,0
28,54.41,4,1,0,0
5,38.56,4,7,2,0
31,53.63,3,0,0,0
38,56.44,6,3,2,0
10,61.72,4,16,1,0
43,42.96,4,14,2,0
60,58.1,7,22,2,0
3,83.6,6,35,0,0
34,58.02,6,7,0,0
52,52.87,3,32,0,1
22,45.66,4,7,0,0
24,58.45,7,136,0,0
59,24.35,5,14,0,0
25,52.15,6,16,0,0
26,63.23,7,19,1,0
29,50.78,7,19,1,0
60,33.53,5,16,0,0
46,99.2,8,19,0,0
58,29.4,7,10,1,0
57,73.85,4,10,1,0
12,74.74,4,14,0,0
60,72.79,2,8,0,0
35,71.11,7,16,2,0
27,67.7,4,2,2,0
37,90.38,2,12,1,0
23,58.5,6,4,0,0
45,43.03,3,49,2,0
54,106.59,5,12,0,0
27,38.94,4,19,0,0
19,33.1,4,19,1,0
10,42.14,1,9,0,0
28,61.33,4,2,0,0
34,58.66,6,36,0,0
44,42.54,6,7,0,1
16,79.68,5,25,0,0
39,51.98,7,55,1,0
4,50.96,6,67,2,1
26,55.09,7,26,1,0
31,96.8,8,19,1,0
24,74.74,6,23,1,0
36,54.48,2,33,0,0
7,65.33,4,39,1,0
59,49.56,4,59,0,0
17,42.66,6,9,1,0
36,40.3,8,70,0,0
45,61.78,4,8,0,0
27,81.9,1,8,1,1
4,31.1,6,2,0,0
14,59.38,8,5,0,0
39,28.86,7,17,1,1
3,59.73,4,33,0,0
29,72.36,7,35,1,0
23,38.01,4,11,1,0
30,58.98,4,19,1,0
16,78.58,2,31,0,0
19,30.48,6,0,1,0
55,95.04,7,11,0,0
27,41.17,6,47,1,1
41,66.37,3,39,0,0
52,46.08,3,10,1,0
2,57.58,5,29,0,0
39,47.57,5,22,1,0
10,46.52,6,0,0,0
34,66.63,7,1,0,0
40,44.48,2,42,1,0
38,59.83,4,36,0,0
47,31.37,5,7,0,0
52,61.96,8,2,1,0
41,47.59,4,2,0,0
11,78.51,4,8,0,0
27,29.83,8,18,0,0
31,41.34,6,34,1,0
60,59.66,6,27,1,0
21,42.7,4,20,0,0
5,34.53,5,21,0,0
38,39.4,4,29,0,0
2,42.73,6,43,0,0
19,29.76,4,44,1,0
51,40.57,5,13,0,0
49,163.75,6,12,0,0
46,54.83,3,18,1,0
14,57.77,7,32,1,0
18,50.49,2,38,0,0
27,84.61,3,15,0,0
12,53.14,8,23,0,0
46,42.98,4,19,0,0
52,51.15,4,1,2,0
60,83.54,5,21,0,1
43,74.59,4,22,1,0
59,24.45,4,12,2,0
41,52.99,4,48,0,0
8,66.0,5,9,0,0
26,54.77,4,10,0,0
32,162.77,8,24,2,1
9,66.22,6,27,0,0
48,72.39,2,9,0,0
54,31.05,6,18,2,0
45,30.44,4,0,0,0
37,39.73,6,83,1,1
19,32.35,6,41,1,0
9,59.32,5,50,0,0
9,38.87,3,0,0,0
49,26.95,5,118,0,1
57,79.63,4,9,0,0
12,55.89,1,3,0,0
33,55.46,5,46,0,0
53,40.19,4,48,0,0
50,60.75,3,30,1,0
5,58.79,4,12,0,0
36,63.99,5,2,0,0
13,43.02,3,4,0,0
48,43.87,6,39,0,0
58,40.58,2,64,0,0
21,36.16,7,51,0,0
16,114.49,6,6,0,0
3,17.69,5,13,1,0
12,31.53,5,7,0,0
4,53.72,2,5,0,0
57,36.33,3,28,1,0
31,53.72,5,23,0,0
26,28.48,4,15,0,0
57,22.77,7,0,1,0
18,43.91,4,19,0,0
53,80.44,4,11,0,0
16,57.6,3,17,0,0
15,72.39,5,4,2,0
41,88.1,4,12,0,0
54,69.51,3,4,1,0
43,37.37,4,8,1,0
20,43.98,4,21,0,0
45,33.41,3,27,0,0
11,45.25,6,20,1,0
7,38.61,2,2,0,0
20,58.62,5,8,2,0
59,34.43,5,0,0,0
36,43.55,2,15,0,0
5,79.42,6,8,1,0
60,78.93,4,15,1,0
32,65.66,5,10,0,0
48,32.4,1,45,0,0
43,183.59,5,33,2,0
18,44.46,3,17,0,0
2,60.14,7,19,1,0
52,45.03,6,14,1,0
27,49.31,6,11,0,0
52,18.88,3,2,0,0
43,62.77,5,27,0,0
26,34.39,4,3,1,0
14,88.61,5,19,0,0
30,62.83,4,5,0,0
49,98.94,6,6,0,0
49,41.69,5,15,0,0
38,36.85,10,30,0,0
15,79.2,5,36,1,0
22,64.69,4,11,1,0
32,70.13,7,15,0,0
10,49.83,9,40,0,0
5,34.21,2,63,1,1
52,37.19,2,6,1,0
48,74.6,3,65,0,0
30,67.55,7,48,2,0
53,67.91,4,11,1,0
59,45.35,4,3,1,0
17,32.9,6,17,0,0
38,43.3,6,10,0,0
23,39.58,7,43,0,0
10,104.1,7,70,0,0
17,85.75,2,7,0,0
8,42.97,7,16,0,0
1,127.02,4,11,1,0
10,64.08,6,4,2,0
11,51.75,7,8,1,0
35,47.55,6,34,0,0
9,79.29,5,12,1,0
20,43.33,2,0,1,0
57,86.18,4,2,1,0
2,46.22,4,3,0,0
32,67.93,2,0,0,0
4,78.2,9,13,1,0
40,40.16,5,8,2,0
14,65.63,4,0,1,1
16,90.31,7,6,0,0
22,36.19,2,4,1,1
3,56.02,8,28,0,0
16,101.77,10,5,0,0
59,65.58,4,13,0,0
14,55.45,4,7,0,0
24,78.1,4,6,0,0
44,109.54,3,19,0,0
4,72.37,8,18,2,0
25,107.44,7,88,0,1
12,54.48,5,26,0,0
30,88.94,5,2,0,0
25,41.7,9,16,0,0
7,116.21,4,26,0,0
56,58.52,5,2,0,0
52,58.9,4,12,2,0
8,98.22,7,5,1,0
21,58.68,7,1,1,0
38,52.01,4,12,1,0
52,44.79,1,11,0,0
59,65.47,3,21,1,0
56,50.91,2,12,0,0
60,49.92,3,8,0,0
28,83.7,6,23,0,0
11,77.12,5,53,1,0
51,36.87,7,41,0,1
41,36.59,4,37,0,0
20,25.42,5,2,0,0
10,31.12,7,35,0,0
51,125.29,7,10,0,0
15,49.99,7,16,0,0
34,72.42,8,4,1,0
3,55.89,3,31,0,0
55,78.01,7,25,0,0
40,79.24,4,22,1,0
16,26.54,4,8,0,0
8,54.19,4,34,0,1
52,57.39,4,1,0,0
25,68.38,7,54,0,0
35,44.65,6,8,0,0
37,63.03,2,18,1,0
56,45.56,6,30,0,0
8,37.73,7,2,0,0
30,48.21,5,21,1,0
35,37.0,3,24,0,0
6,81.19,4,4,0,0
5,53.67,7,34,0,0
43,38.53,3,3,1,0
28,53.81,7,16,0,0
44,55.78,3,19,1,0
59,35.98,6,13,2,0
18,75.67,4,5,1,0
35,52.05,3,6,0,0
1,65.66,4,33,1,0
35,47.63,10,3,2,0
28,39.02,6,34,3,0
53,35.87,1,1,0,0
38,75.77,6,17,0,0
19,78.25,4,7,0,0
54,42.02,5,4,0,0
6,41.11,8,5,0,0
5,30.8,4,20,0,0
3,76.61,8,33,0,0
2,64.44,3,76,0,1
25,35.98,7,23,0,1
11,119.47,3,101,0,1
39,65.3,3,0,0,0
20,46.26,8,0,1,0
51,73.9,8,12,0,0
27,51.64,4,16,0,0
42,32.2,5,15,1,0
10,38.9,6,5,2,0
45,57.63,4,2,1,0
25,56.85,5,3,1,0
23,48.92,9,34,1,0
34,80.51,6,46,0,0
36,33.0,5,15,1,0
35,51.44,6,5,0,0
1,46.51,3,3,0,0
27,88.09,3,2,2,0
59,43.89,5,13,1,0
49,73.26,4,0,0,0
58,98.1,6,17,2,0
52,58.6,2,42,0,0
6,75.52,5,11,0,0
4,75.28,8,20,0,0
21,77.47,4,7,0,0
19,37.03,4,1,0,0
5,57.26,3,24,1,0
53,35.61,4,12,0,0
33,83.84,9,31,2,0
9,27.7,5,59,0,0
10,67.06,9,45,2,0
30,52.16,5,27,1,0
34,47.87,7,62,1,1
32,26.67,7,5,0,0
1,52.96,4,82,1,1
30,31.71,5,19,0,1
23,47.04,5,28,1,0
7,56.9,6,8,0,0
32,55.83,3,21,0,0
49,47.0,5,50,0,0
10,33.88,5,19,2,0
27,50.31,8,13,2,0
4,103.47,8,50,0,0
55,40.1,3,20,0,0
51,52.64,3,8,0,0
1,78.73,7,4,0,0
34,61.01,6,1,0,0
21,50.03,4,4,0,0
38,25.25,3,7,0,0
15,41.58,3,2,0,0
29,55.9,3,4,0,0
59,53.28,9,9,0,0
50,66.77,8,38,1,0
15,25.27,4,2,0,0
21,29.0,5,11,1,0
23,60.47,4,6,1,1
16,30.26,8,2,1,0
51,35.67,4,14,2,0
24,46.28,3,0,0,0
8,53.83,2,12,1,0
33,61.79,6,30,0,0
44,164.0,3,10,1,0
12,64.89,5,2,0,0
15,54.05,5,6,2,1
18,47.02,7,23,0,0
36,86.22,8,10,1,0
31,28.03,4,12,1,0
5,41.17,2,2,0,0
12,44.58,3,16,0,0
19,53.63,5,26,1,0
2,52.57,7,5,1,0
19,48.1,9,9,2,1
16,55.96,7,15,2,0
27,70.67,2,74,0,0
40,29.48,5,9,0,0
5,81.02,2,3,0,0
53,27.19,3,13,0,0
60,34.45,4,10,1,0
35,54.0,5,20,0,0
10,44.69,7,43,0,0
29,65.31,4,9,0,0
20,89.84,6,35,0,0
16,29.11,4,50,2,0
42,45.62,3,5,0,0
10,20.89,7,22,1,0
56,53.12,5,0,1,0
6,61.94,7,5,0,0
23,41.69,8,16,0,0
4,63.49,4,19,1,0
35,61.51,2,8,1,0
10,43.43,2,9,1,0
10,63.84,7,9,0,0
49,35.17,7,16,0,0
29,47.14,5,62,1,0
3,62.61,4,8,1,0
39,59.76,4,10,1,0
3,54.55,1,30,0,0
22,59.22,4,1,0,0
45,47.53,7,13,0,0
40,55.38,7,78,1,1
55,40.96,6,62,1,0
1,65.61,8,14,1,0
46,76.18,4,20,0,0
12,45.1,4,11,1,0
35,53.66,4,9,0,0
21,39.83,3,43,1,1
26,76.82,7,60,0,0
34,85.84,5,3,0,0
2,71.59,2,22,0,0
52,88.87,8,30,0,0
46,95.55,6,6,1,0
15,75.24,1,39,0,1
54,125.58,4,2,0,0
2,64.53,9,26,0,0
31,35.76,4,9,0,0
12,60.0,9,3,0,0
17,67.16,7,23,0,0
37,30.53,2,46,0,0
34,119.88,3,9,0,0
21,69.16,4,20,1,0
20,49.58,8,26,1,0
14,74.8,4,39,0,0
6,59.54,5,0,0,0
55,66.38,7,28,0,0
44,77.67,1,10,1,0
13,74.05,4,15,0,0
11,81.18,8,27,2,0
12,68.72,3,15,1,0
5,60.44,4,20,1,0
59,42.45,4,13,0,0
17,63.03,3,1,1,0
19,44.68,3,9,0,0
29,51.45,3,28,1,0
21,67.42,4,10,0,0
17,48.81,6,15,0,0
20,40.15,6,13,1,0
33,84.12,7,55,0,0
22,76.15,6,4,1,0
10,33.67,4,3,0,0
18,48.92,5,18,0,0
48,45.44,4,6,2,0
57,34.37,4,27,0,0
39,44.0,4,27,2,0
42,47.53,8,14,0,0
45,42.33,4,34,1,0
57,41.58,3,28,0,0
44,71.04,6,23,0,0
37,35.06,7,36,1,0
12,61.0,5,53,1,0
15,76.42,9,3,0,0
22,57.58,7,5,0,0
14,56.77,7,24,0,0
47,39.8,10,41,0,0
48,66.86,4,5,0,0
17,27.85,6,9,2,0
16,65.69,5,8,0,0
2,62.56,4,10,1,0
6,44.96,11,40,0,0
26,38.12,7,34,0,0
2,33.95,2,19,2,0
28,122.7,3,26,1,0
48,33.39,8,92,0,0
20,38.29,7,10,1,0
44,39.97,5,17,2,0
19,67.81,8,21,0,0
15,52.54,6,13,1,0
3,54.31,4,39,1,0
21,54.58,6,12,0,0
29,44.37,4,10,2,0
40,104.82,3,2,1,0
56,121.09,2,15,1,0
43,122.01,2,7,0,0
11,41.07,3,3,0,0
22,43.7,5,32,1,0
25,40.28,5,17,0,0
27,59.45,7,6,0,0
46,62.58,9,40,0,0
20,29.88,11,4,0,0
46,51.25,3,20,0,0
27,76.61,6,41,1,0
7,83.79,6,19,0,0
8,42.28,4,29,1,0
8,39.54,5,10,0,0
53,55.82,3,41,1,0
50,47.73,5,82,1,0
53,82.61,4,4,0,0
54,80.88,4,51,0,0
56,95.39,8,4,1,0
46,35.83,5,51,2,0
26,40.51,5,22,0,0
24,55.12,5,6,1,0
58,24.92,7,2,1,0
33,70.85,5,33,0,1
8,61.58,5,37,0,0
18,96.97,4,2,2,0
17,78.02,4,58,0,0
32,71.26,7,22,3,0
31,54.25,4,10,1,0
9,67.43,6,21,0,0
21,119.29,5,25,1,0
10,61.91,3,7,0,0
35,43.99,3,45,0,0
50,57.44,8,9,0,0
22,82.74,7,11,0,0
59,75.36,5,5,0,0
24,74.26,4,3,1,1
39,61.44,7,12,0,0
7,62.31,4,8,2,0
31,92.81,5,60,0,0
39,49.36,5,8,0,0
13,44.26,7,42,0,0
6,44.23,4,12,0,0
24,64.33,4,15,0,0
60,38.43,4,103,0,0
59,54.72,5,12,1,0
7,41.32,8,64,0,0
44,60.86,7,14,0,0
35,27.16,6,3,1,0
40,45.78,5,57,1,0
52,68.53,6,37,0,0
28,87.42,4,11,0,0
19,63.52,4,54,0,0
45,30.92,4,68,2,1
8,38.03,3,22,0,0
12,65.89,4,33,0,0
54,58.54,6,1,0,0
54,90.36,2,29,1,1
26,116.68,7,10,1,0
59,63.0,3,11,1,0
31,38.67,3,65,0,1
23,92.69,4,4,2,0
35,33.47,12,3,0,0
55,45.56,7,6,0,0
52,57.92,4,23,0,0
52,54.85,3,2,0,0
19,62.23,7,15,1,0
36,63.13,3,8,0,0
59,50.35,10,48,2,0
2,45.0,6,11,0,0
6,35.35,4,20,1,0
59,113.91,3,7,1,1
6,44.02,3,15,0,0
37,41.57,3,23,0,0
56,35.93,2,1,0,0
38,31.39,7,11,0,0
35,71.44,3,13,1,0
26,88.26,4,24,0,0
14,53.7,8,27,0,0
50,67.52,5,2,1,0
31,52.23,6,11,3,0
36,48.63,4,87,0,1
44,41.75,1,4,3,0
31,32.04,3,16,0,0
28,41.23,6,10,0,1
47,81.71,4,19,1,0
51,57.13,4,14,1,0
43,36.49,3,5,0,0
16,44.13,6,15,0,0
50,47.29,6,3,2,0
6,68.1,6,7,0,0
60,61.6,4,43,0,0
40,32.59,8,13,0,0
27,65.27,4,17,1,0
32,55.88,2,35,0,0
43,73.76,10,10,0,0
7,110.79,5,18,1,0
39,52.7,6,6,0,0
34,107.16,2,34,1,0
14,72.92,3,5,4,0
33,27.11,4,40,0,0
49,129.19,4,16,0,0
1,63.13,4,13,0,0
49,53.99,8,102,0,1
12,47.8,6,21,1,0
24,84.39,5,24,0,0
33,56.91,3,72,0,1
54,77.2,5,75,0,1
57,39.74,4,40,0,0
28,91.18,3,11,1,0
33,55.23,4,7,0,0
22,26.56,2,19,0,1
4,56.31,6,36,1,1
20,24.1,5,23,2,0
1,59.57,4,9,1,0
6,73.47,4,7,2,0
48,46.21,4,1,1,0
39,48.91,7,7,0,0
6,45.81,5,4,0,0
33,39.97,2,67,0,1
14,100.87,5,13,0,0
30,54.63,4,26,2,0
40,28.38,3,30,0,0
43,70.19,2,35,1,0
57,33.07,4,19,0,0
25,61.27,3,17,0,0
10,55.03,3,21,1,0
15,51.33,4,7,0,0
29,44.89,9,27,1,0
36,73.6,7,19,1,0
41,34.03,7,19,0,0
8,48.23,5,25,0,0
4,80.0,6,3,3,1
36,37.64,4,8,0,0
26,84.72,3,2,0,0
35,31.54,2,3,0,0
25,42.9,8,25,0,0
45,43.05,3,7,0,0
12,69.38,4,2,0,0
37,24.48,3,30,0,0
7,26.25,5,14,0,0
26,83.93,4,13,0,0
60,35.59,1,17,0,0
14,30.62,9,30,0,0
17,44.88,3,6,1,0
37,26.56,3,33,0,0
45,26.11,5,25,0,0
30,91.9,5,79,1,1
27,100.58,2,41,0,1
34,72.14,7,7,0,0
37,87.77,5,14,0,0
19,38.97,7,5,0,0
11,106.56,6,86,0,1
56,29.33,5,45,1,0
29,31.27,5,11,0,0
60,130.15,7,12,1,0
55,60.18,6,7,1,0
40,88.24,6,32,2,0
28,109.07,4,19,0,0
11,58.03,4,13,0,0
60,28.79,5,1,0,0
60,68.17,8,26,1,1
38,67.43,5,43,0,0
31,63.24,4,7,0,0
37,43.13,4,24,0,0
3,51.26,5,32,0,0
33,34.33,4,13,0,0
52,64.25,4,1,0,0
15,51.86,4,26,1,1
57,88.19,7,32,0,0
47,25.42,6,8,0,0
38,33.48,7,31,0,0
35,84.54,7,27,1,0
22,35.02,4,124,0,1
5,56.56,5,3,2,0
12,98.96,4,42,0,0
35,52.2,4,0,0,0
7,85.9,3,69,0,0
48,53.6,4,29,0,0
10,74.44,5,10,1,0
25,107.73,1,18,1,0
22,45.98,8,10,1,0
36,44.2,6,44,2,0
56,44.17,4,6,1,0
36,60.59,4,15,0,0
50,39.31,5,24,1,0
2,49.94,3,28,0,0
15,103.08,8,9,1,0
12,72.92,4,20,0,0
6,53.34,4,52,1,0
7,50.71,5,5,1,0
6,47.79,4,8,0,0
12,55.7,7,27,0,0
48,23.08,8,47,0,0
10,55.27,7,3,2,0
50,110.23,4,25,0,0
28,62.95,9,39,0,0
50,102.02,5,5,1,1
39,62.71,2,41,0,0
17,29.93,7,22,1,0
2,53.68,8,6,1,0
18,62.17,4,4,0,0
51,63.89,7,8,0,0
3,31.45,5,12,1,0
11,54.82,4,5,0,0
42,61.87,3,5,0,0
24,57.46,10,12,0,0
52,79.28,5,2,0,0
46,39.22,5,7,0,0
53,51.62,11,14,0,0
50,70.68,11,13,0,0
4,42.62,4,25,1,0
16,46.83,5,22,1,0
41,87.09,2,14,0,0
21,50.99,3,48,0,1
19,42.52,6,4,2,0
52,72.83,6,30,1,0
6,91.32,4,20,0,0
59,75.08,6,2,0,0
18,54.18,6,14,0,0
10,61.21,12,21,0,0
33,40.76,6,6,0,0
38,42.01,5,9,0,0
54,31.39,2,16,0,0
4,51.98,5,11,1,0
16,40.38,3,10,0,0
14,46.15,4,77,0,1
10,52.62,11,73,1,1
27,52.84,4,27,1,0
12,61.21,3,3,0,0
48,36.17,7,25,0,0
23,58.37,3,7,0,0
11,54.58,5,34,0,0
24,57.22,7,7,0,0
35,28.34,3,9,1,0
53,126.43,2,26,2,0
21,39.97,3,59,0,1
21,44.41,8,60,1,1
50,27.0,5,33,1,0
27,65.46,3,13,0,0
16,83.19,7,6,0,0
51,28.79,11,4,0,1
28,49.82,7,25,0,0
56,57.54,6,25,0,0
33,64.99,3,11,1,1
21,125.54,5,40,0,0
32,100.85,4,38,1,0
53,48.4,4,2,2,0
11,26.54,3,15,1,0
40,48.22,4,1,1,0
28,50.47,6,60,2,0
8,40.74,7,30,0,0
38,40.58,7,9,0,0
51,32.06,5,3,1,0
25,54.55,8,13,3,1
47,55.08,6,45,0,0
8,30.75,6,28,1,0
19,50.95,8,6,0,0
53,142.78,8,26,0,0
53,42.13,4,2,1,0
19,71.34,4,1,0,0
19,58.48,5,33,1,0
18,74.9,4,27,1,0
53,62.38,8,37,0,0
10,32.66,5,11,1,0
44,87.22,3,32,0,0
12,54.33,6,13,1,0
2,23.87,7,15,1,0
9,89.14,4,10,1,0
25,198.52,3,5,2,0
28,95.54,4,24,1,0
31,37.27,3,49,0,0
18,44.99,4,8,0,0
27,89.35,4,2,0,0
4,47.17,7,52,1,0
20,92.94,8,37,1,0
25,48.48,3,8,0,1
20,86.85,6,3,1,0
34,112.43,4,10,2,0
8,58.82,4,11,0,0
39,39.62,6,3,1,0
25,35.07,5,6,0,0
50,63.24,6,27,0,0
13,59.63,10,4,0,0
13,91.6,4,82,0,1
2,52.09,8,14,0,0
32,75.01,5,59,1,0
1,56.89,3,6,0,0
34,30.83,3,21,1,0
57,47.12,5,19,1,0
10,33.61,9,66,1,0
18,50.67,6,45,1,0
54,43.69,5,38,1,0
42,28.08,10,10,0,0
8,45.45,3,32,1,0
11,60.48,5,39,1,0
40,37.9,5,5,0,0
8,51.83,4,73,1,1
35,65.29,3,22,1,0
6,40.38,4,29,0,0
26,70.4,2,2,1,0
53,48.28,4,3,0,0
48,26.78,5,38,0,0
10,44.87,6,74,1,0
48,74.58,5,35,1,0
59,44.93,3,1,1,0
42,84.56,6,1,0,0
16,43.18,5,66,1,0
57,49.64,7,0,1,0
21,43.11,7,55,0,0
54,49.52,5,3,1,0
31,48.1,6,27,0,1
25,44.22,4,10,0,0
16,28.76,4,10,0,0
2,50.52,4,11,1,0
2,32.12,5,2,1,0
2,31.31,3,9,2,0
29,62.77,5,29,0,0
34,68.96,3,15,0,0
3,51.81,7,23,0,0
55,50.78,9,0,0,0
17,55.16,4,24,0,0
60,40.6,3,5,2,0
28,68.85,4,14,0,0
28,54.4,10,14,0,0
37,79.17,5,6,1,0
20,18.51,6,31,2,0
3,62.67,4,11,2,0
44,118.04,5,15,0,0
15,57.41,6,33,0,0
30,24.34,8,15,0,0
55,31.59,4,17,0,0
32,59.98,3,5,0,0
56,45.96,6,6,0,0
14,29.95,4,0,0,0
27,27.22,3,7,0,0
33,76.34,5,3,0,0
25,32.85,7,21,0,0
10,31.83,8,24,0,0
3,60.75,2,23,2,1
14,49.73,9,17,0,0
37,60.46,4,30,2,0
8,35.7,3,54,1,1
14,78.28,5,69,0,0
1,80.75,8,2,0,0
3,48.49,6,4,0,0
17,44.67,10,69,0,0
59,71.16,6,1,0,0
31,78.37,6,33,0,1
21,55.69,4,10,0,0
42,50.93,5,50,1,0
12,84.62,5,63,0,1
47,116.86,4,19,0,0
45,70.21,3,5,0,0
1,67.27,4,12,1,0
42,51.57,4,8,1,0
57,48.06,5,22,0,0
47,81.39,5,20,0,0
27,55.39,4,76,0,0
60,101.99,4,43,1,0
40,67.0,6,7,1,0
30,97.07,4,9,0,0
56,25.73,6,66,0,1
57,58.09,5,12,0,0
24,23.44,6,9,0,1
14,96.97,9,0,0,0
36,77.12,7,11,1,0
23,48.68,5,12,2,0
30,85.94,4,21,0,0
9,31.56,5,52,1,0
49,21.49,5,13,0,0
7,47.47,7,16,0,0
22,71.33,7,42,0,0
17,40.78,3,4,0,0
46,26.99,8,47,0,0
18,52.01,4,1,0,0
2,68.95,6,9,0,0
9,79.03,8,20,1,0
36,58.13,6,27,3,0
53,34.19,4,27,0,0
29,40.37,4,23,0,0
42,52.75,8,7,1,0
49,93.71,3,34,0,0
18,40.44,10,39,0,0
47,33.43,5,1,1,0
21,73.85,5,23,0,0
35,42.22,5,7,0,0
55,69.7,4,15,0,0
18,88.89,5,11,0,0
33,28.83,5,4,2,0
6,73.61,1,0,1,0
49,38.91,7,7,0,0
57,33.89,5,52,0,0
24,59.9,4,0,0,0
28,52.04,5,20,1,0
54,28.43,3,11,0,0
48,65.28,5,23,0,0
15,61.1,2,16,1,0
25,59.47,10,26,1,0
14,54.43,5,15,0,0
34,56.59,9,11,1,0
46,74.51,5,34,1,0
7,59.08,5,23,0,0
25,35.08,6,19,1,0
4,53.59,5,113,1,1
14,65.42,3,37,0,0
26,46.31,5,23,2,0
58,105.04,2,47,0,0
7,65.83,1,23,0,0
4,62.3,5,33,0,0
50,69.25,5,4,0,0
29,51.7,4,11,0,0
15,70.92,5,4,1,0
44,65.94,4,17,0,0
33,55.72,3,16,0,0
47,59.15,9,37,0,0
37,53.6,5,77,0,0
49,74.69,7,43,1,0
56,39.22,6,12,1,0
5,48.11,3,10,0,0
29,26.62,4,17,1,0
13,79.57,6,28,0,0
56,83.71,5,5,1,0
5,41.44,4,6,0,0
30,29.34,6,4,0,0
25,69.9,7,3,0,0
27,61.77,5,33,0,0
19,73.95,3,53,1,1
59,74.22,6,42,0,0
1,35.62,6,14,0,0
15,68.55,8,43,0,0
46,59.28,4,27,1,0
29,90.03,7,64,0,1
60,37.51,2,8,0,0
49,90.31,8,2,2,0
26,57.19,5,11,0,0
18,64.93,3,7,0,0
43,26.73,3,14,1,1
30,44.33,4,24,1,0
24,88.2,5,62,1,1
54,47.5,7,5,0,0
19,82.16,6,4,0,0
4,33.16,8,48,0,0
31,65.97,3,1,1,0
33,39.59,4,10,1,1
27,111.49,3,34,0,0
9,109.33,3,13,0,0
40,83.23,4,4,1,0
39,99.18,6,33,3,0
16,69.85,5,21,0,0
27,183.07,7,5,0,1
6,54.3,6,34,0,0
54,63.23,5,0,0,0
38,59.21,6,24,0,0
52,43.57,6,22,0,0
35,30.29,5,39,0,0
34,48.65,7,7,0,0
22,53.41,5,7,0,0
43,73.62,4,78,1,0
30,56.4,4,22,0,0
25,155.11,2,7,0,0
47,29.64,5,1,0,0
12,57.18,5,4,0,0
53,48.81,5,12,1,0
59,88.4,2,42,1,0
2,102.31,3,5,0,0
18,44.89,6,86,1,1
36,80.24,6,20,0,0
2,58.56,4,2,0,0
20,61.96,7,1,1,0
31,59.15,9,9,1,0
12,62.95,4,13,0,0
53,38.41,3,15,0,0
17,63.23,5,0,0,0
19,49.66,6,38,1,0
27,62.73,4,8,0,0
5,70.86,5,1,0,0
23,84.57,9,26,0,0
18,95.2,8,9,0,0
50,53.32,6,5,0,0
30,41.52,3,16,0,0
40,50.25,5,2,1,0
45,96.32,7,6,0,0
6,56.03,4,18,0,0
31,39.17,4,21,0,0
59,57.52,3,48,2,0
48,44.5,4,1,0,0
38,44.96,5,16,1,0
27,41.59,9,11,1,0
23,67.41,9,1,1,0
14,53.22,4,20,1,0
20,81.74,6,0,0,0
19,32.12,3,5,1,0
7,54.82,8,11,2,0
18,43.55,2,30,0,0
10,113.95,2,14,1,0
59,113.07,6,12,0,0
34,27.27,2,4,3,1
60,136.06,3,26,1,0
28,46.23,3,12,0,1
40,51.93,7,42,2,1
23,29.52,4,21,0,0
56,69.71,2,29,0,0
19,27.41,8,7,0,0
56,55.54,9,64,1,0
51,61.13,4,5,1,0
51,61.74,3,22,0,0
37,99.29,4,5,1,0
36,53.74,3,14,1,0
46,62.46,6,32,0,0
11,41.18,3,6,1,0
43,56.2,3,17,1,0
12,95.47,3,44,0,0
29,78.72,7,5,0,0
19,102.85,6,12,0,0
34,83.22,4,4,0,0
37,50.4,3,5,0,0
58,105.91,5,5,0,0
56,65.03,7,20,1,0
38,67.37,5,8,0,0
44,39.89,5,3,0,0
26,113.6,4,12,0,0
32,34.06,7,8,0,0
26,21.11,4,51,0,0
24,41.9,8,18,0,0
46,74.83,5,8,0,0
41,58.32,6,2,0,0
5,35.16,4,6,0,0
19,43.84,6,4,1,0
46,74.91,6,6,2,0
47,30.63,4,28,1,0
7,40.04,7,5,1,0
50,97.71,4,12,0,0
44,42.11,6,1,0,0
59,80.22,4,28,0,0
13,30.5,6,3,0,0
27,54.88,4,3,1,0
9,64.43,7,44,2,0
52,32.72,7,6,0,0
59,62.91,5,1,2,0
51,54.43,6,0,1,0
58,54.42,4,38,0,0
32,81.22,5,8,2,0
24,49.18,2,59,1,0
24,35.82,4,40,0,1
54,111.56,5,29,1,0
37,98.5,5,16,1,0
34,54.42,2,40,1,0
7,76.83,7,12,0,0
37,51.54,5,11,0,0
50,52.33,5,80,0,0
47,54.14,4,5,1,0
43,64.81,6,4,2,0
15,51.49,6,14,0,1
47,87.99,4,16,2,0
16,41.17,3,5,1,0
13,63.65,4,8,0,0
15,69.84,4,38,1,0
30,62.45,7,21,0,0
31,64.44,5,7,0,0
38,34.68,5,20,0,0
27,55.28,2,14,0,0
37,74.61,3,2,1,0
54,32.95,5,6,0,0
7,45.71,8,10,1,0
22,85.13,5,11,0,0
31,36.56,6,3,0,0
45,59.71,5,11,0,0
8,65.64,6,17,1,0
35,41.51,9,42,0,0
35,75.84,8,38,0,0
47,159.56,3,20,1,0
34,55.78,4,4,0,0
13,74.7,9,3,1,0
29,60.97,4,18,0,0
51,51.01,4,2,0,0
12,53.05,6,1,1,0
34,26.59,5,0,2,0
41,92.85,6,8,1,0
28,67.39,5,2,0,0
29,97.93,4,92,1,1
34,66.23,6,44,0,0
1,54.27,5,44,2,0
55,65.05,5,5,1,0
2,30.78,3,29,1,0
35,96.14,7,4,2,0
52,61.14,2,3,2,0
9,46.36,3,8,1,0
5,65.06,4,3,0,0
54,58.88,4,76,2,1
5,44.62,2,21,4,0
45,59.38,5,8,0,0
30,67.01,9,9,2,1
7,73.58,6,15,0,0
29,50.35,3,2,1,0
6,40.05,4,9,0,0
30,68.37,8,65,0,0
33,53.03,8,29,1,0
59,38.93,4,17,0,0
6,65.08,7,15,0,0
36,71.18,3,51,0,1
54,33.38,5,4,1,0
48,33.24,5,2,0,0
19,87.41,3,16,1,0
7,63.34,6,17,0,0
57,18.27,5,19,1,0
1,54.97,5,15,1,1
2,97.75,2,67,0,0
14,61.18,3,25,0,0
3,42.43,4,1,0,0
11,97.84,5,36,0,0
22,157.01,6,83,0,1
55,53.37,4,40,0,0
44,32.16,9,4,1,0
52,76.32,6,20,0,0
43,36.23,3,110,1,1
15,62.99,2,20,1,0
24,68.16,2,76,0,0
49,52.31,4,10,0,0
7,70.75,4,32,3,1
8,30.93,5,39,0,0
49,74.39,4,2,0,0
40,30.23,4,10,1,0
31,43.75,3,3,0,0
26,38.87,3,5,0,0
43,34.29,2,3,1,0
22,74.18,3,8,0,0
35,108.94,4,12,0,0
2,110.63,5,3,1,0
56,75.31,2,12,1,0
26,33.86,5,90,0,1
14,89.0,4,15,0,0
12,58.4,4,9,0,1
18,160.64,3,6,1,0
11,52.36,4,5,1,0
43,40.9,8,9,0,0
41,56.27,6,3,1,0
26,55.77,3,3,1,0
57,42.59,4,22,1,0
34,28.77,5,92,0,0
21,132.67,7,7,1,0
14,41.81,11,12,1,0
9,28.93,6,6,2,0
4,55.93,3,8,2,0
13,28.19,4,17,2,0
33,51.8,5,25,0,0
56,57.51,2,28,1,0
25,36.08,5,74,0,0
25,41.65,6,20,1,1
27,67.52,6,26,0,0
24,35.15,5,18,1,0
23,35.66,8,10,0,0
38,75.78,4,60,1,1
10,36.63,5,9,0,0
60,34.59,5,28,0,0
24,69.45,6,8,0,0
19,50.13,4,11,0,0
33,64.16,7,6,0,0
53,55.65,3,12,1,0
21,57.58,8,16,0,1
16,43.37,2,3,0,0
6,51.43,6,19,0,0
32,81.97,4,54,0,0
45,49.52,6,9,0,0
36,33.03,4,26,0,1
52,31.7,5,2,1,0
19,44.06,6,1,0,0
54,131.14,5,27,2,0
39,60.76,4,20,1,0
17,33.9,7,30,0,0
51,47.93,3,3,2,0
29,30.65,4,61,0,0
31,42.3,4,16,0,0
42,38.05,5,60,2,0
47,42.26,5,13,0,0
46,57.18,4,12,0,0
30,67.5,2,19,1,1
42,106.58,2,9,0,0
20,58.82,5,4,0,0
27,44.85,6,45,0,0
55,24.06,5,16,1,0
48,36.29,7,0,1,0
23,66.66,5,14,0,0
6,48.34,7,24,2,0
60,37.46,4,14,0,0
34,69.8,4,10,0,0
26,55.12,2,15,0,0
56,34.41,6,6,1,0
11,97.09,5,18,0,0
13,54.18,6,16,0,0
37,42.88,7,3,0,0
26,60.4,10,35,0,0
9,72.83,6,31,0,0
28,62.4,6,3,0,0
16,100.27,5,10,0,0
50,40.68,1,18,0,0
11,44.99,6,19,1,0
21,97.11,9,3,1,0
43,39.41,3,31,0,0
18,40.61,6,20,0,0
47,29.82,7,2,0,0
31,38.83,7,24,0,0
8,33.96,8,14,0,0
55,37.13,2,54,0,1
46,59.69,3,10,1,0
26,36.12,5,15,0,0
13,43.43,6,37,0,1
33,34.53,6,0,0,0
6,43.64,3,20,1,0
12,68.97,3,2,1,0
27,67.9,3,1,1,0
24,40.11,2,4,0,0
6,85.32,6,2,1,0
35,110.48,5,10,0,0
55,78.97,6,18,1,0
15,30.38,3,14,0,0
58,39.47,5,8,0,0
53,79.29,6,21,1,1
12,77.29,2,9,1,0
57,48.21,7,2,1,0
42,128.89,5,1,1,0
26,78.17,8,0,0,0
14,33.25,5,17,1,0
55,89.26,7,15,0,0
12,46.12,2,45,0,0
50,71.43,5,6,1,0
47,68.32,3,12,1,0
26,40.0,5,19,0,0
59,75.65,6,12,0,0
48,70.98,6,19,0,1
21,51.43,5,9,0,0
36,86.02,2,31,0,0
48,73.19,6,2,1,0
10,135.1,6,23,0,0
14,92.35,8,30,2,0
1,47.84,8,29,0,0
11,63.47,3,41,0,0
55,52.69,5,14,0,0
59,92.4,4,56,0,0
45,94.77,6,19,0,0
14,24.97,5,8,0,0
49,55.05,7,13,1,1
31,87.72,8,7,0,0
39,70.37,3,38,1,0
39,43.96,3,10,0,0
10,53.92,6,6,1,0
55,59.69,5,9,0,0
25,73.5,1,17,0,0
60,61.67,4,58,1,0
2,77.55,7,8,0,0
2,60.54,4,126,0,1
4,77.86,1,3,2,0
20,74.48,3,52,0,0
55,34.45,3,1,0,0
50,64.77,2,3,1,0
25,88.35,8,16,1,0
20,24.02,5,16,0,0
15,34.12,8,5,1,0
15,64.1,7,22,1,0
22,70.69,6,41,0,0
16,47.81,4,31,0,0
47,79.29,7,7,0,0
19,81.38,4,55,0,0
54,44.01,5,8,0,0
47,45.65,6,49,1,0
3,46.02,4,4,0,0
17,52.22,6,23,0,0
37,44.36,3,46,1,0
53,67.98,7,0,1,0
10,80.75,4,13,1,0
8,54.94,4,7,0,1
4,38.51,3,64,0,0
46,55.63,5,9,0,0
5,15.68,6,8,2,0
21,57.82,7,5,0,0
5,35.95,4,8,1,1
20,37.52,8,3,0,0
22,57.56,4,20,1,0
58,66.36,4,13,0,0
35,44.29,4,15,0,0
30,74.21,13,10,1,0
45,86.7,5,65,1,0
52,50.62,3,13,1,0
44,43.75,5,5,0,0
25,57.17,5,18,1,0
28,32.01,4,25,1,1
21,36.54,4,79,0,0
7,52.84,3,17,0,0
17,45.66,7,16,0,0
36,53.25,7,56,0,0
42,67.98,4,9,0,0
11,22.5,11,12,2,0
26,41.42,6,8,0,0
1,50.25,5,6,0,0
36,31.58,7,102,1,0
45,82.16,3,43,0,0
18,133.09,3,7,0,0
5,61.53,6,1,0,0
5,33.43,6,7,0,0
29,95.26,1,10,0,0
9,70.31,3,6,2,0
19,44.36,4,3,0,0
6,25.91,4,2,0,0
11,31.94,6,3,0,0
28,57.98,6,15,0,0
14,37.76,4,7,0,0
47,38.55,4,1,0,0
57,70.52,4,0,1,0
18,62.55,4,7,0,0
30,78.05,5,149,0,1
20,89.33,6,40,0,0
4,55.28,7,34,0,0
38,64.92,6,15,1,0
3,58.33,2,1,0,0
3,34.61,3,47,1,1
56,60.72,6,2,0,0
12,62.35,3,38,0,1
50,72.3,5,2,0,0
46,87.59,5,46,1,0
40,51.83,7,45,1,0
28,45.78,2,20,1,0
18,42.49,7,44,0,0
10,91.01,6,3,0,0
48,61.19,3,9,0,0
51,38.46,4,14,1,0
43,37.61,5,26,0,0
17,61.97,1,54,0,0
49,47.04,7,12,2,0
39,43.08,7,1,0,0
44,41.55,3,47,0,0
1,39.38,3,65,0,0
50,87.58,7,49,0,0
46,48.58,4,62,0,0
36,74.47,6,35,1,0
23,74.04,7,75,1,1
59,27.13,4,1,0,0
13,54.94,4,1,1,0
32,44.9,5,2,0,0
44,64.61,4,48,2,1
8,63.91,3,39,0,0
14,71.46,4,2,0,0
46,53.78,4,25,0,0
15,52.68,4,27,0,0
46,65.12,6,1,0,0
22,112.04,3,8,3,1
33,44.05,4,0,0,0
19,69.15,3,10,1,0
55,81.44,3,6,3,0
9,42.56,2,8,2,1
12,81.31,7,9,0,0
23,37.95,3,29,0,1
21,93.96,4,3,0,0
33,26.15,5,37,0,0
15,64.39,2,2,1,0
5,117.61,5,10,0,0
43,37.02,5,1,0,0
58,74.01,7,53,0,0
33,120.04,4,42,2,0
47,24.73,6,18,0,0
50,61.77,6,6,1,0
9,36.97,5,26,1,0
7,49.51,2,31,1,0
12,35.29,4,11,0,0
60,87.96,2,12,1,0
15,70.92,5,6,0,0
59,58.01,5,8,0,0
2,55.42,4,47,1,0
28,53.84,4,15,1,0
55,82.05,5,24,0,0
46,106.0,6,10,0,0
21,80.55,6,16,1,0
36,100.21,9,4,1,0
51,37.41,7,15,0,0
26,55.02,6,4,0,0
14,40.97,6,40,1,0
39,83.51,5,45,0,0
59,108.41,3,21,0,1
36,49.58,8,8,3,0
43,45.69,3,88,1,0
29,47.73,4,19,0,0
9,25.26,5,41,0,0
34,66.26,4,90,1,0
39,51.01,3,3,1,0
45,75.45,3,4,0,0
53,34.62,5,2,1,0
19,67.7,3,38,2,0
34,62.42,3,15,1,0
60,25.78,5,11,1,0
56,34.38,4,0,0,0
27,39.98,6,2,1,0
2,68.34,5,41,1,0
41,67.17,5,0,2,0
40,97.06,3,2,0,0
9,34.89,8,16,0,0
2,85.68,2,21,2,0
20,48.43,6,11,0,0
6,69.4,7,15,0,0
36,108.33,8,27,1,0
26,30.38,7,23,0,0
46,76.71,7,21,1,0
12,47.63,7,6,0,0
2,122.57,1,34,1,0
19,90.53,8,5,0,0
12,150.03,6,4,0,0
20,28.01,4,5,1,0
43,32.73,2,23,1,0
36,26.43,4,26,1,0
32,61.6,5,10,1,0
37,137.37,5,5,2,0
31,41.39,5,2,0,0
40,41.16,5,22,1,0
24,52.49,6,8,0,0
29,41.59,6,81,2,1
23,50.02,4,15,1,0
8,84.34,4,89,0,1
39,69.21,1,2,0,0
26,108.13,4,16,1,0
50,42.33,4,8,0,0
31,73.55,4,25,1,0
33,57.86,6,10,1,0
19,39.48,2,34,0,0
25,65.89,8,14,0,0
58,58.94,8,46,0,1
6,74.18,8,52,0,1
19,65.47,2,37,0,0
57,58.76,3,29,1,0
10,64.46,4,46,1,0
57,39.53,6,13,2,0
7,45.26,7,3,1,0
43,35.91,5,28,0,0
7,32.21,4,13,0,0
23,42.58,4,56,0,0
7,52.84,9,17,0,0
16,31.28,6,6,0,0
5,83.27,5,9,1,0
42,54.52,4,46,0,0
21,98.57,3,37,1,1
34,57.53,2,1,3,1
16,59.14,7,12,0,0
52,27.87,5,25,1,0
27,39.65,2,41,1,1
53,55.87,6,1,1,0
22,53.52,7,8,0,0
2,34.91,4,8,1,0
21,77.96,7,10,0,0
13,54.06,4,7,2,0
35,39.54,2,5,1,1
56,38.68,3,50,0,0
36,56.72,6,19,0,0
60,49.03,6,10,0,0
52,47.04,4,70,2,0
23,40.49,6,12,0,0
8,52.83,6,10,0,0
4,87.06,3,10,0,0
32,50.18,4,9,2,0
55,50.48,5,0,1,0
11,26.74,2,49,0,1
27,20.87,2,12,0,0
59,61.5,6,9,0,0
7,72.5,3,3,0,0
47,35.39,4,25,0,0
18,62.75,3,11,2,0
59,58.29,4,48,1,1
40,106.5,2,3,0,0
8,51.13,3,38,1,0
59,71.88,7,18,1,0
42,33.72,4,2,1,0
40,44.79,7,9,1,0
52,40.13,3,13,0,0
27,57.4,5,24,0,0
6,58.32,6,10,1,0
37,46.16,5,32,0,0
33,103.0,3,3,3,1
2,31.47,4,5,0,0
27,52.65,6,12,0,0
47,67.15,3,23,2,0
34,75.54,7,57,0,0
58,55.38,7,46,0,0
23,74.42,8,33,0,0
46,51.15,4,18,1,1
10,58.05,6,38,1,1
29,64.53,6,42,0,0
48,49.95,5,14,0,0
11,60.6,3,16,1,0
3,38.72,8,3,0,0
36,45.56,6,8,0,0
5,44.65,6,10,0,0
1,39.73,6,58,2,1
13,57.06,5,14,0,0
1,56.15,5,10,0,0
41,40.02,9,11,1,0
18,51.94,1,1,1,0
26,32.82,5,6,0,0
42,32.66,7,7,1,1
21,126.99,2,3,0,0
49,40.68,4,7,0,0
22,48.78,5,27,0,0
10,82.68,7,0,0,0
34,60.04,7,10,0,0
47,43.6,7,31,1,0
56,59.51,2,5,0,0
28,76.0,3,20,0,0
14,32.33,6,33,0,0
24,46.19,6,93,1,1
17,49.16,5,6,0,0
56,155.66,8,1,0,0
8,37.92,7,6,0,0
1,66.87,6,2,0,0
23,93.73,1,22,0,0
29,63.81,7,16,0,0
44,57.28,4,11,2,0
1,103.66,6,11,0,0
14,35.57,4,1,0,0
38,46.43,4,72,0,1
13,40.03,2,3,0,0
23,46.75,7,4,0,0
3,56.02,4,9,1,0
25,65.06,8,2,0,0
28,93.39,8,35,0,0
13,33.87,4,34,0,0
4,67.55,6,7,0,0
8,57.5,2,8,1,0
57,35.14,7,3,0,0
7,29.37,8,21,1,0
28,116.39,8,13,0,0
57,77.17,5,16,0,0
11,65.83,6,4,1,0
53,48.07,5,38,1,0
24,69.75,3,12,0,0
54,69.05,5,17,1,0
47,50.66,3,46,0,0
41,131.28,6,18,0,0
30,66.57,6,36,0,0
35,32.07,9,10,0,0
53,75.6,11,8,2,0
21,38.13,4,14,1,0
24,44.25,3,17,0,0
53,106.0,5,31,1,0
30,41.39,6,12,0,0
33,40.63,3,9,2,0
15,65.03,4,17,1,1
18,32.68,3,13,1,0
60,39.1,5,21,1,0
6,81.42,6,21,1,0
52,73.78,4,22,1,0
35,37.31,3,16,1,0
60,64.23,7,2,0,0
52,51.36,5,10,0,0
60,71.66,3,12,1,0
34,41.11,4,34,2,0
58,48.49,4,13,0,0
40,49.18,5,2,0,0
30,83.47,7,7,1,0
4,61.7,7,30,1,1
44,66.08,6,37,0,0
17,79.72,7,14,0,0
7,55.87,5,101,2,1
42,54.61,6,39,0,0
27,68.92,5,0,0,0
47,47.2,4,3,0,0
53,113.55,7,3,3,0
9,52.68,5,72,0,0
27,59.11,3,29,1,0
14,40.54,3,5,1,0
17,43.47,7,2,1,0
8,50.81,4,24,1,0
39,57.59,3,5,0,0
32,27.59,5,12,1,0
43,87.16,5,19,0,0
1,64.02,6,2,0,0
15,51.58,4,26,1,0
21,35.88,4,6,0,0
22,30.83,6,54,0,0
35,93.63,3,14,0,0
24,43.57,4,5,0,0
44,71.12,3,4,1,0
48,61.84,6,9,0,0
6,51.45,7,29,1,0
15,43.22,6,36,0,0
52,68.57,4,17,1,0
53,33.96,5,37,0,0
6,73.18,6,5,0,0
12,97.2,7,22,0,0
5,31.35,3,14,1,0
45,62.96,4,2,1,0
2,34.89,5,22,1,0
22,65.28,5,28,0,0
36,61.75,5,19,0,0
23,55.79,4,6,1,0
49,31.44,7,11,1,0
53,108.48,7,36,1,0
52,63.54,4,2,0,0
22,32.89,3,31,0,0
9,35.84,5,8,0,0
40,55.22,6,5,0,0
39,132.98,7,22,0,0
11,86.06,3,22,1,0
23,70.37,4,3,0,0
54,49.1,5,33,0,0
49,58.39,5,0,0,0
57,33.88,4,16,2,0
11,38.24,7,3,0,0
25,66.51,5,3,0,0
1,47.6,2,21,0,0
29,33.1,5,8,0,0
34,50.74,9,1,1,0
13,46.69,3,11,0,0
43,54.35,5,25,2,1
49,64.88,2,2,0,0
40,95.66,2,33,1,0
17,46.59,5,31,1,0
43,66.85,5,11,1,0
49,96.73,2,9,0,1
37,76.15,6,29,0,0
15,63.21,5,71,3,1
10,68.83,4,1,1,0
11,76.52,5,8,1,0
29,79.19,7,16,0,0
60,19.24,5,16,1,0
21,31.84,4,27,0,0
41,48.06,4,29,0,0
34,77.98,8,9,0,0
26,53.73,5,38,0,0
12,52.75,6,32,1,0
23,64.71,4,40,0,0
51,57.54,9,8,1,0
33,87.44,7,23,1,0
14,71.07,1,6,0,0
43,91.48,5,1,2,0
18,24.3,3,26,0,1
20,79.17,5,1,1,0
48,43.72,3,14,0,0
28,52.64,5,20,0,0
48,25.75,5,1,1,0
37,37.61,8,18,1,0
29,51.65,6,59,0,0
33,69.57,5,18,1,0
21,80.58,4,39,0,0
51,46.26,8,11,0,0
5,117.74,5,0,1,0
57,44.54,3,1,0,0
11,23.36,7,9,0,0
36,103.7,4,8,0,0
59,40.73,5,38,0,0
47,60.88,6,4,0,0
43,96.95,2,8,0,0
57,79.63,3,0,0,0
28,210.68,6,13,0,0
39,44.71,8,4,1,0
51,74.51,4,17,0,0
30,48.35,6,21,0,0
20,65.62,7,32,0,0
6,55.27,4,4,0,0
11,41.03,4,40,0,0
58,83.1,6,23,0,0
25,52.63,5,5,0,0
57,43.59,6,0,1,0
26,43.24,6,5,0,0
15,59.01,4,16,1,0
